data,papel,municipio,toneladas,documento,grupo
2026-03-06,destino,ALTEROSA,4.8,,prata
2026-03-06,destino,AMERICANA,23.1,,nanica
2026-03-06,destino,ARAGUARI,7.0,,prata
2026-03-06,destino,ARCOS,7.875,,prata
2026-03-06,destino,BARROSO,2.0,,nanica
2026-03-06,destino,BARROSO,6.0,,prata
2026-03-06,destino,BARUERI,9.98,,prata
2026-03-06,destino,BAURU,15.0,,nanica
2026-03-06,destino,BAURU,16.5,,prata
2026-03-06,destino,BELO HORIZONTE,19.0,,prata
2026-03-06,destino,BRASÍLIA,19.5,,nanica
2026-03-06,destino,BRASÍLIA,95.99,,prata
2026-03-06,destino,BRAZÓPOLIS,17.44,,prata
2026-03-06,destino,CAETANÓPOLIS,7.0,,outras
2026-03-06,destino,CAETANÓPOLIS,2.0,,prata
2026-03-06,destino,CAMPESTRE,1.1,,nanica
2026-03-06,destino,CAMPESTRE,1.0,,prata
2026-03-06,destino,CAMPINAS,136.215,,nanica
2026-03-06,destino,CAMPINAS,2.25,,outras
2026-03-06,destino,CAMPINAS,67.04,,prata
2026-03-06,destino,CAMPO GRANDE,44.04,,nanica
2026-03-06,destino,CAMPO GRANDE,8.04,,prata
2026-03-06,destino,CAMPOS DO JORDÃO,1.7,,nanica
2026-03-06,destino,CAMPOS DO JORDÃO,1.3,,prata
2026-03-06,destino,CARATINGA,6.0,,nanica
2026-03-06,destino,CARATINGA,6.0,,outras
2026-03-06,destino,CARATINGA,10.0,,prata
2026-03-06,destino,CATALÃO,0.112,,nanica
2026-03-06,destino,CATALÃO,0.292,,outras
2026-03-06,destino,CATALÃO,0.096,,prata
2026-03-06,destino,CHAPADÃO DO CÉU,0.018,,outras
2026-03-06,destino,CHAPADÃO DO SUL,0.09,,outras
2026-03-06,destino,CHAPADÃO DO SUL,0.19,,prata
2026-03-06,destino,CONTAGEM,195.1,,nanica
2026-03-06,destino,CONTAGEM,299.27,,prata
2026-03-06,destino,CUIABÁ,15.12,,nanica
2026-03-06,destino,CUIABÁ,2.52,,prata
2026-03-06,destino,CURITIBA,29.76,,nanica
2026-03-06,destino,CURVELO,30.5,,nanica
2026-03-06,destino,CURVELO,12.14,,prata
2026-03-06,destino,DIVINÓPOLIS,6.0,,prata
2026-03-06,destino,FRANCA,14.0,,nanica
2026-03-06,destino,GOIÂNIA,3.0,,outras
2026-03-06,destino,GOVERNADOR VALADARES,3.0,,nanica
2026-03-06,destino,GOVERNADOR VALADARES,3.0,,outras
2026-03-06,destino,GOVERNADOR VALADARES,3.0,,prata
2026-03-06,destino,GUARULHOS,13.5,,prata
2026-03-06,destino,INOCÊNCIA,0.076,,nanica
2026-03-06,destino,INOCÊNCIA,0.036,,outras
2026-03-06,destino,INOCÊNCIA,0.038,,prata
2026-03-06,destino,IPAMERI,0.064,,nanica
2026-03-06,destino,IPAMERI,0.216,,outras
2026-03-06,destino,IPAMERI,0.064,,prata
2026-03-06,destino,IPATINGA,8.0,,prata
2026-03-06,destino,IPUIÚNA,4.0,,prata
2026-03-06,destino,ITAJUBÁ,10.0,,prata
2026-03-06,destino,ITAPERUNA,0.5,,nanica
2026-03-06,destino,ITAPERUNA,0.5,,prata
2026-03-06,destino,ITARIRI,23.46,,nanica
2026-03-06,destino,ITARIRI,16.722,,prata
2026-03-06,destino,ITAÚNA,2.4,,nanica
2026-03-06,destino,ITUMBIARA,0.264,,nanica
2026-03-06,destino,ITUMBIARA,0.822,,outras
2026-03-06,destino,ITUMBIARA,0.98,,prata
2026-03-06,destino,JANAÚBA,17.5,,nanica
2026-03-06,destino,JANAÚBA,26.0,,prata
2026-03-06,destino,JARDINÓPOLIS,12.0,,nanica
2026-03-06,destino,JOÃO MONLEVADE,7.5,,nanica
2026-03-06,destino,JOÃO MONLEVADE,7.5,,prata
2026-03-06,destino,JUIZ DE FORA,12.0,,prata
2026-03-06,destino,JUNDIAÍ,19.6,,nanica
2026-03-06,destino,JUNDIAÍ,12.0,,prata
2026-03-06,destino,LORENA,1.5,,prata
2026-03-06,destino,LOUVEIRA,12.8,,nanica
2026-03-06,destino,MARINGÁ,16.9,,nanica
2026-03-06,destino,MARINGÁ,6.0,,prata
2026-03-06,destino,MATEUS LEME,5.44,,prata
2026-03-06,destino,MIRACATU,67.16,,nanica
2026-03-06,destino,MIRADOURO,0.25,,nanica
2026-03-06,destino,MIRADOURO,6.0,,prata
2026-03-06,destino,MONTES CLAROS,10.5,,nanica
2026-03-06,destino,MONTES CLAROS,3.0,,outras
2026-03-06,destino,MONTES CLAROS,36.78,,prata
2026-03-06,destino,NITERÓI,15.705,,prata
2026-03-06,destino,NOVA UNIÃO,11.25,,prata
2026-03-06,destino,OSASCO,37.7,,nanica
2026-03-06,destino,PARAIBUNA,27.012,,nanica
2026-03-06,destino,PARANAÍBA,0.038,,nanica
2026-03-06,destino,PARAOPEBA,120.0,,nanica
2026-03-06,destino,PARAOPEBA,75.0,,prata
2026-03-06,destino,PARAÍSO DAS ÁGUAS,0.095,,nanica
2026-03-06,destino,PARAÍSO DAS ÁGUAS,0.038,,outras
2026-03-06,destino,PATOS DE MINAS,0.95,,nanica
2026-03-06,destino,PATOS DE MINAS,22.8,,prata
2026-03-06,destino,PEDRALVA,12.1,,nanica
2026-03-06,destino,PETRÓPOLIS,0.5,,prata
2026-03-06,destino,PIAU,15.0,,nanica
2026-03-06,destino,PIEDADE DE CARATINGA,13.0,,prata
2026-03-06,destino,PINDAMONHANGABA,3.0,,prata
2026-03-06,destino,PIRACICABA,14.0,,nanica
2026-03-06,destino,PIRACICABA,6.4,,prata
2026-03-06,destino,PIRANGUÇU,7.8,,nanica
2026-03-06,destino,PIRANGUÇU,3.6,,prata
2026-03-06,destino,PONTA PORÃ,8.0,,nanica
2026-03-06,destino,PORTO SEGURO,2.0,,prata
2026-03-06,destino,QUIRINÓPOLIS,0.258,,nanica
2026-03-06,destino,QUIRINÓPOLIS,0.496,,outras
2026-03-06,destino,QUIRINÓPOLIS,0.377,,prata
2026-03-06,destino,RIBEIRÃO PRETO,132.38,,nanica
2026-03-06,destino,RIBEIRÃO PRETO,2.7,,outras
2026-03-06,destino,RIBEIRÃO PRETO,31.59,,prata
2026-03-06,destino,RIO DE JANEIRO,55.15,,nanica
2026-03-06,destino,RIO DE JANEIRO,4.11,,outras
2026-03-06,destino,RIO DE JANEIRO,431.396,,prata
2026-03-06,destino,RIO VERDE,0.179,,nanica
2026-03-06,destino,RIO VERDE,0.247,,outras
2026-03-06,destino,RIO VERDE,0.188,,prata
2026-03-06,destino,SANTO ANTÔNIO DO JARDIM,4.8,,prata
2026-03-06,destino,SUMARÉ,15.0,,nanica
2026-03-06,destino,SUZANO,8.0,,prata
2026-03-06,destino,SÃO BERNARDO DO CAMPO,13.5,,nanica
2026-03-06,destino,SÃO BERNARDO DO CAMPO,63.5,,prata
2026-03-06,destino,SÃO FRANCISCO,6.0,,prata
2026-03-06,destino,SÃO GONÇALO,6.0,,prata
2026-03-06,destino,SÃO JOSÉ DO RIO PRETO,77.0,,nanica
2026-03-06,destino,SÃO JOSÉ DOS CAMPOS,2.0,,prata
2026-03-06,destino,SÃO PAULO,133.312,,nanica
2026-03-06,destino,SÃO PAULO,119.12,,prata
2026-03-06,destino,TAUBATÉ,15.3,,prata
2026-03-06,destino,TRÊS RIOS,1.335,,nanica
2026-03-06,destino,TRÊS RIOS,0.045,,outras
2026-03-06,destino,TRÊS RIOS,1.5,,prata
2026-03-06,destino,UBERLÂNDIA,32.638,,prata
2026-03-06,destino,UNAÍ,0.6,,nanica
2026-03-06,destino,UNAÍ,3.75,,prata
2026-03-06,destino,VOLTA REDONDA,4.0,,prata
2026-03-06,destino,VÁRZEA PAULISTA,57.2,,nanica
2026-03-06,destino,VÁRZEA PAULISTA,13.5,,prata
2026-03-06,origem,ARAÇUAÍ,89.82,,prata
2026-03-06,origem,BRAZÓPOLIS,1.0,,nanica
2026-03-06,origem,BRAZÓPOLIS,5.9,,prata
2026-03-06,origem,CAETANÓPOLIS,7.0,,outras
2026-03-06,origem,CAETANÓPOLIS,2.0,,prata
2026-03-06,origem,CAMPESTRE,1.1,,nanica
2026-03-06,origem,CAMPESTRE,1.0,,prata
2026-03-06,origem,CAPITÃO ENÉAS,26.2,,nanica
2026-03-06,origem,CAPITÃO ENÉAS,72.1,,prata
2026-03-06,origem,CARANGOLA,21.0,,nanica
2026-03-06,origem,CARANGOLA,8.0,,prata
2026-03-06,origem,CENTRALINA,3.0,,outras
2026-03-06,origem,CLARO DOS POÇÕES,25.0,,prata
2026-03-06,origem,COLUNA,14.5,,prata
2026-03-06,origem,CORINTO,19.6,,nanica
2026-03-06,origem,CRISTINA,12.0,,prata
2026-03-06,origem,CURVELO,45.5,,nanica
2026-03-06,origem,CURVELO,20.14,,prata
2026-03-06,origem,CÁSSIA,10.0,,prata
2026-03-06,origem,DELFINÓPOLIS,333.37,,prata
2026-03-06,origem,DESTERRO DO MELO,2.0,,nanica
2026-03-06,origem,DESTERRO DO MELO,6.0,,prata
2026-03-06,origem,ESPÍRITO SANTO DO DOURADO,4.0,,prata
2026-03-06,origem,GONÇALVES,2.0,,prata
2026-03-06,origem,GOVERNADOR VALADARES,0.25,,nanica
2026-03-06,origem,GOVERNADOR VALADARES,6.0,,prata
2026-03-06,origem,INHAPIM,3.0,,nanica
2026-03-06,origem,INHAPIM,3.0,,outras
2026-03-06,origem,INHAPIM,3.0,,prata
2026-03-06,origem,ITACARAMBI,78.685,,nanica
2026-03-06,origem,ITACARAMBI,3.855,,outras
2026-03-06,origem,ITACARAMBI,36.15,,prata
2026-03-06,origem,JACINTO,2.0,,prata
2026-03-06,origem,JANAÚBA,14.0,,nanica
2026-03-06,origem,JANAÚBA,158.126,,prata
2026-03-06,origem,JAÍBA,748.295,,nanica
2026-03-06,origem,JAÍBA,4.95,,outras
2026-03-06,origem,JAÍBA,119.025,,prata
2026-03-06,origem,JEQUITIBÁ,5.0,,prata
2026-03-06,origem,JEQUITINHONHA,40.3,,prata
2026-03-06,origem,LASSANCE,38.412,,nanica
2026-03-06,origem,LASSANCE,87.33,,prata
2026-03-06,origem,MANGA,6.0,,nanica
2026-03-06,origem,MARILAC,15.0,,prata
2026-03-06,origem,MATIAS CARDOSO,84.04,,nanica
2026-03-06,origem,MATIAS CARDOSO,18.0,,prata
2026-03-06,origem,MONTES CLAROS,42.6,,nanica
2026-03-06,origem,MONTES CLAROS,90.58,,prata
2026-03-06,origem,NOVA PORTEIRINHA,7.0,,nanica
2026-03-06,origem,NOVA PORTEIRINHA,126.21,,prata
2026-03-06,origem,NOVA UNIÃO,105.0,,nanica
2026-03-06,origem,NOVA UNIÃO,15.0,,prata
2026-03-06,origem,PARAOPEBA,120.0,,nanica
2026-03-06,origem,PARAOPEBA,75.0,,prata
2026-03-06,origem,PEDRALVA,24.112,,nanica
2026-03-06,origem,PEDRAS DE MARIA DA CRUZ,4.5,,nanica
2026-03-06,origem,PEDRAS DE MARIA DA CRUZ,12.0,,prata
2026-03-06,origem,PIAU,15.0,,nanica
2026-03-06,origem,PIAU,3.3,,outras
2026-03-06,origem,PIAU,0.5,,prata
2026-03-06,origem,PIRANGUINHO,15.0,,nanica
2026-03-06,origem,PIRANGUÇU,9.0,,nanica
2026-03-06,origem,PIRANGUÇU,4.4,,prata
2026-03-06,origem,PIRAPORA,3.35,,nanica
2026-03-06,origem,PIRAPORA,122.485,,prata
2026-03-06,origem,PONTO DOS VOLANTES,8.0,,prata
2026-03-06,origem,PORTEIRINHA,16.0,,prata
2026-03-06,origem,SÃO FRANCISCO,0.6,,nanica
2026-03-06,origem,SÃO FRANCISCO,12.75,,prata
2026-03-06,origem,SÃO JOÃO BATISTA DO GLÓRIA,13.5,,nanica
2026-03-06,origem,UBAPORANGA,6.0,,nanica
2026-03-06,origem,UBAPORANGA,6.0,,outras
2026-03-06,origem,UBAPORANGA,10.0,,prata
2026-03-06,origem,UBERLÂNDIA,1.086,,nanica
2026-03-06,origem,UBERLÂNDIA,2.255,,outras
2026-03-06,origem,UBERLÂNDIA,1.933,,prata
2026-03-06,origem,UNAÍ,3.0,,prata
2026-03-06,origem,VERDELÂNDIA,44.0,,prata
2026-03-06,origem,VÁRZEA DA PALMA,23.5,,prata
2026-03-07,destino,BRASÍLIA,13.5,,prata
2026-03-07,destino,CAMPINAS,25.485,,nanica
2026-03-07,destino,CAMPINAS,15.8,,prata
2026-03-07,destino,CASSILÂNDIA,0.04,,outras
2026-03-07,destino,CASSILÂNDIA,0.09,,prata
2026-03-07,destino,CHAPADÃO DO CÉU,0.06,,nanica
2026-03-07,destino,CHAPADÃO DO CÉU,0.02,,outras
2026-03-07,destino,CHAPADÃO DO SUL,0.018,,outras
2026-03-07,destino,CHAPADÃO DO SUL,0.126,,prata
2026-03-07,destino,CONTAGEM,84.52,,nanica
2026-03-07,destino,CONTAGEM,109.84,,prata
2026-03-07,destino,INOCÊNCIA,0.84,,nanica
2026-03-07,destino,INOCÊNCIA,0.098,,outras
2026-03-07,destino,INOCÊNCIA,0.882,,prata
2026-03-07,destino,MONTES CLAROS,12.18,,nanica
2026-03-07,destino,PARANAÍBA,0.08,,outras
2026-03-07,destino,PARANAÍBA,0.036,,prata
2026-03-07,destino,PARAÍSO DAS ÁGUAS,0.06,,nanica
2026-03-07,destino,PARAÍSO DAS ÁGUAS,0.02,,outras
2026-03-07,destino,PARAÍSO DAS ÁGUAS,0.036,,prata
2026-03-07,destino,PONTA PORÃ,15.52,,nanica
2026-03-07,destino,RIBEIRÃO PRETO,14.4,,nanica
2026-03-07,destino,RIO DE JANEIRO,18.0,,nanica
2026-03-07,destino,RIO DE JANEIRO,26.0,,prata
2026-03-07,destino,SÃO JOSÉ DO RIO PRETO,12.0,,nanica
2026-03-07,destino,SÃO PAULO,21.0,,nanica
2026-03-07,destino,SÃO PAULO,11.2,,prata
2026-03-07,destino,TABOÃO DA SERRA,15.0,,nanica
2026-03-07,destino,TRÊS RIOS,6.0,,nanica
2026-03-07,destino,TRÊS RIOS,0.03,,outras
2026-03-07,destino,TRÊS RIOS,1.56,,prata
2026-03-07,destino,VITÓRIA DA CONQUISTA,0.33,,outras
2026-03-07,origem,BURITIZEIRO,13.5,,prata
2026-03-07,origem,CAPITÃO ENÉAS,11.2,,prata
2026-03-07,origem,CONTAGEM,10.5,,nanica
2026-03-07,origem,CONTAGEM,56.34,,prata
2026-03-07,origem,CORINTO,10.8,,nanica
2026-03-07,origem,CORINTO,10.8,,prata
2026-03-07,origem,ITACARAMBI,30.18,,nanica
2026-03-07,origem,JACINTO,18.0,,prata
2026-03-07,origem,JANAÚBA,18.0,,prata
2026-03-07,origem,JAÍBA,95.04,,nanica
2026-03-07,origem,JAÍBA,22.0,,prata
2026-03-07,origem,LASSANCE,50.085,,nanica
2026-03-07,origem,MATIAS CARDOSO,21.5,,nanica
2026-03-07,origem,MATIAS CARDOSO,10.0,,prata
2026-03-07,origem,UBERLÂNDIA,0.96,,nanica
2026-03-07,origem,UBERLÂNDIA,0.276,,outras
2026-03-07,origem,UBERLÂNDIA,1.17,,prata
2026-03-07,origem,VERDELÂNDIA,6.0,,nanica
2026-03-07,origem,VERDELÂNDIA,0.36,,outras
2026-03-07,origem,VERDELÂNDIA,18.06,,prata
2026-03-09,destino,ALMENARA,2.4,,prata
2026-03-09,destino,ANDRADAS,2.5,,nanica
2026-03-09,destino,ANDRADAS,2.5,,prata
2026-03-09,destino,APARECIDA DE GOIÂNIA,1.05,,outras
2026-03-09,destino,ARAÇATUBA,24.0,,nanica
2026-03-09,destino,BARBACENA,1.8,,nanica
2026-03-09,destino,BARBACENA,1.4,,prata
2026-03-09,destino,BARUERI,10.0,,nanica
2026-03-09,destino,BARUERI,4.0,,prata
2026-03-09,destino,BAURU,10.5,,prata
2026-03-09,destino,BRASÍLIA,1.05,,outras
2026-03-09,destino,BRASÍLIA,48.3,,prata
2026-03-09,destino,CAMPINAS,123.015,,nanica
2026-03-09,destino,CAMPINAS,1.5,,outras
2026-03-09,destino,CAMPINAS,45.645,,prata
2026-03-09,destino,CAMPO GRANDE,43.84,,nanica
2026-03-09,destino,CAMPO GRANDE,3.0,,prata
2026-03-09,destino,CARATINGA,17.0,,nanica
2026-03-09,destino,CARATINGA,7.0,,outras
2026-03-09,destino,CARATINGA,3.0,,prata
2026-03-09,destino,CARIACICA,7.5,,prata
2026-03-09,destino,CATALÃO,0.171,,nanica
2026-03-09,destino,CATALÃO,0.428,,outras
2026-03-09,destino,CATALÃO,0.3,,prata
2026-03-09,destino,CONTAGEM,195.07,,nanica
2026-03-09,destino,CONTAGEM,4.125,,outras
2026-03-09,destino,CONTAGEM,326.25,,prata
2026-03-09,destino,CUIABÁ,17.56,,nanica
2026-03-09,destino,CUIABÁ,19.24,,prata
2026-03-09,destino,CUMARI,0.054,,outras
2026-03-09,destino,CURITIBA,14.52,,nanica
2026-03-09,destino,CURVELO,16.25,,nanica
2026-03-09,destino,CURVELO,5.2,,prata
2026-03-09,destino,DOURADOS,23.52,,nanica
2026-03-09,destino,EXTREMA,3.5,,nanica
2026-03-09,destino,EXTREMA,10.0,,prata
2026-03-09,destino,FRANCA,9.6,,prata
2026-03-09,destino,GOIÂNIA,5.5,,outras
2026-03-09,destino,GUARULHOS,13.5,,nanica
2026-03-09,destino,GUARULHOS,9.639,,prata
2026-03-09,destino,ITAJUBÁ,7.0,,nanica
2026-03-09,destino,ITAJUBÁ,2.0,,prata
2026-03-09,destino,ITARIRI,13.95,,nanica
2026-03-09,destino,ITARIRI,15.0,,prata
2026-03-09,destino,JANAÚBA,24.0,,nanica
2026-03-09,destino,JANAÚBA,25.0,,prata
2026-03-09,destino,JUIZ DE FORA,2.0,,prata
2026-03-09,destino,LAMBARI,1.0,,prata
2026-03-09,destino,MARINGÁ,24.0,,nanica
2026-03-09,destino,MIRACATU,56.8,,nanica
2026-03-09,destino,MONTES CLAROS,1.5,,outras
2026-03-09,destino,MONTES CLAROS,39.7,,prata
2026-03-09,destino,NITERÓI,10.0,,prata
2026-03-09,destino,NOVA ERA,1.0,,nanica
2026-03-09,destino,NOVA ERA,0.6,,prata
2026-03-09,destino,OSASCO,52.614,,nanica
2026-03-09,destino,PARAIBUNA,7.7,,nanica
2026-03-09,destino,PARAOPEBA,15.0,,nanica
2026-03-09,destino,PARAOPEBA,15.0,,prata
2026-03-09,destino,PARÁ DE MINAS,5.0,,prata
2026-03-09,destino,PATOS DE MINAS,8.0,,prata
2026-03-09,destino,PEDRA AZUL,2.4,,prata
2026-03-09,destino,PIAU,15.0,,prata
2026-03-09,destino,PIRANGUÇU,30.0,,nanica
2026-03-09,destino,PIRANGUÇU,11.5,,prata
2026-03-09,destino,POUSO ALEGRE,4.305,,nanica
2026-03-09,destino,POUSO ALEGRE,0.975,,outras
2026-03-09,destino,POUSO ALEGRE,9.3,,prata
2026-03-09,destino,POÇOS DE CALDAS,2.5,,prata
2026-03-09,destino,QUIRINÓPOLIS,0.64,,nanica
2026-03-09,destino,QUIRINÓPOLIS,1.28,,prata
2026-03-09,destino,RESENDE,2.4,,nanica
2026-03-09,destino,RESENDE,2.0,,prata
2026-03-09,destino,RIBEIRÃO PRETO,52.33,,nanica
2026-03-09,destino,RIBEIRÃO PRETO,8.64,,prata
2026-03-09,destino,RIO DE JANEIRO,57.48,,nanica
2026-03-09,destino,RIO DE JANEIRO,291.406,,prata
2026-03-09,destino,SAPUCAÍ-MIRIM,4.0,,nanica
2026-03-09,destino,SAPUCAÍ-MIRIM,7.0,,prata
2026-03-09,destino,SEROPÉDICA,14.0,,prata
2026-03-09,destino,SOROCABA,9.6,,prata
2026-03-09,destino,SUMARÉ,8.4,,prata
2026-03-09,destino,SÃO BERNARDO DO CAMPO,27.0,,prata
2026-03-09,destino,SÃO CAETANO DO SUL,8.25,,nanica
2026-03-09,destino,SÃO CAETANO DO SUL,4.5,,prata
2026-03-09,destino,SÃO GONÇALO,8.0,,nanica
2026-03-09,destino,SÃO GONÇALO,10.0,,prata
2026-03-09,destino,SÃO JOSÉ DO RIO PRETO,11.195,,prata
2026-03-09,destino,SÃO JOSÉ DOS CAMPOS,10.8,,prata
2026-03-09,destino,SÃO JOÃO DA BOA VISTA,3.5,,nanica
2026-03-09,destino,SÃO JOÃO DA BOA VISTA,4.5,,prata
2026-03-09,destino,SÃO PAULO,77.939,,nanica
2026-03-09,destino,SÃO PAULO,0.72,,outras
2026-03-09,destino,SÃO PAULO,71.329,,prata
2026-03-09,destino,TABOÃO DA SERRA,1.5,,outras
2026-03-09,destino,TABOÃO DA SERRA,13.5,,prata
2026-03-09,destino,TAUBATÉ,6.0,,nanica
2026-03-09,destino,TAUBATÉ,20.8,,prata
2026-03-09,destino,TOCANTINS,4.5,,nanica
2026-03-09,destino,TOCANTINS,6.0,,prata
2026-03-09,destino,TRÊS RIOS,3.88,,nanica
2026-03-09,destino,TRÊS RIOS,0.055,,outras
2026-03-09,destino,TRÊS RIOS,9.11,,prata
2026-03-09,destino,UBERLÂNDIA,13.0,,nanica
2026-03-09,destino,UBERLÂNDIA,31.5,,outras
2026-03-09,destino,UBERLÂNDIA,45.78,,prata
2026-03-09,destino,UNAÍ,0.6,,nanica
2026-03-09,destino,UNAÍ,0.75,,prata
2026-03-09,destino,VITÓRIA DA CONQUISTA,0.36,,outras
2026-03-09,destino,VÁRZEA PAULISTA,40.5,,nanica
2026-03-09,destino,VÁRZEA PAULISTA,27.5,,prata
2026-03-09,origem,ANDRADAS,6.0,,nanica
2026-03-09,origem,ANDRADAS,17.9,,prata
2026-03-09,origem,ARAÇUAÍ,5.0,,nanica
2026-03-09,origem,ARAÇUAÍ,51.78,,prata
2026-03-09,origem,BRAZÓPOLIS,7.0,,nanica
2026-03-09,origem,BRAZÓPOLIS,2.0,,prata
2026-03-09,origem,CAMPINA VERDE,4.125,,outras
2026-03-09,origem,CANÁPOLIS,22.6,,outras
2026-03-09,origem,CAPITÃO ENÉAS,8.0,,nanica
2026-03-09,origem,CAPITÃO ENÉAS,19.0,,prata
2026-03-09,origem,CARANGOLA,1.0,,nanica
2026-03-09,origem,CARANGOLA,0.6,,prata
2026-03-09,origem,CONTAGEM,54.0,,nanica
2026-03-09,origem,CONTAGEM,49.0,,prata
2026-03-09,origem,CRISTINA,2.4,,nanica
2026-03-09,origem,CRISTINA,2.0,,prata
2026-03-09,origem,CURVELO,29.0,,nanica
2026-03-09,origem,CURVELO,1.0,,prata
2026-03-09,origem,DELFINÓPOLIS,162.839,,prata
2026-03-09,origem,ESPINOSA,20.0,,prata
2026-03-09,origem,FRANCISCO SÁ,3.0,,nanica
2026-03-09,origem,FRANCISCO SÁ,7.0,,prata
2026-03-09,origem,IMBÉ DE MINAS,4.0,,nanica
2026-03-09,origem,IMBÉ DE MINAS,7.0,,outras
2026-03-09,origem,IMBÉ DE MINAS,3.0,,prata
2026-03-09,origem,INDIANÓPOLIS,15.0,,prata
2026-03-09,origem,ITAJUBÁ,3.5,,nanica
2026-03-09,origem,ITAJUBÁ,10.0,,prata
2026-03-09,origem,ITINGA,18.0,,prata
2026-03-09,origem,JANAÚBA,101.3,,prata
2026-03-09,origem,JAÍBA,544.054,,nanica
2026-03-09,origem,JAÍBA,3.015,,outras
2026-03-09,origem,JAÍBA,140.599,,prata
2026-03-09,origem,JEQUITINHONHA,45.6,,prata
2026-03-09,origem,JUIZ DE FORA,0.1,,nanica
2026-03-09,origem,JUIZ DE FORA,0.04,,outras
2026-03-09,origem,LAMBARI,1.0,,prata
2026-03-09,origem,LASSANCE,33.6,,nanica
2026-03-09,origem,LASSANCE,52.8,,prata
2026-03-09,origem,MANGA,21.0,,nanica
2026-03-09,origem,MARILAC,4.5,,nanica
2026-03-09,origem,MARILAC,58.5,,prata
2026-03-09,origem,MATIAS CARDOSO,29.04,,nanica
2026-03-09,origem,MATIAS CARDOSO,13.0,,prata
2026-03-09,origem,MONTE ALEGRE DE MINAS,4.5,,outras
2026-03-09,origem,MONTES CLAROS,21.6,,nanica
2026-03-09,origem,MONTES CLAROS,87.64,,prata
2026-03-09,origem,NOVA PORTEIRINHA,11.2,,nanica
2026-03-09,origem,NOVA PORTEIRINHA,115.976,,prata
2026-03-09,origem,NOVA UNIÃO,97.75,,nanica
2026-03-09,origem,NOVA UNIÃO,22.25,,prata
2026-03-09,origem,PARAOPEBA,15.0,,nanica
2026-03-09,origem,PARAOPEBA,15.0,,prata
2026-03-09,origem,PEDRALVA,7.7,,nanica
2026-03-09,origem,PEDRAS DE MARIA DA CRUZ,21.0,,prata
2026-03-09,origem,PIAU,15.0,,prata
2026-03-09,origem,PIEDADE DE CARATINGA,13.0,,nanica
2026-03-09,origem,PIRANGUÇU,40.0,,nanica
2026-03-09,origem,PIRANGUÇU,24.0,,prata
2026-03-09,origem,PIRAPORA,68.24,,prata
2026-03-09,origem,POUSO ALEGRE,4.305,,nanica
2026-03-09,origem,POUSO ALEGRE,0.975,,outras
2026-03-09,origem,POUSO ALEGRE,9.3,,prata
2026-03-09,origem,SANTA BÁRBARA DO TUGÚRIO,1.8,,nanica
2026-03-09,origem,SANTA BÁRBARA DO TUGÚRIO,1.4,,prata
2026-03-09,origem,SÃO FRANCISCO,0.6,,nanica
2026-03-09,origem,SÃO FRANCISCO,30.75,,prata
2026-03-09,origem,SÃO JOSÉ DA VARGINHA,5.0,,prata
2026-03-09,origem,UBERLÂNDIA,0.811,,nanica
2026-03-09,origem,UBERLÂNDIA,12.482,,outras
2026-03-09,origem,UBERLÂNDIA,1.58,,prata
2026-03-09,origem,VERDELÂNDIA,56.674,,nanica
2026-03-09,origem,VERDELÂNDIA,2.58,,outras
2026-03-09,origem,VERDELÂNDIA,68.51,,prata
2026-03-10,destino,ANDRADAS,15.0,,prata
2026-03-10,destino,ARAÇATUBA,24.0,,nanica
2026-03-10,destino,ARAÇATUBA,8.4,,prata
2026-03-10,destino,ARCOS,9.45,,prata
2026-03-10,destino,BRASÍLIA,0.3,,nanica
2026-03-10,destino,BRASÍLIA,0.675,,outras
2026-03-10,destino,BRASÍLIA,15.525,,prata
2026-03-10,destino,BRAZÓPOLIS,11.4,,nanica
2026-03-10,destino,BRAZÓPOLIS,28.1,,prata
2026-03-10,destino,CAIEIRAS,12.0,,nanica
2026-03-10,destino,CAMBUQUIRA,1.0,,prata
2026-03-10,destino,CAMPANHA,3.0,,prata
2026-03-10,destino,CAMPINAS,66.465,,nanica
2026-03-10,destino,CAMPINAS,55.815,,prata
2026-03-10,destino,CAMPO GRANDE,80.96,,nanica
2026-03-10,destino,CAMPO GRANDE,6.24,,prata
2026-03-10,destino,CARANGOLA,13.0,,nanica
2026-03-10,destino,CARATINGA,39.0,,nanica
2026-03-10,destino,CARATINGA,4.0,,outras
2026-03-10,destino,CARATINGA,61.0,,prata
2026-03-10,destino,CATALÃO,0.112,,nanica
2026-03-10,destino,CATALÃO,0.292,,outras
2026-03-10,destino,CATALÃO,0.128,,prata
2026-03-10,destino,CAXAMBU,7.0,,prata
2026-03-10,destino,CONSELHEIRO LAFAIETE,6.0,,prata
2026-03-10,destino,CONTAGEM,157.66,,nanica
2026-03-10,destino,CONTAGEM,32.3,,outras
2026-03-10,destino,CONTAGEM,424.755,,prata
2026-03-10,destino,CORDISBURGO,12.0,,nanica
2026-03-10,destino,CORDISBURGO,3.0,,prata
2026-03-10,destino,DIADEMA,13.5,,prata
2026-03-10,destino,DIVINÓPOLIS,9.0,,prata
2026-03-10,destino,DOURADOS,21.0,,nanica
2026-03-10,destino,EMBU DAS ARTES,17.0,,nanica
2026-03-10,destino,FERVEDOURO,5.0,,nanica
2026-03-10,destino,FRANCA,14.0,,nanica
2026-03-10,destino,GOVERNADOR VALADARES,25.0,,prata
2026-03-10,destino,GUARANÉSIA,5.0,,prata
2026-03-10,destino,GUARULHOS,13.5,,nanica
2026-03-10,destino,IPAMERI,0.064,,nanica
2026-03-10,destino,IPAMERI,0.216,,outras
2026-03-10,destino,IPAMERI,0.064,,prata
2026-03-10,destino,ITAGUAÇU,6.0,,prata
2026-03-10,destino,ITAJUBÁ,0.3,,nanica
2026-03-10,destino,ITAMOGI,2.28,,nanica
2026-03-10,destino,ITAPERUNA,0.5,,nanica
2026-03-10,destino,ITAPERUNA,0.5,,prata
2026-03-10,destino,ITARIRI,15.0,,nanica
2026-03-10,destino,ITARIRI,11.0,,prata
2026-03-10,destino,ITUIUTABA,1.28,,outras
2026-03-10,destino,ITUIUTABA,9.9,,prata
2026-03-10,destino,ITUMBIARA,1.71,,outras
2026-03-10,destino,JACAREÍ,8.4,,prata
2026-03-10,destino,JANAÚBA,5.0,,nanica
2026-03-10,destino,JANAÚBA,1.0,,outras
2026-03-10,destino,JANAÚBA,0.9,,prata
2026-03-10,destino,JUNDIAÍ,16.8,,nanica
2026-03-10,destino,LONDRINA,8.1,,prata
2026-03-10,destino,MIRACATU,23.6,,nanica
2026-03-10,destino,MIRACATU,12.6,,prata
2026-03-10,destino,MONTES CLAROS,15.18,,nanica
2026-03-10,destino,MONTES CLAROS,14.5,,prata
2026-03-10,destino,NITERÓI,20.0,,prata
2026-03-10,destino,PARAIBUNA,9.6,,nanica
2026-03-10,destino,PIAU,18.5,,nanica
2026-03-10,destino,POUSO ALEGRE,5.0,,nanica
2026-03-10,destino,POUSO ALEGRE,25.0,,prata
2026-03-10,destino,POÇOS DE CALDAS,6.3,,prata
2026-03-10,destino,QUIRINÓPOLIS,0.08,,nanica
2026-03-10,destino,QUIRINÓPOLIS,0.162,,outras
2026-03-10,destino,QUIRINÓPOLIS,0.096,,prata
2026-03-10,destino,RIBEIRÃO PRETO,92.074,,nanica
2026-03-10,destino,RIBEIRÃO PRETO,30.012,,prata
2026-03-10,destino,RIO DE JANEIRO,51.81,,nanica
2026-03-10,destino,RIO DE JANEIRO,257.42,,prata
2026-03-10,destino,SANTA RITA DO SAPUCAÍ,8.0,,prata
2026-03-10,destino,SANTO ANDRÉ,13.8,,prata
2026-03-10,destino,SOROCABA,12.5,,nanica
2026-03-10,destino,SUZANO,11.52,,prata
2026-03-10,destino,SÃO BERNARDO DO CAMPO,27.0,,prata
2026-03-10,destino,SÃO JOSÉ DO RIO PRETO,12.0,,nanica
2026-03-10,destino,SÃO LOURENÇO,5.0,,prata
2026-03-10,destino,SÃO PAULO,34.175,,nanica
2026-03-10,destino,SÃO PAULO,3.51,,outras
2026-03-10,destino,SÃO PAULO,100.031,,prata
2026-03-10,destino,TABOÃO DA SERRA,12.0,,nanica
2026-03-10,destino,TRÊS CORAÇÕES,34.5,,prata
2026-03-10,destino,TRÊS RIOS,2.94,,nanica
2026-03-10,destino,TRÊS RIOS,1.485,,prata
2026-03-10,destino,UBERLÂNDIA,6.0,,nanica
2026-03-10,destino,UBERLÂNDIA,38.184,,prata
2026-03-10,destino,VARGINHA,15.0,,prata
2026-03-10,destino,VOLTA REDONDA,3.83,,nanica
2026-03-10,destino,VOLTA REDONDA,8.42,,prata
2026-03-10,destino,VOTORANTIM,13.28,,prata
2026-03-10,destino,VÁRZEA PAULISTA,13.5,,nanica
2026-03-10,origem,ANDRADAS,6.5,,prata
2026-03-10,origem,ARAÇUAÍ,64.41,,prata
2026-03-10,origem,BELO HORIZONTE,26.53,,nanica
2026-03-10,origem,BELO HORIZONTE,4.465,,outras
2026-03-10,origem,BELO HORIZONTE,60.54,,prata
2026-03-10,origem,BRAZÓPOLIS,5.0,,nanica
2026-03-10,origem,BRAZÓPOLIS,63.0,,prata
2026-03-10,origem,BUGRE,30.0,,nanica
2026-03-10,origem,BUGRE,30.0,,prata
2026-03-10,origem,CANÁPOLIS,2.72,,outras
2026-03-10,origem,CAPITÃO ENÉAS,15.0,,nanica
2026-03-10,origem,CAPITÃO ENÉAS,26.5,,prata
2026-03-10,origem,CARANGOLA,13.5,,nanica
2026-03-10,origem,CARANGOLA,0.5,,prata
2026-03-10,origem,CONGONHAL,9.6,,nanica
2026-03-10,origem,CONTAGEM,35.39,,nanica
2026-03-10,origem,CONTAGEM,15.405,,outras
2026-03-10,origem,CONTAGEM,172.515,,prata
2026-03-10,origem,CORDISBURGO,12.0,,nanica
2026-03-10,origem,CORDISBURGO,3.0,,prata
2026-03-10,origem,CORINTO,28.32,,nanica
2026-03-10,origem,CÁSSIA,21.38,,prata
2026-03-10,origem,DELFINÓPOLIS,5.4,,nanica
2026-03-10,origem,DELFINÓPOLIS,250.056,,prata
2026-03-10,origem,DOM CAVATI,30.0,,prata
2026-03-10,origem,FERVEDOURO,12.5,,nanica
2026-03-10,origem,FRANCISCO SÁ,10.0,,prata
2026-03-10,origem,IAPU,22.5,,nanica
2026-03-10,origem,IAPU,7.5,,outras
2026-03-10,origem,IMBÉ DE MINAS,8.0,,nanica
2026-03-10,origem,IMBÉ DE MINAS,2.0,,outras
2026-03-10,origem,INHAPIM,1.0,,nanica
2026-03-10,origem,INHAPIM,2.0,,outras
2026-03-10,origem,INHAPIM,1.0,,prata
2026-03-10,origem,ITACARAMBI,57.0,,nanica
2026-03-10,origem,ITAOBIM,6.0,,prata
2026-03-10,origem,JANAÚBA,39.41,,nanica
2026-03-10,origem,JANAÚBA,1.0,,outras
2026-03-10,origem,JANAÚBA,34.466,,prata
2026-03-10,origem,JAÍBA,341.334,,nanica
2026-03-10,origem,JAÍBA,8.44,,outras
2026-03-10,origem,JAÍBA,64.695,,prata
2026-03-10,origem,JEQUITINHONHA,10.8,,prata
2026-03-10,origem,JESUÂNIA,16.0,,prata
2026-03-10,origem,LAMBARI,6.0,,prata
2026-03-10,origem,LASSANCE,23.1,,nanica
2026-03-10,origem,LASSANCE,46.0,,prata
2026-03-10,origem,MARILAC,67.0,,prata
2026-03-10,origem,MATIAS CARDOSO,30.0,,nanica
2026-03-10,origem,MATIAS CARDOSO,17.44,,prata
2026-03-10,origem,MONTES CLAROS,71.66,,prata
2026-03-10,origem,NOVA PORTEIRINHA,116.565,,prata
2026-03-10,origem,PARAOPEBA,15.0,,nanica
2026-03-10,origem,PAULISTAS,14.8,,prata
2026-03-10,origem,PEDRALVA,5.83,,nanica
2026-03-10,origem,PEDRALVA,3.92,,prata
2026-03-10,origem,PEDRAS DE MARIA DA CRUZ,18.0,,prata
2026-03-10,origem,PIAU,24.0,,nanica
2026-03-10,origem,PIRANGUÇU,0.3,,nanica
2026-03-10,origem,PIRAPORA,45.4,,prata
2026-03-10,origem,SENHORA DOS REMÉDIOS,6.0,,prata
2026-03-10,origem,SIMONÉSIA,5.0,,nanica
2026-03-10,origem,SÃO FRANCISCO,15.0,,prata
2026-03-10,origem,SÃO JOAQUIM DE BICAS,15.0,,nanica
2026-03-10,origem,SÃO JOAQUIM DE BICAS,15.0,,prata
2026-03-10,origem,SÃO JOSÉ DO ALEGRE,7.0,,nanica
2026-03-10,origem,UBERLÂNDIA,0.256,,nanica
2026-03-10,origem,UBERLÂNDIA,0.94,,outras
2026-03-10,origem,UBERLÂNDIA,0.288,,prata
2026-03-10,origem,VERDELÂNDIA,52.16,,nanica
2026-03-10,origem,VERDELÂNDIA,0.675,,outras
2026-03-10,origem,VERDELÂNDIA,69.49,,prata
2026-03-11,destino,APARECIDA DE GOIÂNIA,15.0,,nanica
2026-03-11,destino,APARECIDA DE GOIÂNIA,4.0,,outras
2026-03-11,destino,BRASÍLIA,10.5,,nanica
2026-03-11,destino,BRASÍLIA,76.527,,prata
2026-03-11,destino,BURITI ALEGRE,0.012,,nanica
2026-03-11,destino,BURITI ALEGRE,0.176,,outras
2026-03-11,destino,BURITI ALEGRE,0.012,,prata
2026-03-11,destino,CACHOEIRA PAULISTA,0.8,,nanica
2026-03-11,destino,CACHOEIRA PAULISTA,0.8,,prata
2026-03-11,destino,CAMPINAS,63.375,,nanica
2026-03-11,destino,CAMPINAS,32.55,,prata
2026-03-11,destino,CAMPO GRANDE,98.78,,nanica
2026-03-11,destino,CAMPO GRANDE,16.04,,prata
2026-03-11,destino,CAPELINHA,9.6,,prata
2026-03-11,destino,CARATINGA,25.0,,nanica
2026-03-11,destino,CARATINGA,7.0,,outras
2026-03-11,destino,CARATINGA,20.0,,prata
2026-03-11,destino,CASSILÂNDIA,0.054,,outras
2026-03-11,destino,CASSILÂNDIA,0.126,,prata
2026-03-11,destino,CAXAMBU,5.0,,nanica
2026-03-11,destino,CAXAMBU,7.5,,prata
2026-03-11,destino,CHAPADÃO DO CÉU,0.06,,nanica
2026-03-11,destino,CHAPADÃO DO CÉU,0.054,,prata
2026-03-11,destino,CHAPADÃO DO SUL,0.08,,nanica
2026-03-11,destino,CHAPADÃO DO SUL,0.132,,outras
2026-03-11,destino,CHAPADÃO DO SUL,0.296,,prata
2026-03-11,destino,CHÁCARA,0.2,,nanica
2026-03-11,destino,CHÁCARA,1.8,,prata
2026-03-11,destino,CONTAGEM,128.0,,nanica
2026-03-11,destino,CONTAGEM,202.55,,prata
2026-03-11,destino,COSMÓPOLIS,4.75,,nanica
2026-03-11,destino,COSMÓPOLIS,5.65,,prata
2026-03-11,destino,CRISTINA,5.0,,prata
2026-03-11,destino,CURITIBA,14.52,,nanica
2026-03-11,destino,DOURADOS,19.7,,nanica
2026-03-11,destino,FARTURA,24.25,,nanica
2026-03-11,destino,FELIXLÂNDIA,0.5,,nanica
2026-03-11,destino,FELIXLÂNDIA,3.0,,prata
2026-03-11,destino,FERVEDOURO,7.6,,nanica
2026-03-11,destino,FRANCA,6.4,,prata
2026-03-11,destino,GOVERNADOR VALADARES,15.0,,prata
2026-03-11,destino,GUANHÃES,4.0,,nanica
2026-03-11,destino,GUANHÃES,11.0,,prata
2026-03-11,destino,GUARANÉSIA,10.0,,prata
2026-03-11,destino,INOCÊNCIA,0.676,,nanica
2026-03-11,destino,INOCÊNCIA,0.059,,outras
2026-03-11,destino,INOCÊNCIA,0.2,,prata
2026-03-11,destino,ITAJUBÁ,5.0,,nanica
2026-03-11,destino,ITAJUBÁ,12.5,,prata
2026-03-11,destino,ITARIRI,15.0,,nanica
2026-03-11,destino,ITARIRI,13.0,,prata
2026-03-11,destino,ITUMBIARA,0.02,,nanica
2026-03-11,destino,ITUMBIARA,0.147,,outras
2026-03-11,destino,ITUMBIARA,0.48,,prata
2026-03-11,destino,JANAÚBA,21.84,,prata
2026-03-11,destino,JARDINÓPOLIS,12.0,,nanica
2026-03-11,destino,JAÚ,22.65,,nanica
2026-03-11,destino,JUIZ DE FORA,5.0,,prata
2026-03-11,destino,LORENA,0.8,,nanica
2026-03-11,destino,LORENA,0.8,,prata
2026-03-11,destino,MARINGÁ,39.8,,nanica
2026-03-11,destino,MAUÁ,12.5,,nanica
2026-03-11,destino,MINEIROS DO TIETÊ,20.91,,nanica
2026-03-11,destino,MIRACATU,56.84,,nanica
2026-03-11,destino,MONTES CLAROS,3.0,,outras
2026-03-11,destino,MONTES CLAROS,92.088,,prata
2026-03-11,destino,NITERÓI,38.51,,prata
2026-03-11,destino,NOVA PORTEIRINHA,32.0,,prata
2026-03-11,destino,ORIZONA,0.012,,nanica
2026-03-11,destino,ORIZONA,0.176,,outras
2026-03-11,destino,ORIZONA,0.012,,prata
2026-03-11,destino,OSASCO,27.55,,nanica
2026-03-11,destino,OSASCO,13.5,,prata
2026-03-11,destino,PARAIBUNA,7.0,,nanica
2026-03-11,destino,PARANAÍBA,0.036,,outras
2026-03-11,destino,PARANAÍBA,0.019,,prata
2026-03-11,destino,PARAOPEBA,10.0,,nanica
2026-03-11,destino,PARAÍSO DAS ÁGUAS,0.155,,nanica
2026-03-11,destino,PARAÍSO DAS ÁGUAS,0.056,,outras
2026-03-11,destino,PARAÍSO DAS ÁGUAS,0.018,,prata
2026-03-11,destino,PATOS DE MINAS,3.0,,nanica
2026-03-11,destino,PATOS DE MINAS,7.0,,outras
2026-03-11,destino,PATOS DE MINAS,4.0,,prata
2026-03-11,destino,PEDRALVA,26.0,,nanica
2026-03-11,destino,PEDRALVA,27.0,,prata
2026-03-11,destino,PETRÓPOLIS,1.0,,prata
2026-03-11,destino,PIAU,35.0,,nanica
2026-03-11,destino,PIAU,10.0,,outras
2026-03-11,destino,PIAU,25.0,,prata
2026-03-11,destino,PONTA PORÃ,23.52,,nanica
2026-03-11,destino,QUIRINÓPOLIS,0.08,,nanica
2026-03-11,destino,QUIRINÓPOLIS,0.184,,outras
2026-03-11,destino,QUIRINÓPOLIS,0.28,,prata
2026-03-11,destino,RIBEIRÃO PRETO,44.84,,nanica
2026-03-11,destino,RIBEIRÃO PRETO,10.62,,prata
2026-03-11,destino,RIO DE JANEIRO,26.255,,nanica
2026-03-11,destino,RIO DE JANEIRO,137.148,,prata
2026-03-11,destino,RIO VERDE,0.08,,nanica
2026-03-11,destino,RIO VERDE,0.046,,outras
2026-03-11,destino,RIO VERDE,0.12,,prata
2026-03-11,destino,SANTO ANTÔNIO DO JARDIM,9.6,,nanica
2026-03-11,destino,SANTO ANTÔNIO DO JARDIM,16.5,,prata
2026-03-11,destino,SOROCABA,12.15,,nanica
2026-03-11,destino,SUMARÉ,15.0,,nanica
2026-03-11,destino,SUZANO,11.456,,prata
2026-03-11,destino,SÃO BENTO DO SAPUCAÍ,1.0,,nanica
2026-03-11,destino,SÃO BERNARDO DO CAMPO,43.5,,nanica
2026-03-11,destino,SÃO BERNARDO DO CAMPO,27.0,,prata
2026-03-11,destino,SÃO FRANCISCO,6.0,,nanica
2026-03-11,destino,SÃO JOSÉ DO RIO PRETO,30.0,,nanica
2026-03-11,destino,SÃO JOSÉ DO RIO PRETO,2.0,,prata
2026-03-11,destino,SÃO MATEUS,0.1,,prata
2026-03-11,destino,SÃO PAULO,40.3,,nanica
2026-03-11,destino,SÃO PAULO,32.99,,prata
2026-03-11,destino,TABOÃO DA SERRA,23.02,,prata
2026-03-11,destino,TRÊS RIOS,1.5,,nanica
2026-03-11,destino,TRÊS RIOS,1.785,,prata
2026-03-11,destino,UBERABA,5.0,,prata
2026-03-11,destino,UBERLÂNDIA,10.044,,nanica
2026-03-11,destino,UBERLÂNDIA,11.475,,outras
2026-03-11,destino,UBERLÂNDIA,14.5,,prata
2026-03-11,destino,VITÓRIA DA CONQUISTA,0.33,,outras
2026-03-11,destino,VOLTA REDONDA,10.8,,prata
2026-03-11,destino,VÁRZEA PAULISTA,27.0,,nanica
2026-03-11,origem,ANDRADAS,20.0,,prata
2026-03-11,origem,ARAÇUAÍ,76.16,,prata
2026-03-11,origem,BRAZÓPOLIS,8.6,,nanica
2026-03-11,origem,BRAZÓPOLIS,6.6,,prata
2026-03-11,origem,CANTAGALO,4.0,,nanica
2026-03-11,origem,CANTAGALO,11.0,,prata
2026-03-11,origem,CANÁPOLIS,10.0,,outras
2026-03-11,origem,CAPITÃO ENÉAS,42.45,,nanica
2026-03-11,origem,CAPITÃO ENÉAS,31.988,,prata
2026-03-11,origem,CARATINGA,7.0,,prata
2026-03-11,origem,CHÁCARA,0.2,,nanica
2026-03-11,origem,CHÁCARA,1.8,,prata
2026-03-11,origem,CORINTO,24.0,,prata
2026-03-11,origem,CRISTINA,10.0,,prata
2026-03-11,origem,CURVELO,15.5,,nanica
2026-03-11,origem,CURVELO,3.0,,prata
2026-03-11,origem,DELFINÓPOLIS,4.75,,nanica
2026-03-11,origem,DELFINÓPOLIS,134.633,,prata
2026-03-11,origem,ESPINOSA,20.0,,prata
2026-03-11,origem,FERVEDOURO,20.1,,nanica
2026-03-11,origem,GONÇALVES,1.0,,nanica
2026-03-11,origem,IAPU,15.0,,nanica
2026-03-11,origem,IAPU,7.0,,outras
2026-03-11,origem,IAPU,8.0,,prata
2026-03-11,origem,INDIANÓPOLIS,11.5,,prata
2026-03-11,origem,INIMUTABA,40.0,,nanica
2026-03-11,origem,INIMUTABA,20.0,,prata
2026-03-11,origem,IPATINGA,0.1,,prata
2026-03-11,origem,ITACARAMBI,6.0,,nanica
2026-03-11,origem,JANAÚBA,26.0,,nanica
2026-03-11,origem,JANAÚBA,53.0,,prata
2026-03-11,origem,JAÍBA,507.68,,nanica
2026-03-11,origem,JAÍBA,4.0,,outras
2026-03-11,origem,JAÍBA,146.59,,prata
2026-03-11,origem,LAGOA FORMOSA,3.0,,nanica
2026-03-11,origem,LAGOA FORMOSA,7.0,,outras
2026-03-11,origem,LAGOA FORMOSA,4.0,,prata
2026-03-11,origem,LASSANCE,7.5,,nanica
2026-03-11,origem,LASSANCE,61.22,,prata
2026-03-11,origem,MARILAC,13.5,,nanica
2026-03-11,origem,MARILAC,45.0,,prata
2026-03-11,origem,MATIAS CARDOSO,86.62,,nanica
2026-03-11,origem,MATIAS CARDOSO,22.0,,prata
2026-03-11,origem,MONTES CLAROS,59.988,,prata
2026-03-11,origem,NOVA PORTEIRINHA,7.5,,nanica
2026-03-11,origem,NOVA PORTEIRINHA,77.01,,prata
2026-03-11,origem,NOVA UNIÃO,45.0,,nanica
2026-03-11,origem,PARAOPEBA,10.0,,nanica
2026-03-11,origem,PEDRALVA,36.0,,nanica
2026-03-11,origem,PEDRALVA,42.0,,prata
2026-03-11,origem,PEDRAS DE MARIA DA CRUZ,10.5,,nanica
2026-03-11,origem,PEDRAS DE MARIA DA CRUZ,3.0,,prata
2026-03-11,origem,PIAU,35.0,,nanica
2026-03-11,origem,PIAU,10.0,,outras
2026-03-11,origem,PIAU,26.0,,prata
2026-03-11,origem,PIRAPORA,12.0,,prata
2026-03-11,origem,SÃO FRANCISCO,17.0,,prata
2026-03-11,origem,UBAPORANGA,10.0,,nanica
2026-03-11,origem,UBAPORANGA,5.0,,prata
2026-03-11,origem,UBERLÂNDIA,3.719,,nanica
2026-03-11,origem,UBERLÂNDIA,2.541,,outras
2026-03-11,origem,UBERLÂNDIA,4.617,,prata
2026-03-11,origem,VERDELÂNDIA,48.29,,nanica
2026-03-11,origem,VERDELÂNDIA,3.33,,outras
2026-03-11,origem,VERDELÂNDIA,34.985,,prata
2026-03-11,origem,VÁRZEA DA PALMA,5.0,,prata
2026-03-12,destino,ARAÇATUBA,24.0,,nanica
2026-03-12,destino,BARBACENA,11.5,,nanica
2026-03-12,destino,BARBACENA,18.5,,prata
2026-03-12,destino,BAURU,20.0,,nanica
2026-03-12,destino,BOTELHOS,9.0,,prata
2026-03-12,destino,BRASÍLIA,15.0,,nanica
2026-03-12,destino,BRASÍLIA,2.5,,outras
2026-03-12,destino,BRASÍLIA,15.0,,prata
2026-03-12,destino,CACHOEIRA PAULISTA,1.0,,prata
2026-03-12,destino,CAMPINAS,91.53,,nanica
2026-03-12,destino,CAMPINAS,42.0,,prata
2026-03-12,destino,CAMPO GRANDE,52.7,,nanica
2026-03-12,destino,CAMPO GRANDE,3.8,,prata
2026-03-12,destino,CARATINGA,5.0,,nanica
2026-03-12,destino,CARATINGA,10.0,,outras
2026-03-12,destino,CARIACICA,11.1,,prata
2026-03-12,destino,CATALÃO,0.16,,nanica
2026-03-12,destino,CATALÃO,0.254,,outras
2026-03-12,destino,CATALÃO,0.356,,prata
2026-03-12,destino,CONCEIÇÃO DAS PEDRAS,6.0,,prata
2026-03-12,destino,CONTAGEM,269.94,,nanica
2026-03-12,destino,CONTAGEM,18.315,,outras
2026-03-12,destino,CONTAGEM,510.747,,prata
2026-03-12,destino,CUMARI,0.09,,outras
2026-03-12,destino,DIVINÓPOLIS,22.2,,prata
2026-03-12,destino,DUQUE DE CAXIAS,8.0,,prata
2026-03-12,destino,FOZ DO IGUAÇU,11.172,,prata
2026-03-12,destino,FRANCA,21.0,,nanica
2026-03-12,destino,FRANCA,7.56,,prata
2026-03-12,destino,GOIÂNIA,2.5,,outras
2026-03-12,destino,GUARATINGUETÁ,1.75,,prata
2026-03-12,destino,GUARULHOS,13.5,,nanica
2026-03-12,destino,GUARULHOS,13.5,,prata
2026-03-12,destino,ITARIRI,28.9,,nanica
2026-03-12,destino,JALES,9.0,,nanica
2026-03-12,destino,JANAÚBA,35.76,,nanica
2026-03-12,destino,JANAÚBA,5.7,,prata
2026-03-12,destino,JUIZ DE FORA,4.5,,nanica
2026-03-12,destino,JUIZ DE FORA,6.0,,prata
2026-03-12,destino,JUNDIAÍ,26.6,,prata
2026-03-12,destino,LONDRINA,15.0,,nanica
2026-03-12,destino,LORENA,1.0,,nanica
2026-03-12,destino,LORENA,1.5,,prata
2026-03-12,destino,MARINGÁ,22.5,,nanica
2026-03-12,destino,MIRACATU,34.8,,nanica
2026-03-12,destino,MIRACATU,12.6,,prata
2026-03-12,destino,MONTES CLAROS,24.0,,prata
2026-03-12,destino,NITERÓI,22.0,,prata
2026-03-12,destino,OSASCO,32.81,,nanica
2026-03-12,destino,OSASCO,4.03,,outras
2026-03-12,destino,OSASCO,10.74,,prata
2026-03-12,destino,PARAIBUNA,16.47,,nanica
2026-03-12,destino,PARAOPEBA,15.0,,nanica
2026-03-12,destino,PARAÍBA DO SUL,0.1,,outras
2026-03-12,destino,PETRÓPOLIS,2.1,,prata
2026-03-12,destino,PIAU,16.0,,nanica
2026-03-12,destino,PIAU,10.0,,prata
2026-03-12,destino,PINDAMONHANGABA,1.0,,nanica
2026-03-12,destino,PINDAMONHANGABA,1.0,,prata
2026-03-12,destino,POTIM,1.5,,nanica
2026-03-12,destino,QUIRINÓPOLIS,0.64,,nanica
2026-03-12,destino,QUIRINÓPOLIS,0.72,,prata
2026-03-12,destino,RIBEIRÃO PRETO,111.737,,nanica
2026-03-12,destino,RIBEIRÃO PRETO,23.798,,prata
2026-03-12,destino,RIO DE JANEIRO,53.12,,nanica
2026-03-12,destino,RIO DE JANEIRO,216.98,,prata
2026-03-12,destino,SANTA BÁRBARA DO TUGÚRIO,6.0,,prata
2026-03-12,destino,SEROPÉDICA,12.0,,prata
2026-03-12,destino,SÃO BERNARDO DO CAMPO,27.34,,prata
2026-03-12,destino,SÃO GONÇALO,20.0,,prata
2026-03-12,destino,SÃO JOSÉ DO RIO PRETO,12.0,,nanica
2026-03-12,destino,SÃO PAULO,90.84,,nanica
2026-03-12,destino,SÃO PAULO,83.588,,prata
2026-03-12,destino,TABOÃO DA SERRA,13.8,,nanica
2026-03-12,destino,TABOÃO DA SERRA,15.0,,prata
2026-03-12,destino,TAUBATÉ,3.75,,nanica
2026-03-12,destino,TAUBATÉ,8.75,,prata
2026-03-12,destino,TOCANTINS,4.5,,nanica
2026-03-12,destino,TOCANTINS,3.0,,prata
2026-03-12,destino,TRÊS CORAÇÕES,11.85,,nanica
2026-03-12,destino,TRÊS CORAÇÕES,0.65,,outras
2026-03-12,destino,TRÊS CORAÇÕES,23.4,,prata
2026-03-12,destino,TRÊS RIOS,1.78,,nanica
2026-03-12,destino,TRÊS RIOS,0.365,,outras
2026-03-12,destino,TRÊS RIOS,2.055,,prata
2026-03-12,destino,UBERLÂNDIA,56.3,,nanica
2026-03-12,destino,UBERLÂNDIA,27.8,,outras
2026-03-12,destino,UBERLÂNDIA,83.0,,prata
2026-03-12,destino,VITÓRIA DA CONQUISTA,0.375,,outras
2026-03-12,destino,VOTORANTIM,11.52,,prata
2026-03-12,destino,VÁRZEA PAULISTA,22.5,,nanica
2026-03-12,destino,VÁRZEA PAULISTA,16.5,,prata
2026-03-12,origem,ARAÇUAÍ,16.92,,prata
2026-03-12,origem,BARBACENA,6.0,,prata
2026-03-12,origem,BOCAIÚVA,16.0,,prata
2026-03-12,origem,BRAZÓPOLIS,17.33,,nanica
2026-03-12,origem,BRAZÓPOLIS,14.0,,prata
2026-03-12,origem,CAMPINA VERDE,4.095,,outras
2026-03-12,origem,CANÁPOLIS,5.0,,outras
2026-03-12,origem,CAPITÃO ENÉAS,13.8,,nanica
2026-03-12,origem,CAPITÃO ENÉAS,21.0,,prata
2026-03-12,origem,CONCEIÇÃO DAS PEDRAS,12.0,,prata
2026-03-12,origem,CONTAGEM,192.44,,nanica
2026-03-12,origem,CONTAGEM,13.22,,outras
2026-03-12,origem,CONTAGEM,303.447,,prata
2026-03-12,origem,CURVELO,15.0,,nanica
2026-03-12,origem,CÁSSIA,11.52,,prata
2026-03-12,origem,DELFINÓPOLIS,173.028,,prata
2026-03-12,origem,ESPINOSA,20.0,,prata
2026-03-12,origem,FRANCISCO SÁ,15.0,,prata
2026-03-12,origem,IMBÉ DE MINAS,5.0,,nanica
2026-03-12,origem,IMBÉ DE MINAS,10.0,,outras
2026-03-12,origem,ITACARAMBI,77.0,,nanica
2026-03-12,origem,ITINGA,12.0,,prata
2026-03-12,origem,JANAÚBA,20.0,,nanica
2026-03-12,origem,JANAÚBA,114.34,,prata
2026-03-12,origem,JAÍBA,493.087,,nanica
2026-03-12,origem,JAÍBA,66.8,,prata
2026-03-12,origem,JEQUITINHONHA,30.0,,prata
2026-03-12,origem,JUIZ DE FORA,0.28,,nanica
2026-03-12,origem,JUIZ DE FORA,0.42,,outras
2026-03-12,origem,JUIZ DE FORA,0.4,,prata
2026-03-12,origem,LASSANCE,42.15,,nanica
2026-03-12,origem,LASSANCE,75.9,,prata
2026-03-12,origem,MANGA,22.5,,nanica
2026-03-12,origem,MARILAC,12.0,,nanica
2026-03-12,origem,MARILAC,21.6,,prata
2026-03-12,origem,MATIAS CARDOSO,11.76,,nanica
2026-03-12,origem,MATIAS CARDOSO,15.0,,prata
2026-03-12,origem,MONTES CLAROS,87.72,,prata
2026-03-12,origem,NOVA PORTEIRINHA,11.2,,nanica
2026-03-12,origem,NOVA PORTEIRINHA,78.48,,prata
2026-03-12,origem,NOVA UNIÃO,15.0,,nanica
2026-03-12,origem,PARAOPEBA,15.0,,nanica
2026-03-12,origem,PEQUI,4.0,,nanica
2026-03-12,origem,PEQUI,1.0,,outras
2026-03-12,origem,PEQUI,10.0,,prata
2026-03-12,origem,PIAU,16.0,,nanica
2026-03-12,origem,PIAU,11.7,,prata
2026-03-12,origem,PIRANGUÇU,6.39,,nanica
2026-03-12,origem,PIRAPORA,32.55,,prata
2026-03-12,origem,SANTA BÁRBARA DO TUGÚRIO,11.5,,nanica
2026-03-12,origem,SANTA BÁRBARA DO TUGÚRIO,12.5,,prata
2026-03-12,origem,SÃO JOÃO DA PONTE,7.0,,prata
2026-03-12,origem,TOCANTINS,4.5,,nanica
2026-03-12,origem,TOCANTINS,6.0,,prata
2026-03-12,origem,TRÊS CORAÇÕES,11.85,,nanica
2026-03-12,origem,TRÊS CORAÇÕES,0.65,,outras
2026-03-12,origem,TRÊS CORAÇÕES,23.4,,prata
2026-03-12,origem,UBERLÂNDIA,72.1,,nanica
2026-03-12,origem,UBERLÂNDIA,28.144,,outras
2026-03-12,origem,UBERLÂNDIA,86.276,,prata
2026-03-12,origem,VERDELÂNDIA,51.5,,nanica
2026-03-12,origem,VERDELÂNDIA,4.45,,outras
2026-03-12,origem,VERDELÂNDIA,51.295,,prata
2026-03-12,origem,VÁRZEA DA PALMA,5.7,,prata
2026-03-13,destino,ALPERCATA,10.0,,prata
2026-03-13,destino,AMERICANA,22.5,,nanica
2026-03-13,destino,AMERICANA,27.0,,prata
2026-03-13,destino,APARECIDA,10.0,,prata
2026-03-13,destino,BAURU,15.0,,nanica
2026-03-13,destino,BAURU,12.9,,prata
2026-03-13,destino,BELO HORIZONTE,3.75,,prata
2026-03-13,destino,BOTELHOS,1.5,,prata
2026-03-13,destino,BRASÍLIA,92.225,,prata
2026-03-13,destino,BRAZÓPOLIS,23.4,,prata
2026-03-13,destino,CAMPINAS,122.697,,nanica
2026-03-13,destino,CAMPINAS,1.35,,outras
2026-03-13,destino,CAMPINAS,97.88,,prata
2026-03-13,destino,CAMPO GRANDE,39.22,,nanica
2026-03-13,destino,CAMPO GRANDE,2.24,,prata
2026-03-13,destino,CAMPOS DO JORDÃO,0.5,,nanica
2026-03-13,destino,CAMPOS DO JORDÃO,0.5,,prata
2026-03-13,destino,CARATINGA,8.0,,outras
2026-03-13,destino,CARATINGA,3.0,,prata
2026-03-13,destino,CATALÃO,0.112,,nanica
2026-03-13,destino,CATALÃO,0.292,,outras
2026-03-13,destino,CATALÃO,0.128,,prata
2026-03-13,destino,CHAPADÃO DO SUL,0.072,,outras
2026-03-13,destino,CONTAGEM,166.255,,nanica
2026-03-13,destino,CONTAGEM,4.31,,outras
2026-03-13,destino,CONTAGEM,242.93,,prata
2026-03-13,destino,CORONEL PACHECO,3.75,,prata
2026-03-13,destino,COSTA RICA,0.038,,nanica
2026-03-13,destino,COSTA RICA,0.019,,outras
2026-03-13,destino,CUIABÁ,17.56,,nanica
2026-03-13,destino,CUIABÁ,3.36,,prata
2026-03-13,destino,CURITIBA,14.52,,nanica
2026-03-13,destino,FRANCA,28.08,,nanica
2026-03-13,destino,GOVERNADOR VALADARES,1.0,,nanica
2026-03-13,destino,GOVERNADOR VALADARES,14.0,,outras
2026-03-13,destino,GOVERNADOR VALADARES,4.2,,prata
2026-03-13,destino,GUARULHOS,13.5,,nanica
2026-03-13,destino,INOCÊNCIA,0.057,,nanica
2026-03-13,destino,INOCÊNCIA,0.018,,outras
2026-03-13,destino,INOCÊNCIA,0.038,,prata
2026-03-13,destino,IPAMERI,0.064,,nanica
2026-03-13,destino,IPAMERI,0.216,,outras
2026-03-13,destino,IPAMERI,0.064,,prata
2026-03-13,destino,ITAJUBÁ,9.0,,prata
2026-03-13,destino,ITAPERUNA,0.5,,nanica
2026-03-13,destino,ITAPERUNA,0.5,,prata
2026-03-13,destino,ITARIRI,23.46,,nanica
2026-03-13,destino,ITARIRI,18.816,,prata
2026-03-13,destino,ITUMBIARA,0.407,,nanica
2026-03-13,destino,ITUMBIARA,0.317,,outras
2026-03-13,destino,ITUMBIARA,0.642,,prata
2026-03-13,destino,JALES,8.0,,nanica
2026-03-13,destino,JALES,4.0,,prata
2026-03-13,destino,JANAÚBA,23.52,,nanica
2026-03-13,destino,JANAÚBA,35.0,,prata
2026-03-13,destino,JAÍBA,23.0,,nanica
2026-03-13,destino,JESUÂNIA,7.5,,prata
2026-03-13,destino,JUNDIAÍ,30.4,,prata
2026-03-13,destino,LAVRAS,0.1,,nanica
2026-03-13,destino,LAVRAS,3.0,,prata
2026-03-13,destino,MARINGÁ,37.54,,nanica
2026-03-13,destino,MARINGÁ,3.36,,prata
2026-03-13,destino,MATEUS LEME,5.44,,prata
2026-03-13,destino,MIRACATU,69.5,,nanica
2026-03-13,destino,MIRADOURO,9.0,,prata
2026-03-13,destino,MONTES CLAROS,31.005,,nanica
2026-03-13,destino,MONTES CLAROS,3.0,,outras
2026-03-13,destino,MONTES CLAROS,26.67,,prata
2026-03-13,destino,NITERÓI,22.0,,prata
2026-03-13,destino,NOVA PORTEIRINHA,12.0,,prata
2026-03-13,destino,NOVA UNIÃO,6.75,,prata
2026-03-13,destino,OSASCO,13.34,,prata
2026-03-13,destino,PARAIBUNA,12.012,,nanica
2026-03-13,destino,PARANAÍBA,0.038,,nanica
2026-03-13,destino,PARAOPEBA,59.0,,nanica
2026-03-13,destino,PARAOPEBA,1.0,,prata
2026-03-13,destino,PARAÍSO DAS ÁGUAS,0.1,,nanica
2026-03-13,destino,PARAÍSO DAS ÁGUAS,0.019,,outras
2026-03-13,destino,PATOS DE MINAS,16.0,,prata
2026-03-13,destino,PEDRALVA,13.2,,nanica
2026-03-13,destino,PEDRALVA,1.0,,prata
2026-03-13,destino,PETRÓPOLIS,0.5,,prata
2026-03-13,destino,PIAU,10.0,,nanica
2026-03-13,destino,PIAU,1.9,,prata
2026-03-13,destino,PIEDADE DE CARATINGA,11.0,,prata
2026-03-13,destino,PINDAMONHANGABA,3.0,,prata
2026-03-13,destino,PIRACICABA,13.5,,prata
2026-03-13,destino,PONTA PORÃ,18.0,,nanica
2026-03-13,destino,PORTO SEGURO,2.0,,prata
2026-03-13,destino,POUSO ALEGRE,4.335,,nanica
2026-03-13,destino,POUSO ALEGRE,0.945,,outras
2026-03-13,destino,POUSO ALEGRE,8.835,,prata
2026-03-13,destino,POÇOS DE CALDAS,6.3,,prata
2026-03-13,destino,QUIRINÓPOLIS,0.398,,nanica
2026-03-13,destino,QUIRINÓPOLIS,0.25,,outras
2026-03-13,destino,QUIRINÓPOLIS,0.358,,prata
2026-03-13,destino,RIBEIRÃO PRETO,131.83,,nanica
2026-03-13,destino,RIBEIRÃO PRETO,20.706,,prata
2026-03-13,destino,RIO DE JANEIRO,35.68,,nanica
2026-03-13,destino,RIO DE JANEIRO,7.76,,outras
2026-03-13,destino,RIO DE JANEIRO,448.66,,prata
2026-03-13,destino,RIO VERDE,0.119,,nanica
2026-03-13,destino,RIO VERDE,0.077,,outras
2026-03-13,destino,RIO VERDE,0.18,,prata
2026-03-13,destino,SANTANA DE PIRAPAMA,10.0,,prata
2026-03-13,destino,SANTO ANTÔNIO DO JARDIM,4.8,,prata
2026-03-13,destino,SEROPÉDICA,20.0,,prata
2026-03-13,destino,SILVIANÓPOLIS,4.32,,prata
2026-03-13,destino,SOROCABA,9.36,,nanica
2026-03-13,destino,SOROCABA,17.646,,prata
2026-03-13,destino,SÃO BERNARDO DO CAMPO,59.21,,prata
2026-03-13,destino,SÃO CAETANO DO SUL,8.25,,nanica
2026-03-13,destino,SÃO CAETANO DO SUL,4.5,,prata
2026-03-13,destino,SÃO GONÇALO,6.0,,prata
2026-03-13,destino,SÃO JOSÉ DO RIO PRETO,63.0,,nanica
2026-03-13,destino,SÃO PAULO,97.425,,nanica
2026-03-13,destino,SÃO PAULO,2.475,,outras
2026-03-13,destino,SÃO PAULO,134.775,,prata
2026-03-13,destino,TAUBATÉ,11.16,,nanica
2026-03-13,destino,TAUBATÉ,14.94,,prata
2026-03-13,destino,TRÊS RIOS,0.9,,nanica
2026-03-13,destino,TRÊS RIOS,0.015,,outras
2026-03-13,destino,TRÊS RIOS,1.5,,prata
2026-03-13,destino,UBERLÂNDIA,53.2,,nanica
2026-03-13,destino,UBERLÂNDIA,58.76,,outras
2026-03-13,destino,UBERLÂNDIA,121.62,,prata
2026-03-13,destino,UBÁ,2.5,,nanica
2026-03-13,destino,UBÁ,2.5,,outras
2026-03-13,destino,UNAÍ,0.6,,nanica
2026-03-13,destino,UNAÍ,0.75,,prata
2026-03-13,destino,VÁRZEA PAULISTA,34.0,,nanica
2026-03-13,destino,VÁRZEA PAULISTA,13.5,,prata
2026-03-13,origem,ANDRADAS,7.8,,prata
2026-03-13,origem,ARAÇUAÍ,5.0,,nanica
2026-03-13,origem,ARAÇUAÍ,76.84,,prata
2026-03-13,origem,BRAZÓPOLIS,1.1,,nanica
2026-03-13,origem,BRAZÓPOLIS,4.4,,prata
2026-03-13,origem,CAPITÃO ENÉAS,34.6,,prata
2026-03-13,origem,CARANGOLA,13.5,,nanica
2026-03-13,origem,CARANGOLA,0.5,,prata
2026-03-13,origem,CLARO DOS POÇÕES,3.0,,outras
2026-03-13,origem,CONCEIÇÃO DAS PEDRAS,7.7,,nanica
2026-03-13,origem,CONTAGEM,8.85,,nanica
2026-03-13,origem,CONTAGEM,1.11,,outras
2026-03-13,origem,CONTAGEM,13.11,,prata
2026-03-13,origem,CORINTO,20.52,,nanica
2026-03-13,origem,CORINTO,19.225,,prata
2026-03-13,origem,CURVELO,15.0,,nanica
2026-03-13,origem,CÁSSIA,67.36,,prata
2026-03-13,origem,DELFINÓPOLIS,272.962,,prata
2026-03-13,origem,ESPINOSA,30.0,,prata
2026-03-13,origem,FRANCISCO SÁ,22.36,,nanica
2026-03-13,origem,FRANCISCO SÁ,2.0,,outras
2026-03-13,origem,FRANCISCO SÁ,10.0,,prata
2026-03-13,origem,INHAPIM,1.0,,nanica
2026-03-13,origem,INHAPIM,18.0,,outras
2026-03-13,origem,ITACARAMBI,69.6,,nanica
2026-03-13,origem,ITACARAMBI,6.72,,prata
2026-03-13,origem,ITAOBIM,12.0,,prata
2026-03-13,origem,ITINGA,27.0,,prata
2026-03-13,origem,JACINTO,2.0,,prata
2026-03-13,origem,JANAÚBA,49.1,,nanica
2026-03-13,origem,JANAÚBA,193.5,,prata
2026-03-13,origem,JAÍBA,632.847,,nanica
2026-03-13,origem,JAÍBA,3.825,,outras
2026-03-13,origem,JAÍBA,138.57,,prata
2026-03-13,origem,JEQUITINHONHA,21.6,,prata
2026-03-13,origem,LASSANCE,27.8,,nanica
2026-03-13,origem,LASSANCE,60.1,,prata
2026-03-13,origem,LAVRAS,0.1,,nanica
2026-03-13,origem,LAVRAS,3.0,,prata
2026-03-13,origem,MANGA,15.12,,nanica
2026-03-13,origem,MANHUAÇU,4.0,,outras
2026-03-13,origem,MANHUAÇU,3.0,,prata
2026-03-13,origem,MARILAC,33.0,,prata
2026-03-13,origem,MATIAS CARDOSO,40.0,,prata
2026-03-13,origem,MONTES CLAROS,41.61,,nanica
2026-03-13,origem,MONTES CLAROS,44.98,,prata
2026-03-13,origem,NOVA PORTEIRINHA,37.425,,nanica
2026-03-13,origem,NOVA PORTEIRINHA,182.951,,prata
2026-03-13,origem,NOVA UNIÃO,75.0,,nanica
2026-03-13,origem,PARAOPEBA,59.0,,nanica
2026-03-13,origem,PARAOPEBA,1.0,,prata
2026-03-13,origem,PAULISTAS,3.3,,nanica
2026-03-13,origem,PAULISTAS,11.1,,prata
2026-03-13,origem,PEDRALVA,17.512,,nanica
2026-03-13,origem,PEDRALVA,1.0,,prata
2026-03-13,origem,PEDRAS DE MARIA DA CRUZ,12.0,,prata
2026-03-13,origem,PIAU,12.5,,nanica
2026-03-13,origem,PIAU,6.7,,outras
2026-03-13,origem,PIAU,2.4,,prata
2026-03-13,origem,PIRANGUÇU,10.0,,prata
2026-03-13,origem,PIRAPORA,90.755,,prata
2026-03-13,origem,PONTO DOS VOLANTES,9.0,,prata
2026-03-13,origem,PORTEIRINHA,11.5,,prata
2026-03-13,origem,POUSO ALEGRE,4.335,,nanica
2026-03-13,origem,POUSO ALEGRE,0.945,,outras
2026-03-13,origem,POUSO ALEGRE,8.835,,prata
2026-03-13,origem,SANTANA DE PIRAPAMA,10.0,,prata
2026-03-13,origem,SÃO FRANCISCO,0.6,,nanica
2026-03-13,origem,SÃO FRANCISCO,25.8,,prata
2026-03-13,origem,SÃO JOÃO DA PONTE,7.0,,prata
2026-03-13,origem,TOCANTINS,0.5,,nanica
2026-03-13,origem,TOCANTINS,3.2,,outras
2026-03-13,origem,TOCANTINS,2.0,,prata
2026-03-13,origem,UBERLÂNDIA,54.533,,nanica
2026-03-13,origem,UBERLÂNDIA,60.04,,outras
2026-03-13,origem,UBERLÂNDIA,82.17,,prata
2026-03-13,origem,VERDELÂNDIA,27.33,,nanica
2026-03-13,origem,VERDELÂNDIA,1.575,,outras
2026-03-13,origem,VERDELÂNDIA,93.655,,prata
2026-03-13,origem,VÁRZEA DA PALMA,11.35,,prata
2026-03-14,destino,CAMPINAS,22.0,,nanica
2026-03-14,destino,CASSILÂNDIA,0.054,,prata
2026-03-14,destino,CHAPADÃO DO CÉU,0.06,,nanica
2026-03-14,destino,CHAPADÃO DO CÉU,0.036,,prata
2026-03-14,destino,CHAPADÃO DO SUL,0.076,,outras
2026-03-14,destino,CHAPADÃO DO SUL,0.126,,prata
2026-03-14,destino,CONTAGEM,30.0,,nanica
2026-03-14,destino,CONTAGEM,81.8,,prata
2026-03-14,destino,FRANCA,14.0,,nanica
2026-03-14,destino,INOCÊNCIA,0.8,,nanica
2026-03-14,destino,INOCÊNCIA,0.04,,outras
2026-03-14,destino,INOCÊNCIA,0.18,,prata
2026-03-14,destino,ITARIRI,15.0,,prata
2026-03-14,destino,JUIZ DE FORA,10.0,,prata
2026-03-14,destino,MONTES CLAROS,12.18,,nanica
2026-03-14,destino,MONTES CLAROS,9.0,,prata
2026-03-14,destino,OSASCO,13.5,,nanica
2026-03-14,destino,PARANAÍBA,0.1,,outras
2026-03-14,destino,PARANAÍBA,0.09,,prata
2026-03-14,destino,PARAÍSO DAS ÁGUAS,0.08,,nanica
2026-03-14,destino,PARAÍSO DAS ÁGUAS,0.018,,outras
2026-03-14,destino,PARAÍSO DAS ÁGUAS,0.018,,prata
2026-03-14,destino,PONTA PORÃ,23.52,,nanica
2026-03-14,destino,RIBEIRÃO PRETO,13.5,,nanica
2026-03-14,destino,RIBEIRÃO PRETO,11.136,,prata
2026-03-14,destino,RIO DE JANEIRO,32.0,,nanica
2026-03-14,destino,RIO DE JANEIRO,49.0,,prata
2026-03-14,destino,SEROPÉDICA,7.0,,prata
2026-03-14,destino,SÃO BERNARDO DO CAMPO,13.5,,nanica
2026-03-14,destino,SÃO FRANCISCO,6.0,,prata
2026-03-14,destino,SÃO PAULO,42.6,,nanica
2026-03-14,destino,TRÊS RIOS,1.14,,nanica
2026-03-14,destino,TRÊS RIOS,0.03,,outras
2026-03-14,destino,TRÊS RIOS,5.82,,prata
2026-03-14,destino,UBERLÂNDIA,3.0,,nanica
2026-03-14,destino,UBERLÂNDIA,9.9,,prata
2026-03-14,destino,VITÓRIA DA CONQUISTA,0.375,,outras
2026-03-14,origem,CAPITÃO ENÉAS,5.0,,nanica
2026-03-14,origem,CORINTO,15.0,,nanica
2026-03-14,origem,ITACARAMBI,59.18,,nanica
2026-03-14,origem,JANAÚBA,68.0,,prata
2026-03-14,origem,JAÍBA,100.26,,nanica
2026-03-14,origem,JAÍBA,0.405,,outras
2026-03-14,origem,JAÍBA,15.72,,prata
2026-03-14,origem,LASSANCE,28.0,,nanica
2026-03-14,origem,LASSANCE,21.936,,prata
2026-03-14,origem,MATIAS CARDOSO,22.0,,prata
2026-03-14,origem,MONTES CLAROS,13.5,,nanica
2026-03-14,origem,NOVA PORTEIRINHA,13.0,,prata
2026-03-14,origem,PIRAPORA,52.0,,prata
2026-03-14,origem,UBERLÂNDIA,0.94,,nanica
2026-03-14,origem,UBERLÂNDIA,0.234,,outras
2026-03-14,origem,UBERLÂNDIA,0.504,,prata
2026-03-14,origem,VERDELÂNDIA,12.0,,prata
2026-03-15,destino,JUIZ DE FORA,8.0,,nanica
2026-03-15,destino,JUIZ DE FORA,7.0,,prata
2026-03-15,origem,TABULEIRO,8.0,,nanica
2026-03-15,origem,TABULEIRO,7.0,,prata
2026-03-16,destino,ANDRADAS,15.0,,prata
2026-03-16,destino,APARECIDA DE GOIÂNIA,1.05,,outras
2026-03-16,destino,ARAÇATUBA,24.0,,nanica
2026-03-16,destino,BARBACENA,0.5,,outras
2026-03-16,destino,BARBACENA,4.5,,prata
2026-03-16,destino,BAURU,10.5,,prata
2026-03-16,destino,BRASÍLIA,8.0,,nanica
2026-03-16,destino,BRASÍLIA,35.3,,prata
2026-03-16,destino,BRAZÓPOLIS,10.0,,prata
2026-03-16,destino,CAMPINAS,53.317,,nanica
2026-03-16,destino,CAMPINAS,1.35,,outras
2026-03-16,destino,CAMPINAS,9.645,,prata
2026-03-16,destino,CAMPO GRANDE,104.02,,nanica
2026-03-16,destino,CAMPO GRANDE,9.0,,prata
2026-03-16,destino,CARIACICA,6.0,,prata
2026-03-16,destino,CATALÃO,0.18,,nanica
2026-03-16,destino,CATALÃO,0.426,,outras
2026-03-16,destino,CATALÃO,0.396,,prata
2026-03-16,destino,CONGONHAL,5.0,,nanica
2026-03-16,destino,CONGONHAL,10.0,,prata
2026-03-16,destino,CONTAGEM,205.035,,nanica
2026-03-16,destino,CONTAGEM,23.73,,outras
2026-03-16,destino,CONTAGEM,300.78,,prata
2026-03-16,destino,CUIABÁ,17.56,,nanica
2026-03-16,destino,CUIABÁ,3.36,,prata
2026-03-16,destino,CUMARI,0.054,,outras
2026-03-16,destino,DOURADOS,20.0,,nanica
2026-03-16,destino,FERVEDOURO,12.5,,nanica
2026-03-16,destino,FRANCA,8.208,,prata
2026-03-16,destino,GOIÂNIA,3.9,,outras
2026-03-16,destino,GOIÂNIA,15.0,,prata
2026-03-16,destino,GOVERNADOR VALADARES,7.0,,nanica
2026-03-16,destino,GOVERNADOR VALADARES,6.25,,outras
2026-03-16,destino,GOVERNADOR VALADARES,7.8,,prata
2026-03-16,destino,GUARULHOS,13.5,,nanica
2026-03-16,destino,GUARULHOS,9.639,,prata
2026-03-16,destino,ITARIRI,13.8,,nanica
2026-03-16,destino,ITARIRI,21.468,,prata
2026-03-16,destino,ITUMBIARA,1.6,,outras
2026-03-16,destino,JANAÚBA,46.28,,nanica
2026-03-16,destino,JANAÚBA,37.0,,prata
2026-03-16,destino,JARDINÓPOLIS,10.0,,nanica
2026-03-16,destino,JAÍBA,23.18,,nanica
2026-03-16,destino,JUNDIAÍ,37.8,,nanica
2026-03-16,destino,MARINGÁ,21.975,,nanica
2026-03-16,destino,MONTES CLAROS,3.0,,outras
2026-03-16,destino,MONTES CLAROS,38.48,,prata
2026-03-16,destino,OSASCO,35.14,,nanica
2026-03-16,destino,OSASCO,0.52,,outras
2026-03-16,destino,OSASCO,3.84,,prata
2026-03-16,destino,PARAIBUNA,15.0,,nanica
2026-03-16,destino,PARAÍBA DO SUL,0.24,,outras
2026-03-16,destino,PEDRA AZUL,10.8,,prata
2026-03-16,destino,PEDRALVA,5.0,,nanica
2026-03-16,destino,PEDRALVA,10.0,,prata
2026-03-16,destino,PIAU,2.9,,nanica
2026-03-16,destino,PIAU,0.1,,prata
2026-03-16,destino,POUSO ALEGRE,30.0,,prata
2026-03-16,destino,POÇOS DE CALDAS,1.5,,prata
2026-03-16,destino,QUIRINÓPOLIS,0.72,,nanica
2026-03-16,destino,QUIRINÓPOLIS,1.2,,prata
2026-03-16,destino,REGISTRO,15.0,,nanica
2026-03-16,destino,RESENDE,3.6,,nanica
2026-03-16,destino,RESENDE,2.0,,prata
2026-03-16,destino,RIBEIRÃO PRETO,45.43,,nanica
2026-03-16,destino,RIBEIRÃO PRETO,5.4,,outras
2026-03-16,destino,RIBEIRÃO PRETO,22.64,,prata
2026-03-16,destino,RIO DE JANEIRO,55.0,,nanica
2026-03-16,destino,RIO DE JANEIRO,0.81,,outras
2026-03-16,destino,RIO DE JANEIRO,368.704,,prata
2026-03-16,destino,SANTO ANTÔNIO DO JARDIM,14.688,,nanica
2026-03-16,destino,SOROCABA,12.5,,nanica
2026-03-16,destino,SUMARÉ,7.8,,prata
2026-03-16,destino,SÃO BERNARDO DO CAMPO,10.0,,nanica
2026-03-16,destino,SÃO BERNARDO DO CAMPO,4.0,,outras
2026-03-16,destino,SÃO BERNARDO DO CAMPO,31.575,,prata
2026-03-16,destino,SÃO JOSÉ DO RIO PRETO,10.8,,prata
2026-03-16,destino,SÃO JOÃO DEL REI,15.0,,prata
2026-03-16,destino,SÃO PAULO,78.275,,nanica
2026-03-16,destino,SÃO PAULO,1.455,,outras
2026-03-16,destino,SÃO PAULO,75.364,,prata
2026-03-16,destino,TABOÃO DA SERRA,1.5,,outras
2026-03-16,destino,TABOÃO DA SERRA,13.5,,prata
2026-03-16,destino,TAUBATÉ,2.6,,nanica
2026-03-16,destino,TAUBATÉ,15.3,,prata
2026-03-16,destino,TOCANTINS,4.5,,nanica
2026-03-16,destino,TOCANTINS,3.0,,prata
2026-03-16,destino,TRÊS RIOS,1.085,,nanica
2026-03-16,destino,TRÊS RIOS,0.07,,outras
2026-03-16,destino,TRÊS RIOS,5.655,,prata
2026-03-16,destino,UBERABA,6.0,,prata
2026-03-16,destino,UBERLÂNDIA,25.5,,nanica
2026-03-16,destino,UBERLÂNDIA,9.0,,outras
2026-03-16,destino,UBERLÂNDIA,85.04,,prata
2026-03-16,destino,UNAÍ,0.6,,nanica
2026-03-16,destino,UNAÍ,0.75,,prata
2026-03-16,destino,VITÓRIA DA CONQUISTA,0.375,,outras
2026-03-16,destino,VÁRZEA PAULISTA,22.0,,nanica
2026-03-16,destino,VÁRZEA PAULISTA,27.0,,prata
2026-03-16,origem,ANDRADAS,24.3,,prata
2026-03-16,origem,ARAÇUAÍ,71.84,,prata
2026-03-16,origem,BALDIM,30.0,,prata
2026-03-16,origem,BRAZÓPOLIS,2.6,,nanica
2026-03-16,origem,BRAZÓPOLIS,30.0,,prata
2026-03-16,origem,CAMPINA VERDE,4.125,,outras
2026-03-16,origem,CANÁPOLIS,11.95,,outras
2026-03-16,origem,CLARO DOS POÇÕES,19.0,,prata
2026-03-16,origem,CONGONHAL,8.0,,nanica
2026-03-16,origem,CONTAGEM,48.455,,nanica
2026-03-16,origem,CONTAGEM,19.605,,outras
2026-03-16,origem,CONTAGEM,41.96,,prata
2026-03-16,origem,CRISTINA,3.6,,nanica
2026-03-16,origem,CRISTINA,12.0,,prata
2026-03-16,origem,DELFINÓPOLIS,118.967,,prata
2026-03-16,origem,DESTERRO DO MELO,18.0,,prata
2026-03-16,origem,ESPINOSA,20.0,,prata
2026-03-16,origem,FERVEDOURO,25.0,,nanica
2026-03-16,origem,FRANCISCO SÁ,20.0,,nanica
2026-03-16,origem,FRANCISCO SÁ,4.0,,outras
2026-03-16,origem,FRANCISCO SÁ,10.0,,prata
2026-03-16,origem,GUARDA-MOR,8.0,,nanica
2026-03-16,origem,GUARDA-MOR,2.0,,prata
2026-03-16,origem,INHAPIM,5.0,,nanica
2026-03-16,origem,INHAPIM,6.0,,outras
2026-03-16,origem,INHAPIM,4.0,,prata
2026-03-16,origem,ITACARAMBI,33.0,,nanica
2026-03-16,origem,ITINGA,39.0,,prata
2026-03-16,origem,JANAÚBA,5.0,,nanica
2026-03-16,origem,JANAÚBA,147.518,,prata
2026-03-16,origem,JAÍBA,586.476,,nanica
2026-03-16,origem,JAÍBA,8.305,,outras
2026-03-16,origem,JAÍBA,120.974,,prata
2026-03-16,origem,JEQUITINHONHA,39.1,,prata
2026-03-16,origem,JUIZ DE FORA,0.08,,nanica
2026-03-16,origem,JUIZ DE FORA,0.28,,outras
2026-03-16,origem,LASSANCE,26.994,,nanica
2026-03-16,origem,LASSANCE,34.0,,prata
2026-03-16,origem,MANGA,17.0,,nanica
2026-03-16,origem,MARILAC,4.5,,nanica
2026-03-16,origem,MARILAC,24.0,,prata
2026-03-16,origem,MATIAS CARDOSO,10.0,,nanica
2026-03-16,origem,MATIAS CARDOSO,60.0,,prata
2026-03-16,origem,MONTES CLAROS,99.364,,prata
2026-03-16,origem,NOVA PORTEIRINHA,7.0,,nanica
2026-03-16,origem,NOVA PORTEIRINHA,78.91,,prata
2026-03-16,origem,NOVA UNIÃO,82.25,,nanica
2026-03-16,origem,NOVA UNIÃO,7.75,,prata
2026-03-16,origem,PAULISTAS,9.33,,nanica
2026-03-16,origem,PAULISTAS,5.52,,prata
2026-03-16,origem,PEDRALVA,17.0,,nanica
2026-03-16,origem,PEDRALVA,20.0,,prata
2026-03-16,origem,PIAU,2.9,,nanica
2026-03-16,origem,PIAU,0.1,,prata
2026-03-16,origem,PIRAPORA,3.0,,nanica
2026-03-16,origem,PIRAPORA,76.155,,prata
2026-03-16,origem,RIO POMBA,0.5,,outras
2026-03-16,origem,RIO POMBA,1.5,,prata
2026-03-16,origem,SÃO FRANCISCO,0.6,,nanica
2026-03-16,origem,SÃO FRANCISCO,17.75,,prata
2026-03-16,origem,SÃO GERALDO DA PIEDADE,2.0,,nanica
2026-03-16,origem,SÃO GERALDO DA PIEDADE,0.25,,outras
2026-03-16,origem,SÃO GERALDO DA PIEDADE,3.8,,prata
2026-03-16,origem,SÃO JOÃO DA PONTE,11.0,,prata
2026-03-16,origem,UBERLÂNDIA,23.4,,nanica
2026-03-16,origem,UBERLÂNDIA,9.48,,outras
2026-03-16,origem,UBERLÂNDIA,72.596,,prata
2026-03-16,origem,VERDELÂNDIA,21.5,,nanica
2026-03-16,origem,VERDELÂNDIA,0.735,,outras
2026-03-16,origem,VERDELÂNDIA,32.54,,prata
2026-03-16,origem,VÁRZEA DA PALMA,6.0,,prata
2026-03-17,destino,ALTEROSA,3.264,,prata
2026-03-17,destino,AMERICANA,10.39,,prata
2026-03-17,destino,ANDRADAS,15.0,,prata
2026-03-17,destino,ARAÇATUBA,7.5,,prata
2026-03-17,destino,ARCOS,9.45,,prata
2026-03-17,destino,BRASÍLIA,16.92,,nanica
2026-03-17,destino,BRASÍLIA,52.74,,prata
2026-03-17,destino,CAMPESTRE,1.5,,nanica
2026-03-17,destino,CAMPESTRE,7.8,,prata
2026-03-17,destino,CAMPINAS,55.125,,nanica
2026-03-17,destino,CAMPINAS,72.94,,prata
2026-03-17,destino,CAMPO GRANDE,64.84,,nanica
2026-03-17,destino,CAMPO GRANDE,1.5,,prata
2026-03-17,destino,CAPELINHA,9.6,,prata
2026-03-17,destino,CARATINGA,5.0,,nanica
2026-03-17,destino,CARATINGA,5.0,,outras
2026-03-17,destino,CATALÃO,0.112,,nanica
2026-03-17,destino,CATALÃO,0.292,,outras
2026-03-17,destino,CATALÃO,0.128,,prata
2026-03-17,destino,CONTAGEM,154.21,,nanica
2026-03-17,destino,CONTAGEM,5.99,,outras
2026-03-17,destino,CONTAGEM,244.145,,prata
2026-03-17,destino,CRISTINA,8.0,,nanica
2026-03-17,destino,CURVELO,2.25,,nanica
2026-03-17,destino,CURVELO,3.35,,prata
2026-03-17,destino,DIADEMA,13.5,,prata
2026-03-17,destino,DIVINÓPOLIS,10.5,,prata
2026-03-17,destino,FRANCA,14.4,,prata
2026-03-17,destino,GOIÂNIA,33.76,,prata
2026-03-17,destino,GUARULHOS,13.5,,nanica
2026-03-17,destino,IPAMERI,0.064,,nanica
2026-03-17,destino,IPAMERI,0.216,,outras
2026-03-17,destino,IPAMERI,0.064,,prata
2026-03-17,destino,IPATINGA,8.0,,prata
2026-03-17,destino,ITAJUBÁ,15.0,,nanica
2026-03-17,destino,ITAMOGI,2.28,,nanica
2026-03-17,destino,ITAPERUNA,0.5,,nanica
2026-03-17,destino,ITAPERUNA,0.5,,prata
2026-03-17,destino,ITARIRI,12.0,,nanica
2026-03-17,destino,ITUMBIARA,0.27,,outras
2026-03-17,destino,JANAÚBA,20.79,,nanica
2026-03-17,destino,JAÍBA,10.8,,nanica
2026-03-17,destino,JUNDIAÍ,11.2,,nanica
2026-03-17,destino,JUNDIAÍ,24.6,,prata
2026-03-17,destino,MONTES CLAROS,12.0,,nanica
2026-03-17,destino,MONTES CLAROS,3.0,,outras
2026-03-17,destino,MONTES CLAROS,93.15,,prata
2026-03-17,destino,OSASCO,34.38,,prata
2026-03-17,destino,PARAIBUNA,10.8,,nanica
2026-03-17,destino,PATOS DE MINAS,6.5,,prata
2026-03-17,destino,PEDRALVA,26.7,,nanica
2026-03-17,destino,PIAU,5.0,,nanica
2026-03-17,destino,PIAU,15.0,,prata
2026-03-17,destino,POUSO ALEGRE,6.6,,nanica
2026-03-17,destino,POUSO ALEGRE,18.8,,prata
2026-03-17,destino,RIBEIRÃO DAS NEVES,10.5,,prata
2026-03-17,destino,RIBEIRÃO PRETO,123.328,,nanica
2026-03-17,destino,RIBEIRÃO PRETO,33.58,,prata
2026-03-17,destino,RIO DE JANEIRO,75.45,,nanica
2026-03-17,destino,RIO DE JANEIRO,2.5,,outras
2026-03-17,destino,RIO DE JANEIRO,242.04,,prata
2026-03-17,destino,SANTA RITA DO PASSA QUATRO,6.3,,prata
2026-03-17,destino,SANTO ANDRÉ,6.3,,prata
2026-03-17,destino,SANTO ANTÔNIO DO JARDIM,3.36,,prata
2026-03-17,destino,SEROPÉDICA,5.0,,prata
2026-03-17,destino,SOROCABA,13.8,,nanica
2026-03-17,destino,SUZANO,11.52,,prata
2026-03-17,destino,SÃO BERNARDO DO CAMPO,23.1,,nanica
2026-03-17,destino,SÃO BERNARDO DO CAMPO,22.5,,prata
2026-03-17,destino,SÃO CAETANO DO SUL,8.25,,nanica
2026-03-17,destino,SÃO CAETANO DO SUL,4.5,,prata
2026-03-17,destino,SÃO GONÇALO,7.0,,nanica
2026-03-17,destino,SÃO JOSÉ DO RIO PRETO,11.76,,nanica
2026-03-17,destino,SÃO JOSÉ DOS CAMPOS,10.8,,nanica
2026-03-17,destino,SÃO PAULO,66.015,,nanica
2026-03-17,destino,SÃO PAULO,3.09,,outras
2026-03-17,destino,SÃO PAULO,164.591,,prata
2026-03-17,destino,TAUBATÉ,4.0,,nanica
2026-03-17,destino,TAUBATÉ,1.0,,prata
2026-03-17,destino,TRÊS CORAÇÕES,18.93,,nanica
2026-03-17,destino,TRÊS CORAÇÕES,7.0,,prata
2026-03-17,destino,UNAÍ,3.0,,prata
2026-03-17,destino,VOLTA REDONDA,4.2,,nanica
2026-03-17,destino,VOLTA REDONDA,10.1,,prata
2026-03-17,destino,VOTORANTIM,13.28,,prata
2026-03-17,destino,VÁRZEA PAULISTA,31.5,,nanica
2026-03-17,origem,ARAÇUAÍ,3.0,,nanica
2026-03-17,origem,ARAÇUAÍ,63.08,,prata
2026-03-17,origem,BELO HORIZONTE,17.81,,nanica
2026-03-17,origem,BELO HORIZONTE,3.29,,outras
2026-03-17,origem,BELO HORIZONTE,38.145,,prata
2026-03-17,origem,BRAZÓPOLIS,17.4,,nanica
2026-03-17,origem,BRAZÓPOLIS,16.3,,prata
2026-03-17,origem,CAMPESTRE,1.5,,nanica
2026-03-17,origem,CAMPESTRE,3.0,,prata
2026-03-17,origem,CAPITÃO ENÉAS,11.2,,nanica
2026-03-17,origem,CARANGOLA,0.5,,nanica
2026-03-17,origem,CARANGOLA,0.5,,prata
2026-03-17,origem,CONTAGEM,48.93,,nanica
2026-03-17,origem,CONTAGEM,22.0,,prata
2026-03-17,origem,CORINTO,25.08,,prata
2026-03-17,origem,CURVELO,15.0,,nanica
2026-03-17,origem,CÁSSIA,17.5,,prata
2026-03-17,origem,DELFINÓPOLIS,9.135,,nanica
2026-03-17,origem,DELFINÓPOLIS,283.459,,prata
2026-03-17,origem,ESPINOSA,10.0,,prata
2026-03-17,origem,ITACARAMBI,20.0,,nanica
2026-03-17,origem,JACINTO,13.5,,prata
2026-03-17,origem,JANAÚBA,13.365,,nanica
2026-03-17,origem,JANAÚBA,44.616,,prata
2026-03-17,origem,JAÍBA,518.028,,nanica
2026-03-17,origem,JAÍBA,5.79,,outras
2026-03-17,origem,JAÍBA,185.77,,prata
2026-03-17,origem,JEQUITINHONHA,31.8,,prata
2026-03-17,origem,LASSANCE,44.78,,nanica
2026-03-17,origem,LASSANCE,95.85,,prata
2026-03-17,origem,MARILAC,43.5,,prata
2026-03-17,origem,MATIAS CARDOSO,14.5,,nanica
2026-03-17,origem,MATIAS CARDOSO,10.0,,prata
2026-03-17,origem,MONTES CLAROS,12.0,,nanica
2026-03-17,origem,MONTES CLAROS,3.0,,outras
2026-03-17,origem,MONTES CLAROS,78.0,,prata
2026-03-17,origem,NOVA PORTEIRINHA,12.0,,nanica
2026-03-17,origem,NOVA PORTEIRINHA,101.75,,prata
2026-03-17,origem,NOVA UNIÃO,15.0,,nanica
2026-03-17,origem,PEDRALVA,51.5,,nanica
2026-03-17,origem,PEDRALVA,3.1,,prata
2026-03-17,origem,PEDRAS DE MARIA DA CRUZ,12.0,,prata
2026-03-17,origem,PIAU,5.0,,nanica
2026-03-17,origem,PIAU,2.5,,outras
2026-03-17,origem,PIAU,15.0,,prata
2026-03-17,origem,PIRANGUÇU,4.0,,nanica
2026-03-17,origem,PIRANGUÇU,1.0,,prata
2026-03-17,origem,PIRAPORA,73.65,,prata
2026-03-17,origem,PONTO DOS VOLANTES,8.0,,prata
2026-03-17,origem,SILVIANÓPOLIS,2.5,,prata
2026-03-17,origem,SÃO DOMINGOS DAS DORES,5.0,,nanica
2026-03-17,origem,SÃO DOMINGOS DAS DORES,5.0,,outras
2026-03-17,origem,SÃO FRANCISCO,23.76,,prata
2026-03-17,origem,UBERLÂNDIA,0.176,,nanica
2026-03-17,origem,UBERLÂNDIA,0.778,,outras
2026-03-17,origem,UBERLÂNDIA,0.192,,prata
2026-03-17,origem,UNAÍ,3.0,,prata
2026-03-17,origem,VERDELÂNDIA,13.5,,nanica
2026-03-17,origem,VERDELÂNDIA,17.48,,prata
2026-03-17,origem,VÁRZEA DA PALMA,12.0,,prata
2026-03-18,destino,AMERICANA,22.5,,nanica
2026-03-18,destino,APARECIDA,3.0,,nanica
2026-03-18,destino,APARECIDA,2.0,,prata
2026-03-18,destino,APARECIDA DE GOIÂNIA,4.05,,outras
2026-03-18,destino,APARECIDA DE GOIÂNIA,15.0,,prata
2026-03-18,destino,ARAÇATUBA,18.24,,nanica
2026-03-18,destino,ARAÇATUBA,5.76,,prata
2026-03-18,destino,BRASÍLIA,11.52,,prata
2026-03-18,destino,BRAZÓPOLIS,12.0,,nanica
2026-03-18,destino,BURITI ALEGRE,0.012,,nanica
2026-03-18,destino,BURITI ALEGRE,0.176,,outras
2026-03-18,destino,BURITI ALEGRE,0.012,,prata
2026-03-18,destino,CACHOEIRA PAULISTA,0.8,,nanica
2026-03-18,destino,CACHOEIRA PAULISTA,0.8,,prata
2026-03-18,destino,CAMPINAS,71.19,,nanica
2026-03-18,destino,CAMPINAS,9.75,,prata
2026-03-18,destino,CAMPO GRANDE,63.2,,nanica
2026-03-18,destino,CARANGOLA,13.0,,nanica
2026-03-18,destino,CARATINGA,2.0,,nanica
2026-03-18,destino,CARATINGA,19.0,,outras
2026-03-18,destino,CARATINGA,7.0,,prata
2026-03-18,destino,CARMO DE MINAS,5.0,,nanica
2026-03-18,destino,CARMO DE MINAS,10.0,,prata
2026-03-18,destino,CASSILÂNDIA,0.108,,prata
2026-03-18,destino,CHAPADÃO DO CÉU,0.06,,nanica
2026-03-18,destino,CHAPADÃO DO SUL,0.06,,nanica
2026-03-18,destino,CHAPADÃO DO SUL,0.092,,outras
2026-03-18,destino,CHAPADÃO DO SUL,0.298,,prata
2026-03-18,destino,CONTAGEM,104.46,,nanica
2026-03-18,destino,CONTAGEM,2.37,,outras
2026-03-18,destino,CONTAGEM,235.645,,prata
2026-03-18,destino,COSMÓPOLIS,5.55,,nanica
2026-03-18,destino,COSMÓPOLIS,5.25,,prata
2026-03-18,destino,COSTA RICA,0.038,,nanica
2026-03-18,destino,COSTA RICA,0.019,,outras
2026-03-18,destino,CRUZEIRO,2.0,,nanica
2026-03-18,destino,CRUZEIRO,3.0,,prata
2026-03-18,destino,CURITIBA,14.52,,nanica
2026-03-18,destino,CURVELO,15.0,,nanica
2026-03-18,destino,DIVINÓPOLIS,6.0,,prata
2026-03-18,destino,DOURADOS,20.0,,nanica
2026-03-18,destino,FARTURA,22.0,,nanica
2026-03-18,destino,FERVEDOURO,12.5,,nanica
2026-03-18,destino,FRANCA,14.0,,nanica
2026-03-18,destino,INOCÊNCIA,0.698,,nanica
2026-03-18,destino,INOCÊNCIA,0.076,,outras
2026-03-18,destino,INOCÊNCIA,1.037,,prata
2026-03-18,destino,ITAPECERICA DA SERRA,3.6,,prata
2026-03-18,destino,ITARIRI,4.57,,nanica
2026-03-18,destino,ITARIRI,7.0,,prata
2026-03-18,destino,ITUMBIARA,0.17,,nanica
2026-03-18,destino,ITUMBIARA,0.192,,outras
2026-03-18,destino,ITUMBIARA,0.6,,prata
2026-03-18,destino,JACAREÍ,7.0,,prata
2026-03-18,destino,JANAÚBA,22.5,,nanica
2026-03-18,destino,JANAÚBA,15.0,,prata
2026-03-18,destino,JARDINÓPOLIS,12.0,,nanica
2026-03-18,destino,JUIZ DE FORA,4.5,,nanica
2026-03-18,destino,JUIZ DE FORA,5.0,,prata
2026-03-18,destino,JUNDIAÍ,36.4,,nanica
2026-03-18,destino,JUNDIAÍ,23.9,,prata
2026-03-18,destino,LORENA,0.8,,nanica
2026-03-18,destino,LORENA,0.8,,prata
2026-03-18,destino,LOUVEIRA,12.8,,nanica
2026-03-18,destino,MARINGÁ,67.5,,nanica
2026-03-18,destino,MAUÁ,12.5,,nanica
2026-03-18,destino,MINEIROS DO TIETÊ,20.91,,nanica
2026-03-18,destino,MOGI DAS CRUZES,22.4,,nanica
2026-03-18,destino,MOGI MIRIM,11.6,,prata
2026-03-18,destino,MONTES CLAROS,12.18,,prata
2026-03-18,destino,NITERÓI,33.84,,prata
2026-03-18,destino,NOVA PORTEIRINHA,9.0,,prata
2026-03-18,destino,NOVA UNIÃO,13.7,,prata
2026-03-18,destino,ORIZONA,0.012,,nanica
2026-03-18,destino,ORIZONA,0.176,,outras
2026-03-18,destino,ORIZONA,0.012,,prata
2026-03-18,destino,OSASCO,40.6,,nanica
2026-03-18,destino,PARANAÍBA,0.04,,outras
2026-03-18,destino,PARANAÍBA,0.054,,prata
2026-03-18,destino,PARAÍSO DAS ÁGUAS,0.155,,nanica
2026-03-18,destino,PARAÍSO DAS ÁGUAS,0.074,,outras
2026-03-18,destino,PARAÍSO DAS ÁGUAS,0.018,,prata
2026-03-18,destino,PEDRALVA,42.0,,nanica
2026-03-18,destino,PEDRALVA,10.0,,prata
2026-03-18,destino,PETRÓPOLIS,1.5,,nanica
2026-03-18,destino,PETRÓPOLIS,1.0,,prata
2026-03-18,destino,QUIRINÓPOLIS,0.26,,nanica
2026-03-18,destino,QUIRINÓPOLIS,0.34,,outras
2026-03-18,destino,QUIRINÓPOLIS,0.276,,prata
2026-03-18,destino,RAUL SOARES,20.0,,nanica
2026-03-18,destino,RAUL SOARES,10.0,,outras
2026-03-18,destino,RIBEIRÃO PRETO,57.209,,nanica
2026-03-18,destino,RIO DE JANEIRO,20.0,,nanica
2026-03-18,destino,RIO DE JANEIRO,213.22,,prata
2026-03-18,destino,RIO VERDE,0.08,,nanica
2026-03-18,destino,RIO VERDE,0.054,,outras
2026-03-18,destino,RIO VERDE,0.1,,prata
2026-03-18,destino,SEROPÉDICA,20.0,,prata
2026-03-18,destino,SOROCABA,12.0,,nanica
2026-03-18,destino,SUMARÉ,15.0,,nanica
2026-03-18,destino,SUZANO,11.456,,prata
2026-03-18,destino,SÃO BERNARDO DO CAMPO,26.885,,prata
2026-03-18,destino,SÃO FRANCISCO,6.0,,nanica
2026-03-18,destino,SÃO JOSÉ DO RIO PRETO,1.0,,nanica
2026-03-18,destino,SÃO JOSÉ DO RIO PRETO,2.0,,prata
2026-03-18,destino,SÃO JOSÉ DOS CAMPOS,10.0,,prata
2026-03-18,destino,SÃO MATEUS,0.1,,prata
2026-03-18,destino,SÃO PAULO,16.0,,nanica
2026-03-18,destino,SÃO PAULO,37.1,,prata
2026-03-18,destino,TABOÃO DA SERRA,14.7,,nanica
2026-03-18,destino,TABOÃO DA SERRA,9.52,,prata
2026-03-18,destino,TRÊS CORAÇÕES,5.0,,prata
2026-03-18,destino,TRÊS RIOS,1.29,,nanica
2026-03-18,destino,TRÊS RIOS,9.275,,prata
2026-03-18,destino,UBERLÂNDIA,23.8,,nanica
2026-03-18,destino,UBERLÂNDIA,0.16,,outras
2026-03-18,destino,UBERLÂNDIA,60.204,,prata
2026-03-18,destino,UNAÍ,0.6,,nanica
2026-03-18,destino,UNAÍ,0.75,,prata
2026-03-18,destino,VITÓRIA DA CONQUISTA,0.375,,outras
2026-03-18,destino,VOLTA REDONDA,10.8,,prata
2026-03-18,destino,VÁRZEA PAULISTA,25.5,,nanica
2026-03-18,origem,ARAÇUAÍ,73.0,,prata
2026-03-18,origem,BOM JESUS DO AMPARO,15.0,,nanica
2026-03-18,origem,BRAZÓPOLIS,1.6,,nanica
2026-03-18,origem,BRAZÓPOLIS,11.6,,prata
2026-03-18,origem,CAPITÃO ENÉAS,34.4,,nanica
2026-03-18,origem,CAPITÃO ENÉAS,43.0,,prata
2026-03-18,origem,CARANGOLA,13.0,,nanica
2026-03-18,origem,CARMO DE MINAS,5.0,,nanica
2026-03-18,origem,CARMO DE MINAS,10.0,,prata
2026-03-18,origem,CONTAGEM,7.71,,nanica
2026-03-18,origem,CONTAGEM,0.87,,outras
2026-03-18,origem,CONTAGEM,11.925,,prata
2026-03-18,origem,CORINTO,16.8,,nanica
2026-03-18,origem,CRISTINA,5.0,,prata
2026-03-18,origem,CURVELO,15.0,,nanica
2026-03-18,origem,CÁSSIA,41.204,,prata
2026-03-18,origem,DELFINÓPOLIS,5.55,,nanica
2026-03-18,origem,DELFINÓPOLIS,118.901,,prata
2026-03-18,origem,FERVEDOURO,20.0,,nanica
2026-03-18,origem,FREI INOCÊNCIO,15.0,,prata
2026-03-18,origem,INDIANÓPOLIS,7.0,,nanica
2026-03-18,origem,INDIANÓPOLIS,7.0,,prata
2026-03-18,origem,INHAPIM,2.0,,nanica
2026-03-18,origem,INHAPIM,19.0,,outras
2026-03-18,origem,INHAPIM,7.0,,prata
2026-03-18,origem,IPATINGA,0.1,,prata
2026-03-18,origem,ITACARAMBI,32.0,,nanica
2026-03-18,origem,JANAÚBA,3.0,,nanica
2026-03-18,origem,JANAÚBA,59.9,,prata
2026-03-18,origem,JAÍBA,522.159,,nanica
2026-03-18,origem,JAÍBA,5.925,,outras
2026-03-18,origem,JAÍBA,113.465,,prata
2026-03-18,origem,JEQUITINHONHA,21.0,,prata
2026-03-18,origem,LASSANCE,23.1,,nanica
2026-03-18,origem,LASSANCE,22.8,,prata
2026-03-18,origem,MANGA,15.6,,nanica
2026-03-18,origem,MARILAC,30.0,,prata
2026-03-18,origem,MATIAS CARDOSO,23.2,,nanica
2026-03-18,origem,MATIAS CARDOSO,64.8,,prata
2026-03-18,origem,MONTES CLAROS,14.52,,nanica
2026-03-18,origem,MONTES CLAROS,25.0,,prata
2026-03-18,origem,NOVA PORTEIRINHA,69.62,,prata
2026-03-18,origem,NOVA UNIÃO,45.0,,nanica
2026-03-18,origem,PARAOPEBA,15.0,,nanica
2026-03-18,origem,PEDRALVA,56.0,,nanica
2026-03-18,origem,PEDRALVA,13.0,,prata
2026-03-18,origem,PEDRAS DE MARIA DA CRUZ,10.5,,prata
2026-03-18,origem,PIAU,1.5,,nanica
2026-03-18,origem,PIAU,1.0,,prata
2026-03-18,origem,PIRANGUÇU,3.0,,nanica
2026-03-18,origem,PIRANGUÇU,2.0,,prata
2026-03-18,origem,PIRAPORA,29.87,,prata
2026-03-18,origem,PONTO DOS VOLANTES,3.6,,prata
2026-03-18,origem,RAUL SOARES,20.0,,nanica
2026-03-18,origem,RAUL SOARES,10.0,,outras
2026-03-18,origem,SIMONÉSIA,5.0,,nanica
2026-03-18,origem,SÃO FRANCISCO,0.6,,nanica
2026-03-18,origem,SÃO FRANCISCO,21.75,,prata
2026-03-18,origem,TOCANTINS,4.5,,nanica
2026-03-18,origem,TOCANTINS,3.0,,prata
2026-03-18,origem,UBERLÂNDIA,9.345,,nanica
2026-03-18,origem,UBERLÂNDIA,1.399,,outras
2026-03-18,origem,UBERLÂNDIA,10.315,,prata
2026-03-18,origem,VERDELÂNDIA,38.82,,prata
2026-03-19,destino,ALTEROSA,4.368,,nanica
2026-03-19,destino,ARAÇATUBA,4.5,,prata
2026-03-19,destino,ARCOS,9.45,,prata
2026-03-19,destino,BOTELHOS,9.0,,prata
2026-03-19,destino,BRAZÓPOLIS,15.0,,nanica
2026-03-19,destino,BRAZÓPOLIS,36.0,,prata
2026-03-19,destino,CAMPINAS,90.1,,nanica
2026-03-19,destino,CAMPINAS,50.74,,prata
2026-03-19,destino,CAMPO GRANDE,69.4,,nanica
2026-03-19,destino,CARATINGA,8.0,,outras
2026-03-19,destino,CARATINGA,2.0,,prata
2026-03-19,destino,CATALÃO,0.16,,nanica
2026-03-19,destino,CATALÃO,0.384,,outras
2026-03-19,destino,CATALÃO,0.386,,prata
2026-03-19,destino,CHIADOR,0.08,,nanica
2026-03-19,destino,CONCEIÇÃO DAS PEDRAS,7.5,,prata
2026-03-19,destino,CONTAGEM,219.3,,nanica
2026-03-19,destino,CONTAGEM,27.801,,outras
2026-03-19,destino,CONTAGEM,419.664,,prata
2026-03-19,destino,CUMARI,0.072,,outras
2026-03-19,destino,DIVINÓPOLIS,15.0,,prata
2026-03-19,destino,DOURADOS,18.24,,nanica
2026-03-19,destino,FOZ DO IGUAÇU,13.3,,prata
2026-03-19,destino,FRANCA,22.0,,nanica
2026-03-19,destino,FRANCA,2.25,,prata
2026-03-19,destino,GOIÂNIA,2.0,,outras
2026-03-19,destino,GOVERNADOR VALADARES,6.0,,nanica
2026-03-19,destino,GOVERNADOR VALADARES,3.0,,outras
2026-03-19,destino,GOVERNADOR VALADARES,6.0,,prata
2026-03-19,destino,GUARATINGUETÁ,1.75,,prata
2026-03-19,destino,GUARULHOS,13.5,,nanica
2026-03-19,destino,ITAJUBÁ,15.0,,nanica
2026-03-19,destino,JALES,13.5,,nanica
2026-03-19,destino,JANAÚBA,36.5,,nanica
2026-03-19,destino,JANAÚBA,19.0,,prata
2026-03-19,destino,JAÚ,22.0,,nanica
2026-03-19,destino,JUNDIAÍ,12.6,,nanica
2026-03-19,destino,JUNDIAÍ,24.6,,prata
2026-03-19,destino,LAGOA DA PRATA,4.0,,prata
2026-03-19,destino,MIRACATU,11.0,,nanica
2026-03-19,destino,MIRACATU,11.87,,prata
2026-03-19,destino,MIRADOURO,9.0,,prata
2026-03-19,destino,MONTES CLAROS,13.325,,nanica
2026-03-19,destino,MONTES CLAROS,37.325,,prata
2026-03-19,destino,NITERÓI,23.0,,prata
2026-03-19,destino,NOVA PORTEIRINHA,6.0,,prata
2026-03-19,destino,OSASCO,46.915,,nanica
2026-03-19,destino,OSASCO,5.59,,outras
2026-03-19,destino,OSASCO,30.22,,prata
2026-03-19,destino,PARAIBUNA,7.02,,nanica
2026-03-19,destino,PARAÍBA DO SUL,0.35,,outras
2026-03-19,destino,PEDRALVA,30.0,,nanica
2026-03-19,destino,PETRÓPOLIS,0.1,,outras
2026-03-19,destino,PETRÓPOLIS,5.4,,prata
2026-03-19,destino,PIAU,12.0,,prata
2026-03-19,destino,PINDAMONHANGABA,1.0,,nanica
2026-03-19,destino,PINDAMONHANGABA,1.0,,prata
2026-03-19,destino,PIRANGUÇU,1.0,,nanica
2026-03-19,destino,POTIM,1.5,,nanica
2026-03-19,destino,POÇOS DE CALDAS,4.5,,prata
2026-03-19,destino,QUIRINÓPOLIS,0.48,,nanica
2026-03-19,destino,QUIRINÓPOLIS,0.3,,outras
2026-03-19,destino,QUIRINÓPOLIS,1.12,,prata
2026-03-19,destino,RIBEIRÃO DAS NEVES,10.5,,prata
2026-03-19,destino,RIBEIRÃO PRETO,82.62,,nanica
2026-03-19,destino,RIBEIRÃO PRETO,24.29,,prata
2026-03-19,destino,RIO DE JANEIRO,32.0,,nanica
2026-03-19,destino,RIO DE JANEIRO,237.33,,prata
2026-03-19,destino,SANTA BÁRBARA DO TUGÚRIO,7.5,,prata
2026-03-19,destino,SANTO ANTÔNIO DO JARDIM,14.688,,nanica
2026-03-19,destino,SEROPÉDICA,10.0,,prata
2026-03-19,destino,SÃO BERNARDO DO CAMPO,12.0,,nanica
2026-03-19,destino,SÃO BERNARDO DO CAMPO,39.11,,prata
2026-03-19,destino,SÃO PAULO,72.41,,nanica
2026-03-19,destino,SÃO PAULO,80.86,,prata
2026-03-19,destino,TABOÃO DA SERRA,13.8,,prata
2026-03-19,destino,TAUBATÉ,3.75,,nanica
2026-03-19,destino,TAUBATÉ,8.75,,prata
2026-03-19,destino,TOCANTINS,4.5,,nanica
2026-03-19,destino,TOCANTINS,3.0,,prata
2026-03-19,destino,TRÊS RIOS,1.565,,nanica
2026-03-19,destino,TRÊS RIOS,0.225,,outras
2026-03-19,destino,TRÊS RIOS,1.73,,prata
2026-03-19,destino,UBERLÂNDIA,18.285,,nanica
2026-03-19,destino,UBERLÂNDIA,24.2,,outras
2026-03-19,destino,UBERLÂNDIA,70.1,,prata
2026-03-19,destino,VITÓRIA DA CONQUISTA,0.375,,outras
2026-03-19,destino,VOTORANTIM,12.11,,prata
2026-03-19,destino,VÁRZEA PAULISTA,37.5,,nanica
2026-03-19,destino,VÁRZEA PAULISTA,13.5,,prata
2026-03-19,origem,ANDRADAS,4.5,,prata
2026-03-19,origem,ARAÇUAÍ,54.6,,prata
2026-03-19,origem,ARCOS,9.45,,prata
2026-03-19,origem,BRASILÂNDIA DE MINAS,12.285,,nanica
2026-03-19,origem,BRAZÓPOLIS,21.25,,nanica
2026-03-19,origem,BRAZÓPOLIS,26.5,,prata
2026-03-19,origem,CAMPINA VERDE,4.065,,outras
2026-03-19,origem,CANÁPOLIS,2.0,,outras
2026-03-19,origem,CAPITÃO ENÉAS,22.0,,nanica
2026-03-19,origem,CAPITÃO ENÉAS,53.48,,prata
2026-03-19,origem,CARATINGA,3.0,,outras
2026-03-19,origem,CARATINGA,2.0,,prata
2026-03-19,origem,CARMO DE MINAS,15.0,,prata
2026-03-19,origem,CONCEIÇÃO DAS PEDRAS,11.5,,prata
2026-03-19,origem,CONTAGEM,151.28,,nanica
2026-03-19,origem,CONTAGEM,23.736,,outras
2026-03-19,origem,CONTAGEM,331.864,,prata
2026-03-19,origem,CÁSSIA,12.11,,prata
2026-03-19,origem,DELFINÓPOLIS,2.6,,outras
2026-03-19,origem,DELFINÓPOLIS,183.14,,prata
2026-03-19,origem,ESPINOSA,19.0,,prata
2026-03-19,origem,ESTRELA DO SUL,3.0,,prata
2026-03-19,origem,GONÇALVES,9.0,,prata
2026-03-19,origem,INHAPIM,6.0,,nanica
2026-03-19,origem,INHAPIM,3.0,,outras
2026-03-19,origem,INHAPIM,6.0,,prata
2026-03-19,origem,ITACARAMBI,45.0,,nanica
2026-03-19,origem,ITAOBIM,12.0,,prata
2026-03-19,origem,JANAÚBA,12.0,,nanica
2026-03-19,origem,JANAÚBA,58.0,,prata
2026-03-19,origem,JAÍBA,465.468,,nanica
2026-03-19,origem,JAÍBA,3.38,,outras
2026-03-19,origem,JAÍBA,99.32,,prata
2026-03-19,origem,JUIZ DE FORA,0.16,,nanica
2026-03-19,origem,JUIZ DE FORA,0.66,,outras
2026-03-19,origem,JUIZ DE FORA,0.2,,prata
2026-03-19,origem,LAGOA DA PRATA,4.0,,prata
2026-03-19,origem,LASSANCE,45.6,,nanica
2026-03-19,origem,LASSANCE,21.94,,prata
2026-03-19,origem,MARILAC,16.5,,nanica
2026-03-19,origem,MARILAC,21.0,,prata
2026-03-19,origem,MATIAS CARDOSO,18.0,,nanica
2026-03-19,origem,MATIAS CARDOSO,15.0,,prata
2026-03-19,origem,MATOZINHOS,4.0,,nanica
2026-03-19,origem,MATOZINHOS,4.0,,prata
2026-03-19,origem,MONTES CLAROS,26.65,,nanica
2026-03-19,origem,MONTES CLAROS,50.65,,prata
2026-03-19,origem,NATÉRCIA,3.5,,prata
2026-03-19,origem,NOVA PORTEIRINHA,11.5,,nanica
2026-03-19,origem,NOVA PORTEIRINHA,63.1,,prata
2026-03-19,origem,PEDRALVA,30.0,,nanica
2026-03-19,origem,PIAU,0.4,,prata
2026-03-19,origem,PIRANGUÇU,8.02,,nanica
2026-03-19,origem,PIRAPORA,76.75,,prata
2026-03-19,origem,PONTO DOS VOLANTES,9.0,,prata
2026-03-19,origem,RIBEIRÃO DAS NEVES,10.5,,prata
2026-03-19,origem,SÃO JOSÉ DO ALEGRE,15.0,,nanica
2026-03-19,origem,SÃO JOÃO BATISTA DO GLÓRIA,4.368,,nanica
2026-03-19,origem,UBAPORANGA,5.0,,outras
2026-03-19,origem,UBERLÂNDIA,6.64,,nanica
2026-03-19,origem,UBERLÂNDIA,24.956,,outras
2026-03-19,origem,UBERLÂNDIA,45.806,,prata
2026-03-19,origem,VERDELÂNDIA,27.585,,nanica
2026-03-19,origem,VERDELÂNDIA,42.345,,prata
2026-03-19,origem,VÁRZEA DA PALMA,20.5,,prata
2026-03-20,destino,APARECIDA DE GOIÂNIA,1.05,,outras
2026-03-20,destino,APARECIDA DE GOIÂNIA,18.9,,prata
2026-03-20,destino,ARCOS,9.75,,prata
2026-03-20,destino,BAURU,18.0,,nanica
2026-03-20,destino,BAURU,12.9,,prata
2026-03-20,destino,BELO HORIZONTE,4.5,,prata
2026-03-20,destino,BRASÍLIA,1.8,,nanica
2026-03-20,destino,BRASÍLIA,2.5,,outras
2026-03-20,destino,BRASÍLIA,94.173,,prata
2026-03-20,destino,BRAZÓPOLIS,7.3,,prata
2026-03-20,destino,CAMPINAS,135.39,,nanica
2026-03-20,destino,CAMPINAS,1.5,,outras
2026-03-20,destino,CAMPINAS,80.425,,prata
2026-03-20,destino,CAMPO GRANDE,51.96,,nanica
2026-03-20,destino,CAMPO GRANDE,15.66,,prata
2026-03-20,destino,CAMPOS DO JORDÃO,0.5,,nanica
2026-03-20,destino,CAMPOS DO JORDÃO,0.5,,prata
2026-03-20,destino,CARATINGA,2.0,,nanica
2026-03-20,destino,CARATINGA,2.0,,prata
2026-03-20,destino,CARIACICA,11.4,,prata
2026-03-20,destino,CATALÃO,0.112,,nanica
2026-03-20,destino,CATALÃO,0.292,,outras
2026-03-20,destino,CATALÃO,0.128,,prata
2026-03-20,destino,CAÇAPAVA,2.0,,prata
2026-03-20,destino,CHAPADÃO DO SUL,0.072,,outras
2026-03-20,destino,CHAPADÃO DO SUL,0.19,,prata
2026-03-20,destino,CONTAGEM,88.97,,nanica
2026-03-20,destino,CONTAGEM,259.1,,prata
2026-03-20,destino,CORONEL PACHECO,3.75,,prata
2026-03-20,destino,COSTA RICA,0.038,,nanica
2026-03-20,destino,COSTA RICA,0.019,,outras
2026-03-20,destino,CURVELO,4.35,,nanica
2026-03-20,destino,CURVELO,4.58,,prata
2026-03-20,destino,DIADEMA,13.5,,prata
2026-03-20,destino,DOURADOS,23.52,,nanica
2026-03-20,destino,FRANCA,27.8,,nanica
2026-03-20,destino,GOIÂNIA,4.5,,outras
2026-03-20,destino,GUARULHOS,13.5,,prata
2026-03-20,destino,INOCÊNCIA,0.095,,nanica
2026-03-20,destino,INOCÊNCIA,0.019,,prata
2026-03-20,destino,IPAMERI,0.064,,nanica
2026-03-20,destino,IPAMERI,0.216,,outras
2026-03-20,destino,IPAMERI,0.064,,prata
2026-03-20,destino,ITAJUBÁ,15.0,,nanica
2026-03-20,destino,ITAJUBÁ,6.0,,prata
2026-03-20,destino,ITARIRI,13.8,,nanica
2026-03-20,destino,ITARIRI,18.816,,prata
2026-03-20,destino,ITUIUTABA,9.6,,prata
2026-03-20,destino,ITUMBIARA,0.275,,nanica
2026-03-20,destino,ITUMBIARA,0.583,,outras
2026-03-20,destino,ITUMBIARA,0.752,,prata
2026-03-20,destino,JACAREÍ,13.3,,nanica
2026-03-20,destino,JANAÚBA,60.02,,nanica
2026-03-20,destino,JANAÚBA,10.0,,prata
2026-03-20,destino,JUIZ DE FORA,15.0,,nanica
2026-03-20,destino,JUIZ DE FORA,4.0,,prata
2026-03-20,destino,JUNDIAÍ,46.1,,nanica
2026-03-20,destino,JUNDIAÍ,35.2,,prata
2026-03-20,destino,LORENA,0.5,,nanica
2026-03-20,destino,LORENA,2.2,,prata
2026-03-20,destino,MACHACALIS,1.6,,prata
2026-03-20,destino,MARINGÁ,20.3,,nanica
2026-03-20,destino,MATEUS LEME,4.8,,prata
2026-03-20,destino,MONTES CLAROS,19.43,,nanica
2026-03-20,destino,MONTES CLAROS,49.19,,prata
2026-03-20,destino,NITERÓI,20.0,,prata
2026-03-20,destino,NOVA UNIÃO,7.53,,prata
2026-03-20,destino,OSASCO,47.12,,nanica
2026-03-20,destino,OSASCO,10.73,,prata
2026-03-20,destino,PARAIBUNA,13.97,,nanica
2026-03-20,destino,PARANAÍBA,0.038,,nanica
2026-03-20,destino,PARAÍSO DAS ÁGUAS,0.095,,nanica
2026-03-20,destino,PARAÍSO DAS ÁGUAS,0.038,,outras
2026-03-20,destino,PATOS DE MINAS,0.95,,nanica
2026-03-20,destino,PATOS DE MINAS,7.0,,outras
2026-03-20,destino,PATOS DE MINAS,18.2,,prata
2026-03-20,destino,PEDRALVA,20.5,,nanica
2026-03-20,destino,PETRÓPOLIS,0.5,,prata
2026-03-20,destino,PIAU,15.0,,nanica
2026-03-20,destino,PIEDADE DE CARATINGA,11.0,,prata
2026-03-20,destino,PINDAMONHANGABA,3.0,,prata
2026-03-20,destino,PIRAPORA,15.0,,prata
2026-03-20,destino,POÇOS DE CALDAS,15.0,,prata
2026-03-20,destino,QUIRINÓPOLIS,0.238,,nanica
2026-03-20,destino,QUIRINÓPOLIS,0.404,,outras
2026-03-20,destino,QUIRINÓPOLIS,0.298,,prata
2026-03-20,destino,RIBEIRÃO DAS NEVES,24.5,,prata
2026-03-20,destino,RIBEIRÃO PRETO,71.54,,nanica
2026-03-20,destino,RIBEIRÃO PRETO,1.3,,outras
2026-03-20,destino,RIBEIRÃO PRETO,31.29,,prata
2026-03-20,destino,RIO DE JANEIRO,107.745,,nanica
2026-03-20,destino,RIO DE JANEIRO,5.01,,outras
2026-03-20,destino,RIO DE JANEIRO,365.204,,prata
2026-03-20,destino,RIO VERDE,0.159,,nanica
2026-03-20,destino,RIO VERDE,0.146,,outras
2026-03-20,destino,RIO VERDE,0.16,,prata
2026-03-20,destino,SANTA RITA DO PASSA QUATRO,4.65,,prata
2026-03-20,destino,SANTO ANTÔNIO DO JARDIM,3.6,,prata
2026-03-20,destino,SOROCABA,9.6,,prata
2026-03-20,destino,SUZANO,11.456,,prata
2026-03-20,destino,SÃO BERNARDO DO CAMPO,23.1,,nanica
2026-03-20,destino,SÃO BERNARDO DO CAMPO,87.815,,prata
2026-03-20,destino,SÃO FRANCISCO,6.0,,prata
2026-03-20,destino,SÃO GONÇALO,6.0,,nanica
2026-03-20,destino,SÃO JOSÉ DO RIO PRETO,41.8,,nanica
2026-03-20,destino,SÃO JOSÉ DOS CAMPOS,10.0,,prata
2026-03-20,destino,SÃO PAULO,57.5,,nanica
2026-03-20,destino,SÃO PAULO,2.475,,outras
2026-03-20,destino,SÃO PAULO,98.625,,prata
2026-03-20,destino,TAQUARAÇU DE MINAS,4.0,,prata
2026-03-20,destino,TAUBATÉ,15.3,,nanica
2026-03-20,destino,TAUBATÉ,10.98,,prata
2026-03-20,destino,TRÊS RIOS,1.05,,nanica
2026-03-20,destino,TRÊS RIOS,0.03,,outras
2026-03-20,destino,TRÊS RIOS,1.335,,prata
2026-03-20,destino,UBERLÂNDIA,30.12,,prata
2026-03-20,destino,UNAÍ,0.6,,nanica
2026-03-20,destino,UNAÍ,0.75,,prata
2026-03-20,destino,VÁRZEA PAULISTA,30.0,,nanica
2026-03-20,destino,VÁRZEA PAULISTA,13.0,,prata
2026-03-20,origem,ANDRADAS,15.0,,prata
2026-03-20,origem,ARAÇUAÍ,3.0,,nanica
2026-03-20,origem,ARAÇUAÍ,22.64,,prata
2026-03-20,origem,BRAZÓPOLIS,1.6,,nanica
2026-03-20,origem,BRAZÓPOLIS,14.7,,prata
2026-03-20,origem,CANÁPOLIS,8.05,,outras
2026-03-20,origem,CAPITÃO ENÉAS,56.85,,nanica
2026-03-20,origem,CAPITÃO ENÉAS,31.51,,prata
2026-03-20,origem,CARANGOLA,13.0,,nanica
2026-03-20,origem,CLARO DOS POÇÕES,19.0,,prata
2026-03-20,origem,CONGONHAL,6.6,,nanica
2026-03-20,origem,CONSOLAÇÃO,1.4,,prata
2026-03-20,origem,CONTAGEM,15.0,,nanica
2026-03-20,origem,CORINTO,30.995,,prata
2026-03-20,origem,CURVELO,4.35,,nanica
2026-03-20,origem,CURVELO,4.58,,prata
2026-03-20,origem,CÁSSIA,10.8,,prata
2026-03-20,origem,DELFINÓPOLIS,292.427,,prata
2026-03-20,origem,ESPINOSA,20.0,,prata
2026-03-20,origem,FRANCISCO SÁ,8.0,,prata
2026-03-20,origem,GONÇALVES,2.6,,prata
2026-03-20,origem,ITACARAMBI,59.0,,nanica
2026-03-20,origem,ITAOBIM,27.0,,prata
2026-03-20,origem,ITINGA,19.8,,prata
2026-03-20,origem,JANAÚBA,23.145,,nanica
2026-03-20,origem,JANAÚBA,112.824,,prata
2026-03-20,origem,JAÍBA,659.33,,nanica
2026-03-20,origem,JAÍBA,6.115,,outras
2026-03-20,origem,JAÍBA,242.5,,prata
2026-03-20,origem,JEQUITINHONHA,38.2,,prata
2026-03-20,origem,LAGOA FORMOSA,7.0,,outras
2026-03-20,origem,LASSANCE,13.2,,nanica
2026-03-20,origem,LASSANCE,78.158,,prata
2026-03-20,origem,MANGA,13.5,,nanica
2026-03-20,origem,MARILAC,44.4,,prata
2026-03-20,origem,MATIAS CARDOSO,10.8,,nanica
2026-03-20,origem,MATIAS CARDOSO,42.0,,prata
2026-03-20,origem,MONTES CLAROS,13.32,,nanica
2026-03-20,origem,MONTES CLAROS,63.42,,prata
2026-03-20,origem,NOVA PORTEIRINHA,18.0,,nanica
2026-03-20,origem,NOVA PORTEIRINHA,135.085,,prata
2026-03-20,origem,NOVA UNIÃO,21.0,,nanica
2026-03-20,origem,NOVA UNIÃO,6.0,,prata
2026-03-20,origem,PEDRALVA,57.87,,nanica
2026-03-20,origem,PIAU,15.0,,nanica
2026-03-20,origem,PIAU,4.2,,outras
2026-03-20,origem,PIAU,0.5,,prata
2026-03-20,origem,PIRAPORA,0.95,,nanica
2026-03-20,origem,PIRAPORA,99.93,,prata
2026-03-20,origem,SIMONÉSIA,2.0,,nanica
2026-03-20,origem,SIMONÉSIA,2.0,,prata
2026-03-20,origem,SÃO FRANCISCO,0.6,,nanica
2026-03-20,origem,SÃO FRANCISCO,40.8,,prata
2026-03-20,origem,SÃO JOÃO DA PONTE,15.0,,prata
2026-03-20,origem,UBERLÂNDIA,1.114,,nanica
2026-03-20,origem,UBERLÂNDIA,1.77,,outras
2026-03-20,origem,UBERLÂNDIA,1.611,,prata
2026-03-20,origem,VERDELÂNDIA,54.94,,prata
2026-03-20,origem,VÁRZEA DA PALMA,1.8,,nanica
2026-03-20,origem,VÁRZEA DA PALMA,13.02,,prata
2026-03-21,destino,CAMPINAS,32.0,,nanica
2026-03-21,destino,CASSILÂNDIA,0.108,,prata
2026-03-21,destino,CHAPADÃO DO CÉU,0.06,,nanica
2026-03-21,destino,CHAPADÃO DO CÉU,0.02,,outras
2026-03-21,destino,CHAPADÃO DO SUL,0.08,,nanica
2026-03-21,destino,CHAPADÃO DO SUL,0.056,,outras
2026-03-21,destino,CHAPADÃO DO SUL,0.108,,prata
2026-03-21,destino,CONTAGEM,68.1,,nanica
2026-03-21,destino,CONTAGEM,3.0,,outras
2026-03-21,destino,CONTAGEM,27.9,,prata
2026-03-21,destino,CUIABÁ,17.56,,nanica
2026-03-21,destino,CUIABÁ,3.36,,prata
2026-03-21,destino,FRANCA,12.0,,nanica
2026-03-21,destino,GOIÂNIA,10.0,,prata
2026-03-21,destino,INOCÊNCIA,0.8,,nanica
2026-03-21,destino,INOCÊNCIA,0.096,,outras
2026-03-21,destino,INOCÊNCIA,1.44,,prata
2026-03-21,destino,JUNDIAÍ,16.8,,nanica
2026-03-21,destino,MONTES CLAROS,10.5,,nanica
2026-03-21,destino,PARANAÍBA,0.08,,outras
2026-03-21,destino,PARANAÍBA,0.054,,prata
2026-03-21,destino,PARAÍSO DAS ÁGUAS,0.1,,nanica
2026-03-21,destino,PARAÍSO DAS ÁGUAS,0.018,,outras
2026-03-21,destino,PARAÍSO DAS ÁGUAS,0.018,,prata
2026-03-21,destino,RIBEIRÃO PRETO,11.235,,prata
2026-03-21,destino,RIO DE JANEIRO,81.0,,prata
2026-03-21,destino,SÃO CAETANO DO SUL,9.0,,nanica
2026-03-21,destino,SÃO CAETANO DO SUL,3.75,,prata
2026-03-21,destino,SÃO PAULO,28.25,,nanica
2026-03-21,destino,SÃO PAULO,7.3,,prata
2026-03-21,destino,TABOÃO DA SERRA,15.0,,nanica
2026-03-21,destino,TRÊS RIOS,4.05,,nanica
2026-03-21,destino,TRÊS RIOS,0.03,,outras
2026-03-21,destino,TRÊS RIOS,1.545,,prata
2026-03-21,destino,UBERLÂNDIA,6.0,,nanica
2026-03-21,destino,UBERLÂNDIA,10.5,,prata
2026-03-21,destino,VITÓRIA DA CONQUISTA,0.33,,outras
2026-03-21,destino,VÁRZEA PAULISTA,27.0,,nanica
2026-03-21,origem,ARAÇUAÍ,18.0,,prata
2026-03-21,origem,CORINTO,20.0,,nanica
2026-03-21,origem,ESPINOSA,10.0,,prata
2026-03-21,origem,FRANCISCO SÁ,5.0,,prata
2026-03-21,origem,ITACARAMBI,12.0,,nanica
2026-03-21,origem,JANAÚBA,14.0,,prata
2026-03-21,origem,JAÍBA,150.01,,nanica
2026-03-21,origem,JAÍBA,3.36,,outras
2026-03-21,origem,JAÍBA,24.905,,prata
2026-03-21,origem,JEQUITINHONHA,18.9,,prata
2026-03-21,origem,LASSANCE,57.0,,nanica
2026-03-21,origem,LASSANCE,35.985,,prata
2026-03-21,origem,MONTES CLAROS,7.25,,nanica
2026-03-21,origem,MONTES CLAROS,7.3,,prata
2026-03-21,origem,PIRAPORA,22.5,,prata
2026-03-21,origem,UBERLÂNDIA,1.04,,nanica
2026-03-21,origem,UBERLÂNDIA,0.27,,outras
2026-03-21,origem,UBERLÂNDIA,1.728,,prata
2026-03-23,destino,ALPERCATA,10.0,,prata
2026-03-23,destino,ARAÇATUBA,29.4,,nanica
2026-03-23,destino,BRASÍLIA,36.51,,prata
2026-03-23,destino,BRAZÓPOLIS,20.0,,prata
2026-03-23,destino,CAMPINAS,102.885,,nanica
2026-03-23,destino,CAMPINAS,1.5,,outras
2026-03-23,destino,CAMPINAS,40.05,,prata
2026-03-23,destino,CAMPO GRANDE,83.16,,nanica
2026-03-23,destino,CAMPO GRANDE,8.24,,prata
2026-03-23,destino,CARIACICA,6.0,,prata
2026-03-23,destino,CATALÃO,0.199,,nanica
2026-03-23,destino,CATALÃO,0.486,,outras
2026-03-23,destino,CATALÃO,0.34,,prata
2026-03-23,destino,CONTAGEM,180.72,,nanica
2026-03-23,destino,CONTAGEM,224.18,,prata
2026-03-23,destino,CRISTINA,9.0,,nanica
2026-03-23,destino,CRISTINA,5.0,,outras
2026-03-23,destino,CUIABÁ,17.56,,nanica
2026-03-23,destino,CUIABÁ,3.36,,prata
2026-03-23,destino,CUMARI,0.054,,outras
2026-03-23,destino,CURVELO,120.0,,nanica
2026-03-23,destino,CURVELO,30.0,,prata
2026-03-23,destino,EXTREMA,15.1,,prata
2026-03-23,destino,GOIÂNIA,2.0,,outras
2026-03-23,destino,GUARULHOS,13.5,,nanica
2026-03-23,destino,INCONFIDENTES,3.0,,prata
2026-03-23,destino,ITARIRI,39.96,,nanica
2026-03-23,destino,JANAÚBA,23.1,,nanica
2026-03-23,destino,JANAÚBA,14.0,,prata
2026-03-23,destino,JUNDIAÍ,12.6,,nanica
2026-03-23,destino,JUNDIAÍ,14.85,,prata
2026-03-23,destino,MONTES CLAROS,6.0,,outras
2026-03-23,destino,MONTES CLAROS,25.02,,prata
2026-03-23,destino,NITERÓI,15.0,,prata
2026-03-23,destino,OSASCO,29.445,,nanica
2026-03-23,destino,OSASCO,1.69,,outras
2026-03-23,destino,OSASCO,12.23,,prata
2026-03-23,destino,PARAIBUNA,6.181,,nanica
2026-03-23,destino,PARAÍBA DO SUL,0.24,,outras
2026-03-23,destino,PEDRA AZUL,1.2,,prata
2026-03-23,destino,PORTO VELHO,15.12,,prata
2026-03-23,destino,POUSO ALEGRE,3.33,,nanica
2026-03-23,destino,POUSO ALEGRE,1.005,,outras
2026-03-23,destino,POUSO ALEGRE,14.375,,prata
2026-03-23,destino,POÇOS DE CALDAS,4.8,,prata
2026-03-23,destino,QUIRINÓPOLIS,1.2,,prata
2026-03-23,destino,RESENDE,4.5,,nanica
2026-03-23,destino,RESENDE,2.5,,outras
2026-03-23,destino,RIBEIRÃO DAS NEVES,29.28,,prata
2026-03-23,destino,RIBEIRÃO PRETO,79.905,,nanica
2026-03-23,destino,RIBEIRÃO PRETO,24.32,,prata
2026-03-23,destino,RIO DE JANEIRO,46.5,,nanica
2026-03-23,destino,RIO DE JANEIRO,362.74,,prata
2026-03-23,destino,SUMARÉ,7.8,,prata
2026-03-23,destino,SÃO BERNARDO DO CAMPO,21.485,,prata
2026-03-23,destino,SÃO FRANCISCO,6.0,,nanica
2026-03-23,destino,SÃO GONÇALO,11.0,,prata
2026-03-23,destino,SÃO JOSÉ DO RIO PARDO,5.0,,nanica
2026-03-23,destino,SÃO JOSÉ DO RIO PRETO,7.5,,nanica
2026-03-23,destino,SÃO JOSÉ DO RIO PRETO,11.195,,prata
2026-03-23,destino,SÃO JOSÉ DOS CAMPOS,10.8,,nanica
2026-03-23,destino,SÃO JOSÉ DOS CAMPOS,6.6,,prata
2026-03-23,destino,SÃO JOÃO DE MERITI,5.0,,prata
2026-03-23,destino,SÃO PAULO,50.009,,nanica
2026-03-23,destino,SÃO PAULO,0.72,,outras
2026-03-23,destino,SÃO PAULO,109.913,,prata
2026-03-23,destino,TABOÃO DA SERRA,1.5,,outras
2026-03-23,destino,TABOÃO DA SERRA,13.5,,prata
2026-03-23,destino,TAUBATÉ,2.24,,nanica
2026-03-23,destino,TAUBATÉ,15.3,,prata
2026-03-23,destino,TOCANTINS,4.5,,nanica
2026-03-23,destino,TOCANTINS,3.0,,prata
2026-03-23,destino,TRÊS RIOS,3.54,,nanica
2026-03-23,destino,TRÊS RIOS,0.04,,outras
2026-03-23,destino,TRÊS RIOS,1.89,,prata
2026-03-23,destino,UBERABA,8.0,,prata
2026-03-23,destino,UBERLÂNDIA,2.0,,nanica
2026-03-23,destino,UBERLÂNDIA,9.0,,outras
2026-03-23,destino,UBERLÂNDIA,27.3,,prata
2026-03-23,destino,UNAÍ,0.6,,nanica
2026-03-23,destino,UNAÍ,0.75,,prata
2026-03-23,destino,VITÓRIA DA CONQUISTA,0.33,,outras
2026-03-23,destino,VÁRZEA PAULISTA,36.0,,nanica
2026-03-23,destino,VÁRZEA PAULISTA,13.5,,prata
2026-03-23,origem,ANDRADAS,9.8,,prata
2026-03-23,origem,ARAÇUAÍ,73.7,,prata
2026-03-23,origem,BRAZÓPOLIS,2.24,,nanica
2026-03-23,origem,CANÁPOLIS,2.0,,outras
2026-03-23,origem,CAPITÃO ENÉAS,27.4,,prata
2026-03-23,origem,CLARO DOS POÇÕES,6.0,,outras
2026-03-23,origem,CONTAGEM,19.72,,nanica
2026-03-23,origem,CONTAGEM,26.0,,prata
2026-03-23,origem,CORINTO,12.0,,nanica
2026-03-23,origem,CRISTINA,13.5,,nanica
2026-03-23,origem,CRISTINA,7.5,,outras
2026-03-23,origem,CURVELO,120.0,,nanica
2026-03-23,origem,CURVELO,30.0,,prata
2026-03-23,origem,CÁSSIA,13.385,,prata
2026-03-23,origem,DELFINÓPOLIS,165.237,,prata
2026-03-23,origem,ESPINOSA,30.0,,prata
2026-03-23,origem,GONÇALVES,2.0,,prata
2026-03-23,origem,INCONFIDENTES,3.0,,prata
2026-03-23,origem,ITACARAMBI,24.0,,nanica
2026-03-23,origem,ITAJUBÁ,15.1,,prata
2026-03-23,origem,ITINGA,18.0,,prata
2026-03-23,origem,JANAÚBA,16.6,,nanica
2026-03-23,origem,JANAÚBA,77.0,,prata
2026-03-23,origem,JAÍBA,518.604,,nanica
2026-03-23,origem,JAÍBA,5.74,,outras
2026-03-23,origem,JAÍBA,137.196,,prata
2026-03-23,origem,JEQUITINHONHA,48.0,,prata
2026-03-23,origem,JUIZ DE FORA,0.28,,outras
2026-03-23,origem,LASSANCE,27.78,,prata
2026-03-23,origem,MANGA,7.5,,nanica
2026-03-23,origem,MARILAC,9.0,,nanica
2026-03-23,origem,MARILAC,34.5,,prata
2026-03-23,origem,MATIAS CARDOSO,43.4,,nanica
2026-03-23,origem,MATIAS CARDOSO,53.12,,prata
2026-03-23,origem,MONTES CLAROS,75.84,,prata
2026-03-23,origem,NOVA PORTEIRINHA,5.5,,nanica
2026-03-23,origem,NOVA PORTEIRINHA,125.78,,prata
2026-03-23,origem,NOVA UNIÃO,90.0,,nanica
2026-03-23,origem,NOVA UNIÃO,12.0,,prata
2026-03-23,origem,PAULISTAS,1.7,,nanica
2026-03-23,origem,PAULISTAS,12.7,,prata
2026-03-23,origem,PEDRALVA,11.181,,nanica
2026-03-23,origem,PIRAPORA,84.91,,prata
2026-03-23,origem,POUSO ALEGRE,3.33,,nanica
2026-03-23,origem,POUSO ALEGRE,1.005,,outras
2026-03-23,origem,POUSO ALEGRE,12.375,,prata
2026-03-23,origem,SÃO FRANCISCO,0.6,,nanica
2026-03-23,origem,SÃO FRANCISCO,18.75,,prata
2026-03-23,origem,SÃO JOÃO DA PONTE,17.0,,prata
2026-03-23,origem,UBERLÂNDIA,0.199,,nanica
2026-03-23,origem,UBERLÂNDIA,9.54,,outras
2026-03-23,origem,UBERLÂNDIA,1.54,,prata
2026-03-23,origem,VERDELÂNDIA,31.06,,nanica
2026-03-23,origem,VERDELÂNDIA,27.035,,prata
2026-03-23,origem,VÁRZEA DA PALMA,8.0,,prata
2026-03-24,destino,ANDRADAS,8.0,,prata
2026-03-24,destino,ARAÇATUBA,6.0,,prata
2026-03-24,destino,BARBACENA,4.0,,prata
2026-03-24,destino,BOTELHOS,1.0,,nanica
2026-03-24,destino,BOTELHOS,3.0,,prata
2026-03-24,destino,BRASÍLIA,0.675,,nanica
2026-03-24,destino,BRASÍLIA,0.675,,outras
2026-03-24,destino,BRASÍLIA,14.85,,prata
2026-03-24,destino,BRAZÓPOLIS,0.11,,nanica
2026-03-24,destino,BRAZÓPOLIS,0.77,,prata
2026-03-24,destino,CAMPINAS,54.51,,nanica
2026-03-24,destino,CAMPINAS,25.05,,outras
2026-03-24,destino,CAMPINAS,29.11,,prata
2026-03-24,destino,CAMPO GRANDE,60.02,,nanica
2026-03-24,destino,CAMPO GRANDE,3.36,,prata
2026-03-24,destino,CATALÃO,0.112,,nanica
2026-03-24,destino,CATALÃO,0.292,,outras
2026-03-24,destino,CATALÃO,0.128,,prata
2026-03-24,destino,CONGONHAL,22.136,,nanica
2026-03-24,destino,CONTAGEM,89.517,,nanica
2026-03-24,destino,CONTAGEM,91.712,,outras
2026-03-24,destino,CONTAGEM,281.903,,prata
2026-03-24,destino,CURVELO,2.25,,nanica
2026-03-24,destino,CURVELO,18.385,,prata
2026-03-24,destino,DIADEMA,13.5,,prata
2026-03-24,destino,DIVINÓPOLIS,14.5,,prata
2026-03-24,destino,DOURADOS,20.0,,nanica
2026-03-24,destino,EXTREMA,15.0,,nanica
2026-03-24,destino,EXTREMA,7.0,,prata
2026-03-24,destino,FERVEDOURO,12.5,,nanica
2026-03-24,destino,FRANCA,4.018,,nanica
2026-03-24,destino,FRANCA,23.0,,prata
2026-03-24,destino,GUARULHOS,13.5,,nanica
2026-03-24,destino,INCONFIDENTES,4.5,,prata
2026-03-24,destino,IPAMERI,15.84,,nanica
2026-03-24,destino,IPAMERI,29.51,,outras
2026-03-24,destino,IPAMERI,6.6,,prata
2026-03-24,destino,ITAMOGI,2.28,,nanica
2026-03-24,destino,ITAPERUNA,6.0,,nanica
2026-03-24,destino,ITAPERUNA,0.02,,prata
2026-03-24,destino,ITARIRI,18.71,,prata
2026-03-24,destino,ITUIUTABA,0.72,,outras
2026-03-24,destino,ITUMBIARA,9.96,,outras
2026-03-24,destino,JACAREÍ,8.4,,prata
2026-03-24,destino,JALES,13.5,,nanica
2026-03-24,destino,JANAÚBA,36.5,,nanica
2026-03-24,destino,JANAÚBA,20.7,,prata
2026-03-24,destino,JAÍBA,13.325,,nanica
2026-03-24,destino,JUIZ DE FORA,10.0,,prata
2026-03-24,destino,JUNDIAÍ,30.8,,nanica
2026-03-24,destino,JUNDIAÍ,8.0,,prata
2026-03-24,destino,MIRACATU,12.6,,nanica
2026-03-24,destino,MONTES CLAROS,9.84,,nanica
2026-03-24,destino,MONTES CLAROS,2.25,,outras
2026-03-24,destino,MONTES CLAROS,21.3,,prata
2026-03-24,destino,NITERÓI,0.08,,prata
2026-03-24,destino,NOVA PORTEIRINHA,0.24,,prata
2026-03-24,destino,OSASCO,31.5,,nanica
2026-03-24,destino,OSASCO,24.23,,prata
2026-03-24,destino,PARAIBUNA,10.2,,nanica
2026-03-24,destino,PARAOPEBA,8.0,,nanica
2026-03-24,destino,PATOS DE MINAS,13.0,,prata
2026-03-24,destino,PEDRALVA,63.5,,nanica
2026-03-24,destino,PEDRALVA,19.32,,outras
2026-03-24,destino,PEDRALVA,24.0,,prata
2026-03-24,destino,PETRÓPOLIS,5.0,,prata
2026-03-24,destino,PIAU,8.0,,nanica
2026-03-24,destino,PIAU,0.018,,prata
2026-03-24,destino,PIRACICABA,1.4,,prata
2026-03-24,destino,PIRANGUÇU,12.0,,nanica
2026-03-24,destino,PIRANGUÇU,1.0,,prata
2026-03-24,destino,QUIRINÓPOLIS,0.038,,nanica
2026-03-24,destino,QUIRINÓPOLIS,27.8,,outras
2026-03-24,destino,QUIRINÓPOLIS,13.0,,prata
2026-03-24,destino,RIBEIRÃO PRETO,84.27,,nanica
2026-03-24,destino,RIBEIRÃO PRETO,35.925,,prata
2026-03-24,destino,RIO DE JANEIRO,33.37,,nanica
2026-03-24,destino,RIO DE JANEIRO,2.6,,outras
2026-03-24,destino,RIO DE JANEIRO,131.8,,prata
2026-03-24,destino,SANTO ANDRÉ,18.0,,prata
2026-03-24,destino,SANTO ANTÔNIO DO JARDIM,2.76,,prata
2026-03-24,destino,SEROPÉDICA,7.25,,prata
2026-03-24,destino,SOROCABA,12.5,,nanica
2026-03-24,destino,SUZANO,11.52,,prata
2026-03-24,destino,SÃO BERNARDO DO CAMPO,36.6,,prata
2026-03-24,destino,SÃO JOSÉ DO RIO PRETO,12.0,,nanica
2026-03-24,destino,SÃO PAULO,49.489,,nanica
2026-03-24,destino,SÃO PAULO,76.266,,prata
2026-03-24,destino,TABOÃO DA SERRA,5.04,,nanica
2026-03-24,destino,TAUBATÉ,6.0,,nanica
2026-03-24,destino,TAUBATÉ,1.0,,prata
2026-03-24,destino,TRÊS CORAÇÕES,30.42,,nanica
2026-03-24,destino,TRÊS CORAÇÕES,0.19,,prata
2026-03-24,destino,TRÊS RIOS,1.965,,nanica
2026-03-24,destino,TRÊS RIOS,3.94,,prata
2026-03-24,destino,UBERLÂNDIA,21.12,,prata
2026-03-24,destino,VOLTA REDONDA,16.5,,nanica
2026-03-24,destino,VOLTA REDONDA,24.825,,prata
2026-03-24,destino,VOTORANTIM,13.28,,prata
2026-03-24,destino,VÁRZEA PAULISTA,22.61,,nanica
2026-03-24,origem,ARAÇUAÍ,5.0,,nanica
2026-03-24,origem,ARAÇUAÍ,11.0,,prata
2026-03-24,origem,BELO HORIZONTE,19.514,,nanica
2026-03-24,origem,BELO HORIZONTE,14.355,,outras
2026-03-24,origem,BELO HORIZONTE,50.105,,prata
2026-03-24,origem,BOTELHOS,1.0,,nanica
2026-03-24,origem,BOTELHOS,3.0,,prata
2026-03-24,origem,CAMPINA VERDE,29.385,,outras
2026-03-24,origem,CANÁPOLIS,1.68,,outras
2026-03-24,origem,CAPITÃO ENÉAS,28.0,,prata
2026-03-24,origem,CARANGOLA,6.0,,nanica
2026-03-24,origem,CARANGOLA,0.02,,prata
2026-03-24,origem,CLARO DOS POÇÕES,19.0,,prata
2026-03-24,origem,CONGONHAL,10.2,,nanica
2026-03-24,origem,CONTAGEM,41.138,,nanica
2026-03-24,origem,CONTAGEM,44.972,,outras
2026-03-24,origem,CONTAGEM,40.498,,prata
2026-03-24,origem,CRISTINA,12.0,,nanica
2026-03-24,origem,CRISTINA,6.72,,outras
2026-03-24,origem,CURVELO,15.0,,prata
2026-03-24,origem,DELFINÓPOLIS,2.28,,nanica
2026-03-24,origem,DELFINÓPOLIS,235.65,,prata
2026-03-24,origem,FERVEDOURO,25.0,,nanica
2026-03-24,origem,FRANCISCO SÁ,13.5,,prata
2026-03-24,origem,INCONFIDENTES,4.5,,prata
2026-03-24,origem,ITACARAMBI,68.39,,nanica
2026-03-24,origem,ITACARAMBI,2.925,,outras
2026-03-24,origem,ITACARAMBI,32.4,,prata
2026-03-24,origem,JANAÚBA,39.626,,prata
2026-03-24,origem,JAÍBA,386.862,,nanica
2026-03-24,origem,JAÍBA,28.05,,outras
2026-03-24,origem,JAÍBA,84.105,,prata
2026-03-24,origem,JEQUITINHONHA,27.0,,prata
2026-03-24,origem,LASSANCE,35.47,,nanica
2026-03-24,origem,LASSANCE,68.045,,prata
2026-03-24,origem,MANGA,13.5,,nanica
2026-03-24,origem,MARILAC,18.0,,nanica
2026-03-24,origem,MARILAC,30.0,,prata
2026-03-24,origem,MATIAS CARDOSO,7.0,,nanica
2026-03-24,origem,MATIAS CARDOSO,5.0,,prata
2026-03-24,origem,MONTES CLAROS,17.0,,prata
2026-03-24,origem,NOVA PORTEIRINHA,20.345,,nanica
2026-03-24,origem,NOVA PORTEIRINHA,71.42,,prata
2026-03-24,origem,OLIVEIRA FORTES,4.0,,prata
2026-03-24,origem,PARAOPEBA,8.0,,nanica
2026-03-24,origem,PAULISTAS,0.4,,prata
2026-03-24,origem,PEDRALVA,117.136,,nanica
2026-03-24,origem,PEDRALVA,12.6,,outras
2026-03-24,origem,PEDRALVA,45.225,,prata
2026-03-24,origem,PEDRAS DE MARIA DA CRUZ,13.0,,prata
2026-03-24,origem,PIAU,11.0,,nanica
2026-03-24,origem,PIAU,0.018,,prata
2026-03-24,origem,PIRANGUÇU,6.11,,nanica
2026-03-24,origem,PIRANGUÇU,1.77,,prata
2026-03-24,origem,PIRAPORA,73.6,,prata
2026-03-24,origem,SANTOS DUMONT,2.6,,outras
2026-03-24,origem,SÃO JOÃO DA PONTE,7.25,,prata
2026-03-24,origem,UBERLÂNDIA,15.99,,nanica
2026-03-24,origem,UBERLÂNDIA,66.602,,outras
2026-03-24,origem,UBERLÂNDIA,19.728,,prata
2026-03-24,origem,VERDELÂNDIA,13.5,,nanica
2026-03-24,origem,VERDELÂNDIA,20.32,,prata
2026-03-24,origem,VÁRZEA DA PALMA,12.0,,prata
2026-03-25,destino,ALTO RIO DOCE,0.1,,nanica
2026-03-25,destino,ALTO RIO DOCE,0.6,,prata
2026-03-25,destino,ANDRADAS,15.0,,prata
2026-03-25,destino,ARAÇATUBA,24.0,,nanica
2026-03-25,destino,ARCOS,12.0,,prata
2026-03-25,destino,BARBACENA,4.0,,nanica
2026-03-25,destino,BARBACENA,19.5,,prata
2026-03-25,destino,BRASÍLIA,6.0,,nanica
2026-03-25,destino,BRASÍLIA,51.95,,prata
2026-03-25,destino,BURITI ALEGRE,1.92,,outras
2026-03-25,destino,CACHOEIRA PAULISTA,0.8,,nanica
2026-03-25,destino,CACHOEIRA PAULISTA,0.8,,prata
2026-03-25,destino,CAMPINAS,75.0,,nanica
2026-03-25,destino,CAMPINAS,39.55,,prata
2026-03-25,destino,CAMPO GRANDE,88.4,,nanica
2026-03-25,destino,CAMPO GRANDE,3.0,,prata
2026-03-25,destino,CAPELINHA,7.6,,prata
2026-03-25,destino,CARANGOLA,13.0,,nanica
2026-03-25,destino,CASSILÂNDIA,0.108,,prata
2026-03-25,destino,CAXAMBU,7.1,,prata
2026-03-25,destino,CHAPADÃO DO CÉU,0.06,,nanica
2026-03-25,destino,CHAPADÃO DO SUL,0.04,,nanica
2026-03-25,destino,CHAPADÃO DO SUL,0.04,,outras
2026-03-25,destino,CHAPADÃO DO SUL,0.144,,prata
2026-03-25,destino,CONCEIÇÃO DAS PEDRAS,8.0,,prata
2026-03-25,destino,CONTAGEM,149.8,,nanica
2026-03-25,destino,CONTAGEM,2.5,,outras
2026-03-25,destino,CONTAGEM,240.45,,prata
2026-03-25,destino,COSMÓPOLIS,7.0,,nanica
2026-03-25,destino,COSMÓPOLIS,5.1,,prata
2026-03-25,destino,COSTA RICA,0.039,,nanica
2026-03-25,destino,COSTA RICA,0.019,,outras
2026-03-25,destino,DIVINÓPOLIS,12.45,,prata
2026-03-25,destino,FERVEDOURO,12.5,,nanica
2026-03-25,destino,FRANCA,14.0,,nanica
2026-03-25,destino,GOIÂNIA,16.5,,prata
2026-03-25,destino,GUARULHOS,13.5,,nanica
2026-03-25,destino,INOCÊNCIA,0.678,,nanica
2026-03-25,destino,INOCÊNCIA,0.058,,outras
2026-03-25,destino,INOCÊNCIA,0.998,,prata
2026-03-25,destino,ITUMBIARA,0.13,,nanica
2026-03-25,destino,ITUMBIARA,0.372,,outras
2026-03-25,destino,ITUMBIARA,0.29,,prata
2026-03-25,destino,JANAÚBA,13.26,,nanica
2026-03-25,destino,JANAÚBA,10.0,,prata
2026-03-25,destino,JARDINÓPOLIS,14.0,,nanica
2026-03-25,destino,JAÚ,23.1,,nanica
2026-03-25,destino,JEQUITINHONHA,10.8,,prata
2026-03-25,destino,JUNDIAÍ,47.1,,nanica
2026-03-25,destino,JUNDIAÍ,5.7,,prata
2026-03-25,destino,LEOPOLDINA,0.6,,outras
2026-03-25,destino,LEOPOLDINA,1.0,,prata
2026-03-25,destino,LORENA,0.8,,nanica
2026-03-25,destino,LORENA,0.8,,prata
2026-03-25,destino,MARINGÁ,23.0,,nanica
2026-03-25,destino,MINEIROS DO TIETÊ,15.63,,nanica
2026-03-25,destino,MONTES CLAROS,3.0,,outras
2026-03-25,destino,MONTES CLAROS,68.78,,prata
2026-03-25,destino,NITERÓI,12.0,,prata
2026-03-25,destino,NOVA PORTEIRINHA,10.0,,prata
2026-03-25,destino,OSASCO,6.765,,nanica
2026-03-25,destino,OSASCO,1.56,,outras
2026-03-25,destino,OSASCO,14.08,,prata
2026-03-25,destino,PARAIBUNA,12.4,,nanica
2026-03-25,destino,PARANAÍBA,0.08,,outras
2026-03-25,destino,PARANAÍBA,0.036,,prata
2026-03-25,destino,PARAÍSO DAS ÁGUAS,0.193,,nanica
2026-03-25,destino,PARAÍSO DAS ÁGUAS,0.076,,outras
2026-03-25,destino,PARAÍSO DAS ÁGUAS,0.018,,prata
2026-03-25,destino,PETRÓPOLIS,1.5,,nanica
2026-03-25,destino,PETRÓPOLIS,1.0,,prata
2026-03-25,destino,PIAU,30.0,,nanica
2026-03-25,destino,PIAU,4.0,,prata
2026-03-25,destino,POUSO ALEGRE,0.15,,prata
2026-03-25,destino,QUIRINÓPOLIS,0.12,,nanica
2026-03-25,destino,QUIRINÓPOLIS,0.188,,outras
2026-03-25,destino,QUIRINÓPOLIS,0.17,,prata
2026-03-25,destino,RIBEIRÃO DAS NEVES,13.5,,prata
2026-03-25,destino,RIBEIRÃO PRETO,61.511,,nanica
2026-03-25,destino,RIBEIRÃO PRETO,6.3,,outras
2026-03-25,destino,RIBEIRÃO PRETO,9.6,,prata
2026-03-25,destino,RIO DE JANEIRO,15.0,,nanica
2026-03-25,destino,RIO DE JANEIRO,0.45,,outras
2026-03-25,destino,RIO DE JANEIRO,179.702,,prata
2026-03-25,destino,RIO VERDE,0.01,,nanica
2026-03-25,destino,RIO VERDE,0.146,,outras
2026-03-25,destino,RIO VERDE,0.1,,prata
2026-03-25,destino,RODEIRO,5.0,,nanica
2026-03-25,destino,RODEIRO,4.0,,prata
2026-03-25,destino,SANTA BÁRBARA DO TUGÚRIO,8.0,,prata
2026-03-25,destino,SANTO ANTÔNIO DO JARDIM,14.7,,nanica
2026-03-25,destino,SANTO ANTÔNIO DO JARDIM,0.744,,prata
2026-03-25,destino,SEROPÉDICA,20.0,,prata
2026-03-25,destino,SUMARÉ,15.0,,nanica
2026-03-25,destino,SUZANO,11.488,,prata
2026-03-25,destino,SÃO BERNARDO DO CAMPO,36.6,,nanica
2026-03-25,destino,SÃO BERNARDO DO CAMPO,26.885,,prata
2026-03-25,destino,SÃO JOSÉ DO RIO PRETO,12.0,,nanica
2026-03-25,destino,SÃO MATEUS,0.12,,prata
2026-03-25,destino,SÃO PAULO,41.44,,nanica
2026-03-25,destino,SÃO PAULO,1.44,,outras
2026-03-25,destino,SÃO PAULO,37.05,,prata
2026-03-25,destino,TAUBATÉ,2.5,,nanica
2026-03-25,destino,TAUBATÉ,7.5,,prata
2026-03-25,destino,TEÓFILO OTONI,1.5,,prata
2026-03-25,destino,TRÊS RIOS,1.545,,nanica
2026-03-25,destino,TRÊS RIOS,1.635,,prata
2026-03-25,destino,UBERLÂNDIA,7.5,,nanica
2026-03-25,destino,UBERLÂNDIA,15.006,,prata
2026-03-25,destino,VITÓRIA DA CONQUISTA,0.33,,outras
2026-03-25,destino,VÁRZEA PAULISTA,12.0,,nanica
2026-03-25,origem,ALFENAS,15.0,,prata
2026-03-25,origem,ALTO RIO DOCE,0.1,,nanica
2026-03-25,origem,ALTO RIO DOCE,0.6,,prata
2026-03-25,origem,ARAÇUAÍ,60.832,,prata
2026-03-25,origem,BARBACENA,15.0,,prata
2026-03-25,origem,BRAZÓPOLIS,16.5,,nanica
2026-03-25,origem,BRAZÓPOLIS,24.1,,prata
2026-03-25,origem,CANÁPOLIS,8.22,,outras
2026-03-25,origem,CAPITÃO ENÉAS,13.5,,nanica
2026-03-25,origem,CAPITÃO ENÉAS,17.0,,prata
2026-03-25,origem,CARANGOLA,13.0,,nanica
2026-03-25,origem,CONCEIÇÃO DAS PEDRAS,16.0,,prata
2026-03-25,origem,CONTAGEM,72.15,,prata
2026-03-25,origem,CORINTO,16.8,,nanica
2026-03-25,origem,CORINTO,10.506,,prata
2026-03-25,origem,CURVELO,15.0,,nanica
2026-03-25,origem,CÁSSIA,28.7,,prata
2026-03-25,origem,DELFINÓPOLIS,7.0,,nanica
2026-03-25,origem,DELFINÓPOLIS,105.373,,prata
2026-03-25,origem,DIVINÓPOLIS,7.5,,prata
2026-03-25,origem,ESPINOSA,10.0,,prata
2026-03-25,origem,ESPÍRITO SANTO DO DOURADO,0.15,,prata
2026-03-25,origem,FERVEDOURO,7.5,,nanica
2026-03-25,origem,FRANCISCO SÁ,5.0,,prata
2026-03-25,origem,GUARDA-MOR,6.0,,nanica
2026-03-25,origem,GUARDA-MOR,4.0,,prata
2026-03-25,origem,IPATINGA,0.12,,prata
2026-03-25,origem,ITACARAMBI,22.31,,nanica
2026-03-25,origem,ITACARAMBI,5.01,,outras
2026-03-25,origem,ITACARAMBI,27.685,,prata
2026-03-25,origem,ITAMBACURI,1.5,,prata
2026-03-25,origem,ITINGA,12.0,,prata
2026-03-25,origem,JANAÚBA,8.0,,nanica
2026-03-25,origem,JANAÚBA,56.5,,prata
2026-03-25,origem,JAÍBA,475.241,,nanica
2026-03-25,origem,JAÍBA,3.77,,outras
2026-03-25,origem,JAÍBA,161.14,,prata
2026-03-25,origem,JEQUITINHONHA,10.8,,prata
2026-03-25,origem,LASSANCE,14.7,,nanica
2026-03-25,origem,LASSANCE,11.544,,prata
2026-03-25,origem,MANGA,12.0,,nanica
2026-03-25,origem,MARILAC,30.0,,prata
2026-03-25,origem,MATIAS CARDOSO,22.8,,nanica
2026-03-25,origem,MATIAS CARDOSO,23.0,,prata
2026-03-25,origem,MONTES CLAROS,4.0,,prata
2026-03-25,origem,NOVA PORTEIRINHA,12.0,,nanica
2026-03-25,origem,NOVA PORTEIRINHA,51.38,,prata
2026-03-25,origem,NOVA UNIÃO,75.0,,nanica
2026-03-25,origem,PEDRAS DE MARIA DA CRUZ,12.3,,prata
2026-03-25,origem,PIAU,31.5,,nanica
2026-03-25,origem,PIAU,5.0,,prata
2026-03-25,origem,PIRAPORA,7.5,,nanica
2026-03-25,origem,PIRAPORA,18.0,,prata
2026-03-25,origem,SANTA BÁRBARA DO TUGÚRIO,4.0,,nanica
2026-03-25,origem,SANTA BÁRBARA DO TUGÚRIO,4.5,,prata
2026-03-25,origem,SANTO HIPÓLITO,14.56,,prata
2026-03-25,origem,SIMONÉSIA,5.0,,nanica
2026-03-25,origem,SÃO FRANCISCO,31.0,,prata
2026-03-25,origem,TAQUARAÇU DE MINAS,9.0,,nanica
2026-03-25,origem,TAQUARAÇU DE MINAS,0.5,,outras
2026-03-25,origem,TAQUARAÇU DE MINAS,6.0,,prata
2026-03-25,origem,TOCANTINS,5.0,,nanica
2026-03-25,origem,TOCANTINS,0.6,,outras
2026-03-25,origem,TOCANTINS,5.0,,prata
2026-03-25,origem,UBERLÂNDIA,1.27,,nanica
2026-03-25,origem,UBERLÂNDIA,0.979,,outras
2026-03-25,origem,UBERLÂNDIA,1.864,,prata
2026-03-25,origem,VERDELÂNDIA,21.0,,nanica
2026-03-25,origem,VERDELÂNDIA,36.7,,prata
2026-03-26,destino,ABRE CAMPO,0.2,,nanica
2026-03-26,destino,ABRE CAMPO,0.9,,outras
2026-03-26,destino,ABRE CAMPO,2.0,,prata
2026-03-26,destino,ALMENARA,2.4,,prata
2026-03-26,destino,APARECIDA DE GOIÂNIA,18.9,,prata
2026-03-26,destino,ARCOS,12.0,,prata
2026-03-26,destino,BARBACENA,26.4,,nanica
2026-03-26,destino,BARBACENA,10.0,,prata
2026-03-26,destino,BARUERI,5.0,,nanica
2026-03-26,destino,BARUERI,7.3,,prata
2026-03-26,destino,BERTÓPOLIS,6.4,,prata
2026-03-26,destino,BOTELHOS,9.0,,prata
2026-03-26,destino,BRASÍLIA,25.05,,prata
2026-03-26,destino,BRAZÓPOLIS,4.4,,prata
2026-03-26,destino,BURITI ALEGRE,1.92,,outras
2026-03-26,destino,CAMPINAS,99.907,,nanica
2026-03-26,destino,CAMPINAS,41.1,,prata
2026-03-26,destino,CAMPO GRANDE,19.6,,nanica
2026-03-26,destino,CAMPO GRANDE,3.0,,prata
2026-03-26,destino,CARIACICA,6.0,,prata
2026-03-26,destino,CATALÃO,0.18,,nanica
2026-03-26,destino,CATALÃO,0.328,,outras
2026-03-26,destino,CATALÃO,0.456,,prata
2026-03-26,destino,CHIADOR,0.1,,prata
2026-03-26,destino,CONTAGEM,259.92,,nanica
2026-03-26,destino,CONTAGEM,60.025,,outras
2026-03-26,destino,CONTAGEM,330.62,,prata
2026-03-26,destino,CUMARI,0.09,,outras
2026-03-26,destino,CURVELO,15.0,,nanica
2026-03-26,destino,DIADEMA,13.5,,prata
2026-03-26,destino,DIVINÓPOLIS,7.5,,prata
2026-03-26,destino,FELIXLÂNDIA,1.0,,nanica
2026-03-26,destino,FELIXLÂNDIA,3.0,,prata
2026-03-26,destino,FOZ DO IGUAÇU,11.704,,prata
2026-03-26,destino,FRANCA,20.0,,nanica
2026-03-26,destino,FRANCA,13.77,,prata
2026-03-26,destino,GUARATINGUETÁ,1.75,,prata
2026-03-26,destino,GUARULHOS,13.5,,nanica
2026-03-26,destino,INCONFIDENTES,2.4,,prata
2026-03-26,destino,JANAÚBA,20.0,,nanica
2026-03-26,destino,JANAÚBA,10.0,,prata
2026-03-26,destino,JUIZ DE FORA,10.8,,prata
2026-03-26,destino,JUNDIAÍ,11.2,,nanica
2026-03-26,destino,LIMEIRA,8.064,,prata
2026-03-26,destino,LORENA,1.0,,nanica
2026-03-26,destino,LORENA,1.5,,prata
2026-03-26,destino,MAUÁ,12.5,,nanica
2026-03-26,destino,MIRACATU,23.0,,nanica
2026-03-26,destino,MIRACATU,11.2,,prata
2026-03-26,destino,MONTES CLAROS,28.54,,prata
2026-03-26,destino,NITERÓI,12.0,,prata
2026-03-26,destino,NOVA PORTEIRINHA,12.0,,prata
2026-03-26,destino,OSASCO,7.5,,nanica
2026-03-26,destino,OSASCO,6.0,,prata
2026-03-26,destino,PARAOPEBA,15.0,,nanica
2026-03-26,destino,PARAÍBA DO SUL,0.32,,outras
2026-03-26,destino,PETRÓPOLIS,0.1,,prata
2026-03-26,destino,PIAU,15.0,,prata
2026-03-26,destino,PINDAMONHANGABA,1.0,,nanica
2026-03-26,destino,PINDAMONHANGABA,1.0,,prata
2026-03-26,destino,POTIM,1.5,,nanica
2026-03-26,destino,POÇOS DE CALDAS,6.3,,prata
2026-03-26,destino,QUIRINÓPOLIS,0.592,,nanica
2026-03-26,destino,QUIRINÓPOLIS,0.3,,outras
2026-03-26,destino,QUIRINÓPOLIS,0.72,,prata
2026-03-26,destino,RIBEIRÃO DAS NEVES,76.28,,prata
2026-03-26,destino,RIBEIRÃO PRETO,106.71,,nanica
2026-03-26,destino,RIBEIRÃO PRETO,9.3,,prata
2026-03-26,destino,RIO DE JANEIRO,33.0,,nanica
2026-03-26,destino,RIO DE JANEIRO,248.897,,prata
2026-03-26,destino,SANTA RITA DO PASSA QUATRO,2.91,,prata
2026-03-26,destino,SEROPÉDICA,20.0,,prata
2026-03-26,destino,SÃO BERNARDO DO CAMPO,31.385,,prata
2026-03-26,destino,SÃO CAETANO DO SUL,8.25,,nanica
2026-03-26,destino,SÃO CAETANO DO SUL,4.5,,prata
2026-03-26,destino,SÃO JOSÉ DO RIO PRETO,23.79,,nanica
2026-03-26,destino,SÃO JOSÉ DOS CAMPOS,1.0,,nanica
2026-03-26,destino,SÃO JOSÉ DOS CAMPOS,1.0,,prata
2026-03-26,destino,SÃO JOÃO DA MATA,6.0,,prata
2026-03-26,destino,SÃO PAULO,63.24,,nanica
2026-03-26,destino,SÃO PAULO,82.775,,prata
2026-03-26,destino,TABOÃO DA SERRA,15.0,,prata
2026-03-26,destino,TAUBATÉ,1.25,,nanica
2026-03-26,destino,TAUBATÉ,1.25,,prata
2026-03-26,destino,TRÊS RIOS,0.12,,outras
2026-03-26,destino,TRÊS RIOS,2.09,,prata
2026-03-26,destino,UBERLÂNDIA,6.0,,nanica
2026-03-26,destino,UBERLÂNDIA,3.0,,outras
2026-03-26,destino,UBERLÂNDIA,71.108,,prata
2026-03-26,destino,VITÓRIA DA CONQUISTA,0.33,,outras
2026-03-26,destino,VOTORANTIM,12.8,,prata
2026-03-26,destino,VÁRZEA PAULISTA,22.5,,nanica
2026-03-26,destino,VÁRZEA PAULISTA,14.5,,prata
2026-03-26,origem,ABRE CAMPO,0.2,,nanica
2026-03-26,origem,ABRE CAMPO,0.9,,outras
2026-03-26,origem,ABRE CAMPO,2.0,,prata
2026-03-26,origem,ANDRADAS,6.3,,prata
2026-03-26,origem,ARAÇUAÍ,34.0,,prata
2026-03-26,origem,ARCOS,12.0,,prata
2026-03-26,origem,BARBACENA,26.4,,nanica
2026-03-26,origem,BARBACENA,10.0,,prata
2026-03-26,origem,BRAZÓPOLIS,5.75,,nanica
2026-03-26,origem,BRAZÓPOLIS,10.9,,prata
2026-03-26,origem,CAMPINA VERDE,4.455,,outras
2026-03-26,origem,CANÁPOLIS,1.92,,outras
2026-03-26,origem,CAPITÃO ENÉAS,12.0,,nanica
2026-03-26,origem,CAPITÃO ENÉAS,25.0,,prata
2026-03-26,origem,CONTAGEM,172.42,,nanica
2026-03-26,origem,CONTAGEM,55.57,,outras
2026-03-26,origem,CONTAGEM,231.22,,prata
2026-03-26,origem,CORINTO,12.5,,prata
2026-03-26,origem,CURVELO,31.0,,nanica
2026-03-26,origem,CURVELO,3.0,,prata
2026-03-26,origem,CÁSSIA,12.8,,prata
2026-03-26,origem,DELFINÓPOLIS,190.261,,prata
2026-03-26,origem,ESPINOSA,12.0,,prata
2026-03-26,origem,FERVEDOURO,12.5,,nanica
2026-03-26,origem,FRANCISCO SÁ,11.2,,nanica
2026-03-26,origem,INCONFIDENTES,2.4,,prata
2026-03-26,origem,ITACARAMBI,40.0,,nanica
2026-03-26,origem,ITACARAMBI,1.83,,prata
2026-03-26,origem,JANAÚBA,12.0,,nanica
2026-03-26,origem,JANAÚBA,47.0,,prata
2026-03-26,origem,JAÍBA,368.847,,nanica
2026-03-26,origem,JAÍBA,0.33,,outras
2026-03-26,origem,JAÍBA,119.9,,prata
2026-03-26,origem,JEQUITINHONHA,26.8,,prata
2026-03-26,origem,JUIZ DE FORA,0.44,,outras
2026-03-26,origem,JUIZ DE FORA,0.36,,prata
2026-03-26,origem,LASSANCE,44.7,,nanica
2026-03-26,origem,LASSANCE,56.5,,prata
2026-03-26,origem,MARILAC,18.0,,prata
2026-03-26,origem,MATIAS CARDOSO,15.5,,prata
2026-03-26,origem,MONTES CLAROS,15.0,,nanica
2026-03-26,origem,MONTES CLAROS,52.08,,prata
2026-03-26,origem,NOVA PORTEIRINHA,90.43,,prata
2026-03-26,origem,NOVA UNIÃO,25.5,,nanica
2026-03-26,origem,PARAOPEBA,15.0,,nanica
2026-03-26,origem,PIAU,15.1,,prata
2026-03-26,origem,PIRAPORA,75.595,,prata
2026-03-26,origem,PONTO DOS VOLANTES,16.162,,prata
2026-03-26,origem,RIBEIRÃO DAS NEVES,63.78,,prata
2026-03-26,origem,SÃO FRANCISCO,25.05,,prata
2026-03-26,origem,SÃO JOSÉ DO JACURI,5.0,,nanica
2026-03-26,origem,SÃO JOSÉ DO JACURI,6.0,,prata
2026-03-26,origem,SÃO JOÃO DA MATA,6.0,,prata
2026-03-26,origem,UBERLÂNDIA,6.772,,nanica
2026-03-26,origem,UBERLÂNDIA,3.718,,outras
2026-03-26,origem,UBERLÂNDIA,7.176,,prata
2026-03-26,origem,VERDELÂNDIA,15.45,,nanica
2026-03-26,origem,VERDELÂNDIA,32.025,,prata
2026-03-26,origem,VÁRZEA DA PALMA,15.7,,prata
2026-03-27,destino,ALTEROSA,2.0,,nanica
2026-03-27,destino,BAURU,12.9,,prata
2026-03-27,destino,BELO HORIZONTE,3.8,,prata
2026-03-27,destino,BRASÍLIA,61.12,,prata
2026-03-27,destino,BRAZÓPOLIS,19.3,,prata
2026-03-27,destino,CAMPINAS,188.192,,nanica
2026-03-27,destino,CAMPINAS,1.5,,outras
2026-03-27,destino,CAMPINAS,122.87,,prata
2026-03-27,destino,CAMPO GRANDE,98.14,,nanica
2026-03-27,destino,CAMPO GRANDE,6.34,,prata
2026-03-27,destino,CAMPOS DO JORDÃO,0.5,,nanica
2026-03-27,destino,CAMPOS DO JORDÃO,0.5,,prata
2026-03-27,destino,CARIACICA,12.0,,prata
2026-03-27,destino,CATALÃO,0.112,,nanica
2026-03-27,destino,CATALÃO,0.292,,outras
2026-03-27,destino,CATALÃO,0.128,,prata
2026-03-27,destino,CHAPADÃO DO SUL,0.09,,outras
2026-03-27,destino,CHAPADÃO DO SUL,0.19,,prata
2026-03-27,destino,CONTAGEM,246.6,,nanica
2026-03-27,destino,CONTAGEM,4.5,,outras
2026-03-27,destino,CONTAGEM,197.45,,prata
2026-03-27,destino,COSTA RICA,0.019,,nanica
2026-03-27,destino,COSTA RICA,0.019,,outras
2026-03-27,destino,CUIABÁ,17.56,,nanica
2026-03-27,destino,CUIABÁ,3.36,,prata
2026-03-27,destino,DIVINÓPOLIS,10.53,,prata
2026-03-27,destino,DOURADOS,41.52,,nanica
2026-03-27,destino,ESPÍRITO SANTO DO DOURADO,10.8,,prata
2026-03-27,destino,ESTIVA GERBI,5.0,,prata
2026-03-27,destino,FRANCA,12.0,,nanica
2026-03-27,destino,FRANCA,10.98,,prata
2026-03-27,destino,GOIÂNIA,18.0,,prata
2026-03-27,destino,GUANHÃES,3.0,,nanica
2026-03-27,destino,GUANHÃES,12.0,,prata
2026-03-27,destino,GUARATINGUETÁ,3.5,,nanica
2026-03-27,destino,GUARATINGUETÁ,0.375,,prata
2026-03-27,destino,GUARULHOS,13.5,,prata
2026-03-27,destino,INOCÊNCIA,0.057,,nanica
2026-03-27,destino,INOCÊNCIA,0.018,,outras
2026-03-27,destino,INOCÊNCIA,0.019,,prata
2026-03-27,destino,IPAMERI,0.064,,nanica
2026-03-27,destino,IPAMERI,0.216,,outras
2026-03-27,destino,IPAMERI,0.064,,prata
2026-03-27,destino,IPATINGA,40.0,,nanica
2026-03-27,destino,IPATINGA,8.0,,prata
2026-03-27,destino,ITAJUBÁ,4.4,,prata
2026-03-27,destino,ITANHANDU,4.4,,prata
2026-03-27,destino,ITAPERUNA,0.5,,nanica
2026-03-27,destino,ITAPERUNA,0.5,,prata
2026-03-27,destino,ITARIRI,15.72,,nanica
2026-03-27,destino,ITARIRI,18.816,,prata
2026-03-27,destino,ITAÚNA,4.8,,prata
2026-03-27,destino,ITUIUTABA,9.9,,prata
2026-03-27,destino,ITUMBIARA,0.234,,nanica
2026-03-27,destino,ITUMBIARA,0.413,,outras
2026-03-27,destino,ITUMBIARA,0.731,,prata
2026-03-27,destino,JACAREÍ,13.3,,nanica
2026-03-27,destino,JANAÚBA,43.52,,nanica
2026-03-27,destino,JARDINÓPOLIS,12.0,,nanica
2026-03-27,destino,JESUÂNIA,6.0,,prata
2026-03-27,destino,JUNDIAÍ,16.0,,nanica
2026-03-27,destino,JUNDIAÍ,13.5,,prata
2026-03-27,destino,LORENA,1.5,,prata
2026-03-27,destino,MARINGÁ,45.1,,nanica
2026-03-27,destino,MONTES CLAROS,10.77,,nanica
2026-03-27,destino,MONTES CLAROS,65.88,,prata
2026-03-27,destino,NOVA UNIÃO,11.5,,prata
2026-03-27,destino,OSASCO,13.32,,nanica
2026-03-27,destino,OSASCO,17.5,,prata
2026-03-27,destino,PARAIBUNA,18.528,,nanica
2026-03-27,destino,PARANAÍBA,0.038,,nanica
2026-03-27,destino,PARAOPEBA,45.0,,nanica
2026-03-27,destino,PARAOPEBA,30.0,,prata
2026-03-27,destino,PARAÍSO DAS ÁGUAS,0.095,,nanica
2026-03-27,destino,PARAÍSO DAS ÁGUAS,0.019,,outras
2026-03-27,destino,PATOS DE MINAS,0.95,,nanica
2026-03-27,destino,PATOS DE MINAS,19.75,,prata
2026-03-27,destino,PEDRALVA,13.2,,nanica
2026-03-27,destino,PETRÓPOLIS,0.5,,prata
2026-03-27,destino,PIAU,12.0,,nanica
2026-03-27,destino,PIAU,11.0,,prata
2026-03-27,destino,PIEDADE DE CARATINGA,11.0,,prata
2026-03-27,destino,PINDAMONHANGABA,3.0,,prata
2026-03-27,destino,PIRAPORA,5.0,,prata
2026-03-27,destino,PONTA PORÃ,29.0,,nanica
2026-03-27,destino,POUSO ALEGRE,8.6,,prata
2026-03-27,destino,QUIRINÓPOLIS,0.228,,nanica
2026-03-27,destino,QUIRINÓPOLIS,0.336,,outras
2026-03-27,destino,QUIRINÓPOLIS,0.336,,prata
2026-03-27,destino,RIBEIRÃO DAS NEVES,15.75,,prata
2026-03-27,destino,RIBEIRÃO PRETO,76.737,,nanica
2026-03-27,destino,RIBEIRÃO PRETO,1.35,,outras
2026-03-27,destino,RIBEIRÃO PRETO,39.701,,prata
2026-03-27,destino,RIO DE JANEIRO,54.15,,nanica
2026-03-27,destino,RIO DE JANEIRO,4.15,,outras
2026-03-27,destino,RIO DE JANEIRO,370.07,,prata
2026-03-27,destino,RIO VERDE,0.139,,nanica
2026-03-27,destino,RIO VERDE,0.109,,outras
2026-03-27,destino,RIO VERDE,0.178,,prata
2026-03-27,destino,SANTO ANTÔNIO DO JARDIM,11.69,,prata
2026-03-27,destino,SEROPÉDICA,14.0,,prata
2026-03-27,destino,SILVIANÓPOLIS,4.32,,prata
2026-03-27,destino,SOROCABA,4.64,,prata
2026-03-27,destino,SUZANO,11.456,,prata
2026-03-27,destino,SÃO BERNARDO DO CAMPO,62.51,,prata
2026-03-27,destino,SÃO GONÇALO,7.0,,prata
2026-03-27,destino,SÃO JOSÉ DO RIO PRETO,34.0,,nanica
2026-03-27,destino,SÃO JOSÉ DOS CAMPOS,1.6,,prata
2026-03-27,destino,SÃO JOÃO DA MATA,8.0,,prata
2026-03-27,destino,SÃO JOÃO DE MERITI,5.0,,prata
2026-03-27,destino,SÃO PAULO,50.8,,nanica
2026-03-27,destino,SÃO PAULO,1.42,,outras
2026-03-27,destino,SÃO PAULO,114.6,,prata
2026-03-27,destino,TAUBATÉ,15.3,,prata
2026-03-27,destino,TRÊS CORAÇÕES,13.05,,nanica
2026-03-27,destino,TRÊS CORAÇÕES,31.05,,prata
2026-03-27,destino,TRÊS RIOS,0.45,,nanica
2026-03-27,destino,TRÊS RIOS,0.015,,outras
2026-03-27,destino,TRÊS RIOS,1.47,,prata
2026-03-27,destino,UBERLÂNDIA,8.0,,nanica
2026-03-27,destino,UBERLÂNDIA,21.5,,outras
2026-03-27,destino,UBERLÂNDIA,38.33,,prata
2026-03-27,destino,VÁRZEA PAULISTA,18.2,,nanica
2026-03-27,destino,VÁRZEA PAULISTA,13.5,,prata
2026-03-27,origem,ALFENAS,2.0,,nanica
2026-03-27,origem,ARAÇUAÍ,5.0,,nanica
2026-03-27,origem,ARAÇUAÍ,109.97,,prata
2026-03-27,origem,BRAZÓPOLIS,1.2,,nanica
2026-03-27,origem,BRAZÓPOLIS,6.0,,prata
2026-03-27,origem,BUGRE,40.0,,nanica
2026-03-27,origem,BURITIZEIRO,11.25,,prata
2026-03-27,origem,CANTAGALO,3.0,,nanica
2026-03-27,origem,CANTAGALO,12.0,,prata
2026-03-27,origem,CANÁPOLIS,18.0,,outras
2026-03-27,origem,CAPITÃO ENÉAS,13.3,,nanica
2026-03-27,origem,CAPITÃO ENÉAS,57.98,,prata
2026-03-27,origem,CARANGOLA,13.5,,nanica
2026-03-27,origem,CARANGOLA,0.5,,prata
2026-03-27,origem,CORINTO,21.6,,nanica
2026-03-27,origem,CRISTINA,4.4,,prata
2026-03-27,origem,CÁSSIA,24.26,,prata
2026-03-27,origem,DELFINÓPOLIS,3.0,,nanica
2026-03-27,origem,DELFINÓPOLIS,246.478,,prata
2026-03-27,origem,ESPINOSA,20.0,,prata
2026-03-27,origem,ESPÍRITO SANTO DO DOURADO,10.8,,prata
2026-03-27,origem,FRANCISCO SÁ,1.5,,nanica
2026-03-27,origem,FRANCISCO SÁ,3.0,,outras
2026-03-27,origem,GONÇALVES,1.6,,prata
2026-03-27,origem,IAPU,14.0,,nanica
2026-03-27,origem,IGARAPÉ,2.0,,nanica
2026-03-27,origem,IGARAPÉ,2.0,,prata
2026-03-27,origem,ITACARAMBI,32.0,,nanica
2026-03-27,origem,ITACARAMBI,11.1,,prata
2026-03-27,origem,ITINGA,27.0,,prata
2026-03-27,origem,JANAÚBA,12.0,,nanica
2026-03-27,origem,JANAÚBA,75.28,,prata
2026-03-27,origem,JAÍBA,730.277,,nanica
2026-03-27,origem,JAÍBA,4.35,,outras
2026-03-27,origem,JAÍBA,130.57,,prata
2026-03-27,origem,JEQUITINHONHA,37.8,,prata
2026-03-27,origem,LASSANCE,42.762,,nanica
2026-03-27,origem,LASSANCE,72.4,,prata
2026-03-27,origem,MARILAC,42.0,,prata
2026-03-27,origem,MATIAS CARDOSO,25.0,,nanica
2026-03-27,origem,MATIAS CARDOSO,12.0,,prata
2026-03-27,origem,MONTES CLAROS,28.32,,nanica
2026-03-27,origem,MONTES CLAROS,164.6,,prata
2026-03-27,origem,NOVA PORTEIRINHA,83.15,,prata
2026-03-27,origem,NOVA UNIÃO,65.0,,nanica
2026-03-27,origem,NOVA UNIÃO,10.0,,prata
2026-03-27,origem,PARAOPEBA,45.0,,nanica
2026-03-27,origem,PARAOPEBA,30.0,,prata
2026-03-27,origem,PAULISTAS,17.2,,prata
2026-03-27,origem,PEDRALVA,25.212,,nanica
2026-03-27,origem,PIAU,12.0,,nanica
2026-03-27,origem,PIAU,3.4,,outras
2026-03-27,origem,PIAU,11.5,,prata
2026-03-27,origem,PIRANGUÇU,10.016,,nanica
2026-03-27,origem,PIRANGUÇU,0.375,,prata
2026-03-27,origem,PIRAPORA,0.95,,nanica
2026-03-27,origem,PIRAPORA,94.78,,prata
2026-03-27,origem,PONTO DOS VOLANTES,8.0,,prata
2026-03-27,origem,SILVIANÓPOLIS,8.6,,prata
2026-03-27,origem,SÃO FRANCISCO,47.0,,prata
2026-03-27,origem,SÃO JOÃO BATISTA DO GLÓRIA,22.01,,prata
2026-03-27,origem,SÃO JOÃO DA MATA,8.0,,prata
2026-03-27,origem,SÃO JOÃO DA PONTE,7.0,,prata
2026-03-27,origem,TRÊS CORAÇÕES,13.05,,nanica
2026-03-27,origem,TRÊS CORAÇÕES,31.05,,prata
2026-03-27,origem,UBERLÂNDIA,4.986,,nanica
2026-03-27,origem,UBERLÂNDIA,5.012,,outras
2026-03-27,origem,UBERLÂNDIA,6.646,,prata
2026-03-27,origem,VERDELÂNDIA,31.62,,nanica
2026-03-27,origem,VERDELÂNDIA,2.185,,outras
2026-03-27,origem,VERDELÂNDIA,78.905,,prata
2026-03-27,origem,VÁRZEA DA PALMA,3.8,,prata
2026-03-28,destino,APARECIDA DE GOIÂNIA,13.2,,prata
2026-03-28,destino,CASSILÂNDIA,0.054,,prata
2026-03-28,destino,CHAPADÃO DO CÉU,0.06,,nanica
2026-03-28,destino,CHAPADÃO DO SUL,0.02,,nanica
2026-03-28,destino,CHAPADÃO DO SUL,0.08,,outras
2026-03-28,destino,CHAPADÃO DO SUL,0.216,,prata
2026-03-28,destino,CONTAGEM,23.52,,nanica
2026-03-28,destino,CONTAGEM,97.3,,prata
2026-03-28,destino,INOCÊNCIA,0.78,,nanica
2026-03-28,destino,INOCÊNCIA,0.076,,outras
2026-03-28,destino,INOCÊNCIA,2.016,,prata
2026-03-28,destino,JALES,15.0,,nanica
2026-03-28,destino,PARANAÍBA,0.1,,outras
2026-03-28,destino,PARANAÍBA,0.054,,prata
2026-03-28,destino,PARAÍSO DAS ÁGUAS,0.08,,nanica
2026-03-28,destino,PARAÍSO DAS ÁGUAS,0.018,,outras
2026-03-28,destino,PARAÍSO DAS ÁGUAS,0.018,,prata
2026-03-28,destino,RIBEIRÃO DAS NEVES,12.5,,prata
2026-03-28,destino,RIBEIRÃO PRETO,12.0,,nanica
2026-03-28,destino,RIBEIRÃO PRETO,12.636,,prata
2026-03-28,destino,RIO DE JANEIRO,28.0,,nanica
2026-03-28,destino,RIO DE JANEIRO,95.65,,prata
2026-03-28,destino,SÃO PAULO,28.34,,nanica
2026-03-28,destino,TABOÃO DA SERRA,13.8,,nanica
2026-03-28,destino,TRÊS RIOS,1.47,,nanica
2026-03-28,destino,TRÊS RIOS,0.03,,outras
2026-03-28,destino,TRÊS RIOS,5.7,,prata
2026-03-28,destino,UBERLÂNDIA,16.32,,nanica
2026-03-28,destino,VITÓRIA DA CONQUISTA,0.33,,outras
2026-03-28,destino,VÁRZEA PAULISTA,25.5,,nanica
2026-03-28,origem,BOCAIÚVA,16.0,,prata
2026-03-28,origem,ITACARAMBI,18.0,,nanica
2026-03-28,origem,ITAOBIM,16.15,,prata
2026-03-28,origem,JANAÚBA,27.5,,prata
2026-03-28,origem,JAÍBA,97.3,,nanica
2026-03-28,origem,JAÍBA,0.33,,outras
2026-03-28,origem,JAÍBA,47.2,,prata
2026-03-28,origem,JEQUITINHONHA,15.0,,prata
2026-03-28,origem,LASSANCE,44.66,,nanica
2026-03-28,origem,LASSANCE,35.936,,prata
2026-03-28,origem,MATIAS CARDOSO,5.0,,prata
2026-03-28,origem,NOVA PORTEIRINHA,42.0,,prata
2026-03-28,origem,PONTO DOS VOLANTES,16.5,,prata
2026-03-28,origem,UBERLÂNDIA,0.94,,nanica
2026-03-28,origem,UBERLÂNDIA,0.274,,outras
2026-03-28,origem,UBERLÂNDIA,2.358,,prata
2026-03-28,origem,VERDELÂNDIA,3.99,,nanica
2026-03-28,origem,VERDELÂNDIA,0.03,,outras
2026-03-28,origem,VERDELÂNDIA,15.7,,prata
2026-03-29,destino,CONTAGEM,3.795,,outras
2026-03-29,origem,CAMPINA VERDE,3.795,,outras
2026-03-30,destino,ALPERCATA,10.0,,prata
2026-03-30,destino,ANDRADAS,15.0,,prata
2026-03-30,destino,ARAÇATUBA,24.0,,nanica
2026-03-30,destino,ARCOS,9.45,,prata
2026-03-30,destino,BAURU,10.5,,prata
2026-03-30,destino,BRASÍLIA,1.5,,nanica
2026-03-30,destino,BRASÍLIA,52.58,,prata
2026-03-30,destino,BRAZÓPOLIS,87.0,,prata
2026-03-30,destino,CAMPESTRE,4.8,,prata
2026-03-30,destino,CAMPINAS,89.615,,nanica
2026-03-30,destino,CAMPINAS,2.12,,outras
2026-03-30,destino,CAMPINAS,43.215,,prata
2026-03-30,destino,CAMPO GRANDE,78.16,,nanica
2026-03-30,destino,CAMPO GRANDE,11.04,,prata
2026-03-30,destino,CARATINGA,10.0,,outras
2026-03-30,destino,CARIACICA,6.0,,prata
2026-03-30,destino,CATALÃO,0.16,,nanica
2026-03-30,destino,CATALÃO,0.388,,outras
2026-03-30,destino,CATALÃO,0.264,,prata
2026-03-30,destino,CONTAGEM,227.765,,nanica
2026-03-30,destino,CONTAGEM,25.17,,outras
2026-03-30,destino,CONTAGEM,412.93,,prata
2026-03-30,destino,CUIABÁ,17.56,,nanica
2026-03-30,destino,CUIABÁ,3.36,,prata
2026-03-30,destino,CUMARI,0.036,,outras
2026-03-30,destino,FRANCA,14.0,,nanica
2026-03-30,destino,GOIÂNIA,14.7,,prata
2026-03-30,destino,GOVERNADOR VALADARES,15.0,,prata
2026-03-30,destino,GUARULHOS,13.5,,nanica
2026-03-30,destino,ITARIRI,20.0,,prata
2026-03-30,destino,ITUMBIARA,1.12,,outras
2026-03-30,destino,JACAREÍ,8.4,,prata
2026-03-30,destino,JANAÚBA,35.26,,nanica
2026-03-30,destino,JANAÚBA,15.0,,prata
2026-03-30,destino,JUIZ DE FORA,2.0,,prata
2026-03-30,destino,JUNDIAÍ,26.25,,prata
2026-03-30,destino,MIRACATU,19.5,,nanica
2026-03-30,destino,MONTES CLAROS,5.0,,nanica
2026-03-30,destino,MONTES CLAROS,39.98,,prata
2026-03-30,destino,NOVA UNIÃO,3.35,,prata
2026-03-30,destino,OSASCO,21.665,,nanica
2026-03-30,destino,OSASCO,0.52,,outras
2026-03-30,destino,OSASCO,4.36,,prata
2026-03-30,destino,PARAIBUNA,8.0,,nanica
2026-03-30,destino,PARAÍBA DO SUL,0.16,,outras
2026-03-30,destino,PETRÓPOLIS,10.0,,prata
2026-03-30,destino,PORTO ALEGRE,3.8,,prata
2026-03-30,destino,POUSO ALEGRE,3.99,,nanica
2026-03-30,destino,POUSO ALEGRE,0.855,,outras
2026-03-30,destino,POUSO ALEGRE,15.6,,prata
2026-03-30,destino,QUIRINÓPOLIS,0.48,,nanica
2026-03-30,destino,QUIRINÓPOLIS,0.162,,outras
2026-03-30,destino,QUIRINÓPOLIS,1.296,,prata
2026-03-30,destino,RESENDE,4.5,,nanica
2026-03-30,destino,RESENDE,2.5,,outras
2026-03-30,destino,RIBEIRÃO DAS NEVES,1.35,,nanica
2026-03-30,destino,RIBEIRÃO DAS NEVES,0.18,,outras
2026-03-30,destino,RIBEIRÃO DAS NEVES,24.3,,prata
2026-03-30,destino,RIBEIRÃO PRETO,78.805,,nanica
2026-03-30,destino,RIBEIRÃO PRETO,37.72,,prata
2026-03-30,destino,RIO DE JANEIRO,54.7,,nanica
2026-03-30,destino,RIO DE JANEIRO,322.28,,prata
2026-03-30,destino,SEROPÉDICA,12.0,,prata
2026-03-30,destino,SUMARÉ,7.8,,prata
2026-03-30,destino,SÃO BERNARDO DO CAMPO,30.0,,prata
2026-03-30,destino,SÃO CAETANO DO SUL,8.25,,nanica
2026-03-30,destino,SÃO CAETANO DO SUL,4.5,,prata
2026-03-30,destino,SÃO GONÇALO,14.0,,nanica
2026-03-30,destino,SÃO GONÇALO,8.0,,prata
2026-03-30,destino,SÃO JOSÉ DO RIO PRETO,11.88,,prata
2026-03-30,destino,SÃO JOSÉ DOS CAMPOS,11.1,,nanica
2026-03-30,destino,SÃO JOSÉ DOS CAMPOS,2.0,,prata
2026-03-30,destino,SÃO PAULO,25.093,,nanica
2026-03-30,destino,SÃO PAULO,1.44,,outras
2026-03-30,destino,SÃO PAULO,55.86,,prata
2026-03-30,destino,TABOÃO DA SERRA,15.0,,prata
2026-03-30,destino,TAUBATÉ,2.2,,nanica
2026-03-30,destino,TAUBATÉ,15.3,,prata
2026-03-30,destino,TOCANTINS,4.5,,nanica
2026-03-30,destino,TOCANTINS,4.5,,prata
2026-03-30,destino,TRÊS RIOS,1.215,,nanica
2026-03-30,destino,TRÊS RIOS,0.055,,outras
2026-03-30,destino,TRÊS RIOS,12.88,,prata
2026-03-30,destino,UBERABA,7.0,,prata
2026-03-30,destino,UBERLÂNDIA,13.0,,nanica
2026-03-30,destino,UBERLÂNDIA,49.1,,prata
2026-03-30,destino,UNAÍ,0.75,,nanica
2026-03-30,destino,UNAÍ,0.6,,prata
2026-03-30,destino,VITÓRIA DA CONQUISTA,0.21,,outras
2026-03-30,destino,VÁRZEA PAULISTA,36.0,,nanica
2026-03-30,origem,ANDRADAS,22.8,,prata
2026-03-30,origem,ARAÇUAÍ,26.2,,nanica
2026-03-30,origem,ARAÇUAÍ,56.0,,prata
2026-03-30,origem,BRAZÓPOLIS,2.2,,nanica
2026-03-30,origem,BRAZÓPOLIS,78.75,,prata
2026-03-30,origem,BRUMADINHO,15.0,,prata
2026-03-30,origem,CANÁPOLIS,1.12,,outras
2026-03-30,origem,CAPITÃO ENÉAS,28.0,,prata
2026-03-30,origem,CARATINGA,10.0,,outras
2026-03-30,origem,CONTAGEM,61.79,,nanica
2026-03-30,origem,CONTAGEM,8.145,,outras
2026-03-30,origem,CONTAGEM,85.33,,prata
2026-03-30,origem,CORINTO,25.08,,prata
2026-03-30,origem,CRISTINA,4.5,,nanica
2026-03-30,origem,CRISTINA,2.5,,outras
2026-03-30,origem,CURVELO,15.0,,nanica
2026-03-30,origem,CÁSSIA,15.15,,prata
2026-03-30,origem,DELFINÓPOLIS,164.925,,prata
2026-03-30,origem,ESPINOSA,30.0,,prata
2026-03-30,origem,FRANCISCO SÁ,8.0,,prata
2026-03-30,origem,ITACARAMBI,36.0,,nanica
2026-03-30,origem,ITAOBIM,12.0,,prata
2026-03-30,origem,ITINGA,15.0,,prata
2026-03-30,origem,JANAÚBA,69.5,,prata
2026-03-30,origem,JAÍBA,490.808,,nanica
2026-03-30,origem,JAÍBA,5.795,,outras
2026-03-30,origem,JAÍBA,147.02,,prata
2026-03-30,origem,JEQUITINHONHA,21.5,,prata
2026-03-30,origem,JUIZ DE FORA,0.2,,outras
2026-03-30,origem,LASSANCE,8.25,,nanica
2026-03-30,origem,LASSANCE,108.1,,prata
2026-03-30,origem,MANGA,18.0,,nanica
2026-03-30,origem,MARILAC,4.5,,nanica
2026-03-30,origem,MARILAC,40.5,,prata
2026-03-30,origem,MATIAS CARDOSO,8.0,,nanica
2026-03-30,origem,MATIAS CARDOSO,33.0,,prata
2026-03-30,origem,MONTES CLAROS,108.48,,prata
2026-03-30,origem,NOVA PORTEIRINHA,104.76,,prata
2026-03-30,origem,NOVA UNIÃO,64.2,,nanica
2026-03-30,origem,NOVA UNIÃO,15.0,,outras
2026-03-30,origem,NOVA UNIÃO,40.03,,prata
2026-03-30,origem,PARAISÓPOLIS,2.0,,prata
2026-03-30,origem,PAULISTAS,14.5,,prata
2026-03-30,origem,PEDRALVA,8.0,,nanica
2026-03-30,origem,PIRAPORA,46.82,,prata
2026-03-30,origem,POUSO ALEGRE,3.99,,nanica
2026-03-30,origem,POUSO ALEGRE,0.855,,outras
2026-03-30,origem,POUSO ALEGRE,11.85,,prata
2026-03-30,origem,SÃO FRANCISCO,0.75,,nanica
2026-03-30,origem,SÃO FRANCISCO,12.0,,prata
2026-03-30,origem,SÃO JOÃO DA PONTE,7.0,,prata
2026-03-30,origem,UBERLÂNDIA,0.64,,nanica
2026-03-30,origem,UBERLÂNDIA,0.586,,outras
2026-03-30,origem,UBERLÂNDIA,47.66,,prata
2026-03-30,origem,VERDELÂNDIA,61.29,,nanica
2026-03-30,origem,VERDELÂNDIA,0.715,,outras
2026-03-30,origem,VERDELÂNDIA,80.84,,prata
2026-03-30,origem,VÁRZEA DA PALMA,1.5,,nanica
2026-03-30,origem,VÁRZEA DA PALMA,15.0,,prata
2026-03-31,destino,ANDRADAS,15.0,,prata
2026-03-31,destino,ARAÇATUBA,7.5,,prata
2026-03-31,destino,ARCOS,15.15,,prata
2026-03-31,destino,AUGUSTO DE LIMA,15.0,,prata
2026-03-31,destino,BELO HORIZONTE,8.0,,prata
2026-03-31,destino,BRASÍLIA,0.675,,nanica
2026-03-31,destino,BRASÍLIA,0.675,,outras
2026-03-31,destino,BRASÍLIA,32.75,,prata
2026-03-31,destino,BRAZÓPOLIS,15.0,,nanica
2026-03-31,destino,CAMPINAS,64.37,,nanica
2026-03-31,destino,CAMPINAS,68.755,,prata
2026-03-31,destino,CAMPO GRANDE,83.12,,nanica
2026-03-31,destino,CAMPO GRANDE,7.2,,prata
2026-03-31,destino,CARATINGA,14.0,,nanica
2026-03-31,destino,CARATINGA,11.0,,outras
2026-03-31,destino,CARATINGA,9.0,,prata
2026-03-31,destino,CATALÃO,0.112,,nanica
2026-03-31,destino,CATALÃO,0.292,,outras
2026-03-31,destino,CATALÃO,0.128,,prata
2026-03-31,destino,CHAPADÃO DO SUL,0.072,,outras
2026-03-31,destino,CONTAGEM,155.29,,nanica
2026-03-31,destino,CONTAGEM,3.685,,outras
2026-03-31,destino,CONTAGEM,221.575,,prata
2026-03-31,destino,COSTA RICA,0.038,,nanica
2026-03-31,destino,COSTA RICA,0.019,,outras
2026-03-31,destino,CURVELO,20.75,,nanica
2026-03-31,destino,CURVELO,25.7,,prata
2026-03-31,destino,DIVINÓPOLIS,14.31,,prata
2026-03-31,destino,GOIÂNIA,16.5,,prata
2026-03-31,destino,GUARULHOS,13.5,,nanica
2026-03-31,destino,INOCÊNCIA,0.038,,nanica
2026-03-31,destino,INOCÊNCIA,0.057,,prata
2026-03-31,destino,IPAMERI,0.064,,nanica
2026-03-31,destino,IPAMERI,0.216,,outras
2026-03-31,destino,IPAMERI,0.064,,prata
2026-03-31,destino,ITAJUBÁ,4.0,,nanica
2026-03-31,destino,ITAJUBÁ,36.0,,prata
2026-03-31,destino,ITAMOGI,2.28,,nanica
2026-03-31,destino,ITAPERUNA,0.5,,nanica
2026-03-31,destino,ITAPERUNA,0.4,,prata
2026-03-31,destino,ITARIRI,13.0,,prata
2026-03-31,destino,JANAÚBA,32.26,,nanica
2026-03-31,destino,JANAÚBA,20.0,,prata
2026-03-31,destino,JUIZ DE FORA,4.5,,nanica
2026-03-31,destino,JUNDIAÍ,16.8,,nanica
2026-03-31,destino,JUNDIAÍ,24.0,,prata
2026-03-31,destino,MARINGÁ,39.8,,nanica
2026-03-31,destino,MIRACATU,39.0,,nanica
2026-03-31,destino,MIRACATU,14.0,,prata
2026-03-31,destino,MONTES CLAROS,16.34,,nanica
2026-03-31,destino,MONTES CLAROS,8.25,,outras
2026-03-31,destino,MONTES CLAROS,36.8,,prata
2026-03-31,destino,NITERÓI,25.0,,prata
2026-03-31,destino,NOVA PORTEIRINHA,15.0,,prata
2026-03-31,destino,OSASCO,13.5,,prata
2026-03-31,destino,PARAIBUNA,10.0,,nanica
2026-03-31,destino,PARAOPEBA,15.0,,nanica
2026-03-31,destino,PATOS DE MINAS,8.0,,prata
2026-03-31,destino,PETRÓPOLIS,1.0,,prata
2026-03-31,destino,PIAU,30.0,,nanica
2026-03-31,destino,PIAU,15.0,,prata
2026-03-31,destino,PIRANGUÇU,6.0,,nanica
2026-03-31,destino,PIRANGUÇU,3.2,,prata
2026-03-31,destino,PIRAPORA,3.0,,outras
2026-03-31,destino,PIRAPORA,12.0,,prata
2026-03-31,destino,POUSO ALEGRE,5.0,,nanica
2026-03-31,destino,POUSO ALEGRE,30.0,,prata
2026-03-31,destino,RIBEIRÃO DAS NEVES,2.7,,nanica
2026-03-31,destino,RIBEIRÃO DAS NEVES,12.0,,prata
2026-03-31,destino,RIBEIRÃO PRETO,112.376,,nanica
2026-03-31,destino,RIBEIRÃO PRETO,10.5,,prata
2026-03-31,destino,RIO DE JANEIRO,10.2,,nanica
2026-03-31,destino,RIO DE JANEIRO,6.705,,outras
2026-03-31,destino,RIO DE JANEIRO,261.24,,prata
2026-03-31,destino,SANTA RITA DO PASSA QUATRO,5.475,,prata
2026-03-31,destino,SANTA RITA DO SAPUCAÍ,7.0,,prata
2026-03-31,destino,SANTO ANDRÉ,13.8,,prata
2026-03-31,destino,SANTO ANTÔNIO DO JARDIM,3.0,,prata
2026-03-31,destino,SUMARÉ,18.9,,prata
2026-03-31,destino,SUZANO,11.52,,prata
2026-03-31,destino,SÃO BERNARDO DO CAMPO,40.01,,prata
2026-03-31,destino,SÃO FRANCISCO,6.0,,nanica
2026-03-31,destino,SÃO JOSÉ DO RIO PRETO,28.992,,nanica
2026-03-31,destino,SÃO JOSÉ DO RIO PRETO,7.2,,prata
2026-03-31,destino,SÃO JOSÉ DOS CAMPOS,16.7,,prata
2026-03-31,destino,SÃO LOURENÇO,4.0,,prata
2026-03-31,destino,SÃO PAULO,35.56,,nanica
2026-03-31,destino,SÃO PAULO,139.066,,prata
2026-03-31,destino,TABOÃO DA SERRA,11.05,,prata
2026-03-31,destino,TRÊS CORAÇÕES,18.6,,nanica
2026-03-31,destino,TRÊS CORAÇÕES,11.5,,prata
2026-03-31,destino,TRÊS RIOS,1.5,,nanica
2026-03-31,destino,TRÊS RIOS,0.015,,outras
2026-03-31,destino,TRÊS RIOS,3.0,,prata
2026-03-31,destino,UBERLÂNDIA,5.0,,nanica
2026-03-31,destino,UBERLÂNDIA,9.9,,prata
2026-03-31,destino,VITÓRIA DA CONQUISTA,0.21,,outras
2026-03-31,destino,VOLTA REDONDA,2.0,,nanica
2026-03-31,destino,VOLTA REDONDA,18.0,,prata
2026-03-31,destino,VOTORANTIM,9.325,,prata
2026-03-31,destino,VÁRZEA PAULISTA,18.0,,nanica
2026-03-31,origem,ANDRADAS,2.5,,prata
2026-03-31,origem,ARAÇUAÍ,90.09,,prata
2026-03-31,origem,ARCOS,15.15,,prata
2026-03-31,origem,AUGUSTO DE LIMA,15.0,,prata
2026-03-31,origem,BELO HORIZONTE,19.79,,nanica
2026-03-31,origem,BELO HORIZONTE,3.685,,outras
2026-03-31,origem,BELO HORIZONTE,44.055,,prata
2026-03-31,origem,BRAZÓPOLIS,5.0,,nanica
2026-03-31,origem,BRAZÓPOLIS,47.0,,prata
2026-03-31,origem,CAPITÃO ENÉAS,12.96,,nanica
2026-03-31,origem,CAPITÃO ENÉAS,47.9,,prata
2026-03-31,origem,CARANGOLA,0.5,,nanica
2026-03-31,origem,CARANGOLA,0.4,,prata
2026-03-31,origem,CARATINGA,10.0,,nanica
2026-03-31,origem,CARATINGA,6.0,,outras
2026-03-31,origem,CARATINGA,6.0,,prata
2026-03-31,origem,CLARO DOS POÇÕES,19.0,,prata
2026-03-31,origem,CONGONHAL,10.0,,nanica
2026-03-31,origem,CONTAGEM,48.6,,nanica
2026-03-31,origem,CONTAGEM,26.5,,prata
2026-03-31,origem,CORINTO,16.8,,nanica
2026-03-31,origem,CURVELO,18.5,,nanica
2026-03-31,origem,CURVELO,29.9,,prata
2026-03-31,origem,DELFINÓPOLIS,4.28,,nanica
2026-03-31,origem,DELFINÓPOLIS,238.93,,prata
2026-03-31,origem,IAPU,15.0,,nanica
2026-03-31,origem,INHAPIM,4.0,,nanica
2026-03-31,origem,INHAPIM,5.0,,outras
2026-03-31,origem,INHAPIM,3.0,,prata
2026-03-31,origem,ITACARAMBI,29.0,,nanica
2026-03-31,origem,ITAJUBÁ,8.0,,nanica
2026-03-31,origem,ITAJUBÁ,47.0,,prata
2026-03-31,origem,JANAÚBA,75.616,,prata
2026-03-31,origem,JAÍBA,431.058,,nanica
2026-03-31,origem,JAÍBA,0.21,,outras
2026-03-31,origem,JAÍBA,94.92,,prata
2026-03-31,origem,JESUÂNIA,4.0,,prata
2026-03-31,origem,LASSANCE,27.81,,nanica
2026-03-31,origem,LASSANCE,76.82,,prata
2026-03-31,origem,MARILAC,18.0,,prata
2026-03-31,origem,MATIAS CARDOSO,13.9,,prata
2026-03-31,origem,MONTES CLAROS,5.0,,nanica
2026-03-31,origem,MONTES CLAROS,6.0,,outras
2026-03-31,origem,MONTES CLAROS,42.2,,prata
2026-03-31,origem,NOVA PORTEIRINHA,138.075,,prata
2026-03-31,origem,NOVA UNIÃO,40.0,,nanica
2026-03-31,origem,NOVA UNIÃO,5.0,,prata
2026-03-31,origem,PARAOPEBA,15.0,,nanica
2026-03-31,origem,PEDRALVA,15.0,,nanica
2026-03-31,origem,PEDRALVA,25.0,,prata
2026-03-31,origem,PIAU,30.0,,nanica
2026-03-31,origem,PIAU,3.0,,outras
2026-03-31,origem,PIAU,16.0,,prata
2026-03-31,origem,PIRANGUÇU,6.0,,nanica
2026-03-31,origem,PIRANGUÇU,3.2,,prata
2026-03-31,origem,PIRAPORA,3.0,,outras
2026-03-31,origem,PIRAPORA,83.495,,prata
2026-03-31,origem,SANTOS DUMONT,3.0,,outras
2026-03-31,origem,SÃO FRANCISCO,16.5,,prata
2026-03-31,origem,TOCANTINS,4.5,,nanica
2026-03-31,origem,UBERLÂNDIA,0.252,,nanica
2026-03-31,origem,UBERLÂNDIA,0.599,,outras
2026-03-31,origem,UBERLÂNDIA,0.249,,prata
2026-03-31,origem,VERDELÂNDIA,52.315,,nanica
2026-03-31,origem,VERDELÂNDIA,3.645,,outras
2026-03-31,origem,VERDELÂNDIA,79.375,,prata
2026-03-31,origem,VÁRZEA DA PALMA,12.0,,prata
2026-04-01,destino,APARECIDA DE GOIÂNIA,0.9,,outras
2026-04-01,destino,ARAÇATUBA,19.2,,nanica
2026-04-01,destino,ARAÇATUBA,4.8,,prata
2026-04-01,destino,BARBACENA,6.0,,nanica
2026-04-01,destino,BARBACENA,3.0,,prata
2026-04-01,destino,BRASÍLIA,5.0,,nanica
2026-04-01,destino,BRASÍLIA,0.75,,outras
2026-04-01,destino,BRASÍLIA,38.02,,prata
2026-04-01,destino,BRAZÓPOLIS,16.4,,prata
2026-04-01,destino,BURITI ALEGRE,1.92,,outras
2026-04-01,destino,CACHOEIRA PAULISTA,0.8,,nanica
2026-04-01,destino,CACHOEIRA PAULISTA,0.8,,prata
2026-04-01,destino,CAJURI,20.0,,prata
2026-04-01,destino,CAMBUQUIRA,2.0,,prata
2026-04-01,destino,CAMPANHA,1.0,,prata
2026-04-01,destino,CAMPINAS,117.18,,nanica
2026-04-01,destino,CAMPINAS,1.5,,outras
2026-04-01,destino,CAMPINAS,30.83,,prata
2026-04-01,destino,CAMPO GRANDE,120.0,,nanica
2026-04-01,destino,CAMPO GRANDE,11.92,,prata
2026-04-01,destino,CASSILÂNDIA,0.072,,prata
2026-04-01,destino,CATALÃO,0.224,,nanica
2026-04-01,destino,CATALÃO,0.48,,outras
2026-04-01,destino,CATALÃO,0.13,,prata
2026-04-01,destino,CAXAMBU,4.0,,prata
2026-04-01,destino,CHAPADÃO DO SUL,0.04,,nanica
2026-04-01,destino,CHAPADÃO DO SUL,0.08,,outras
2026-04-01,destino,CHAPADÃO DO SUL,0.144,,prata
2026-04-01,destino,CHIADOR,0.1,,prata
2026-04-01,destino,CONCEIÇÃO DO RIO VERDE,4.0,,prata
2026-04-01,destino,CONTAGEM,184.04,,nanica
2026-04-01,destino,CONTAGEM,10.255,,outras
2026-04-01,destino,CONTAGEM,215.785,,prata
2026-04-01,destino,CORINTO,2.0,,nanica
2026-04-01,destino,CORINTO,12.0,,prata
2026-04-01,destino,CORONEL PACHECO,3.75,,prata
2026-04-01,destino,COSMÓPOLIS,5.5,,nanica
2026-04-01,destino,COSMÓPOLIS,5.55,,prata
2026-04-01,destino,CUMARI,0.09,,outras
2026-04-01,destino,DOM VIÇOSO,5.0,,prata
2026-04-01,destino,DOURADOS,20.0,,nanica
2026-04-01,destino,FRANCA,14.4,,prata
2026-04-01,destino,GOIÂNIA,4.5,,outras
2026-04-01,destino,GOIÂNIA,21.0,,prata
2026-04-01,destino,GUARATINGUETÁ,1.75,,prata
2026-04-01,destino,GUARULHOS,30.0,,nanica
2026-04-01,destino,INOCÊNCIA,0.52,,nanica
2026-04-01,destino,INOCÊNCIA,0.058,,outras
2026-04-01,destino,INOCÊNCIA,1.681,,prata
2026-04-01,destino,ITAPERUNA,1.0,,nanica
2026-04-01,destino,ITARIRI,8.0,,nanica
2026-04-01,destino,ITARIRI,5.0,,prata
2026-04-01,destino,ITUMBIARA,0.171,,nanica
2026-04-01,destino,ITUMBIARA,0.426,,outras
2026-04-01,destino,ITUMBIARA,0.92,,prata
2026-04-01,destino,JALES,15.0,,nanica
2026-04-01,destino,JANAÚBA,30.12,,nanica
2026-04-01,destino,JARDINÓPOLIS,10.0,,nanica
2026-04-01,destino,JAÚ,19.5,,nanica
2026-04-01,destino,JEQUITINHONHA,10.8,,prata
2026-04-01,destino,JUNDIAÍ,13.5,,nanica
2026-04-01,destino,LONDRINA,15.0,,nanica
2026-04-01,destino,LORENA,0.8,,nanica
2026-04-01,destino,LORENA,0.8,,prata
2026-04-01,destino,MINEIROS DO TIETÊ,15.0,,nanica
2026-04-01,destino,MIRACATU,11.2,,prata
2026-04-01,destino,MIRADOURO,0.5,,nanica
2026-04-01,destino,MIRADOURO,10.0,,prata
2026-04-01,destino,MONTES CLAROS,6.0,,outras
2026-04-01,destino,MONTES CLAROS,26.53,,prata
2026-04-01,destino,NITERÓI,15.0,,prata
2026-04-01,destino,NOVA ODESSA,15.0,,nanica
2026-04-01,destino,NOVA PORTEIRINHA,6.0,,prata
2026-04-01,destino,OSASCO,20.26,,nanica
2026-04-01,destino,OSASCO,1.56,,outras
2026-04-01,destino,OSASCO,33.43,,prata
2026-04-01,destino,PARAIBUNA,29.758,,nanica
2026-04-01,destino,PARAOPEBA,15.0,,nanica
2026-04-01,destino,PARAOPEBA,15.0,,prata
2026-04-01,destino,PARAÍBA DO SUL,0.14,,outras
2026-04-01,destino,PARAÍSO DAS ÁGUAS,0.08,,nanica
2026-04-01,destino,PARAÍSO DAS ÁGUAS,0.058,,outras
2026-04-01,destino,PARAÍSO DAS ÁGUAS,0.018,,prata
2026-04-01,destino,PEDRA AZUL,2.4,,prata
2026-04-01,destino,PEDRALVA,43.2,,nanica
2026-04-01,destino,PETRÓPOLIS,1.5,,nanica
2026-04-01,destino,PETRÓPOLIS,0.06,,outras
2026-04-01,destino,PETRÓPOLIS,0.5,,prata
2026-04-01,destino,PIAU,17.0,,prata
2026-04-01,destino,PIRACICABA,15.0,,nanica
2026-04-01,destino,PORTO VELHO,23.52,,prata
2026-04-01,destino,POÇOS DE CALDAS,4.5,,prata
2026-04-01,destino,QUIRINÓPOLIS,0.708,,nanica
2026-04-01,destino,QUIRINÓPOLIS,0.724,,outras
2026-04-01,destino,QUIRINÓPOLIS,1.44,,prata
2026-04-01,destino,RIBEIRÃO PRETO,76.99,,nanica
2026-04-01,destino,RIBEIRÃO PRETO,47.325,,prata
2026-04-01,destino,RIO DE JANEIRO,29.0,,nanica
2026-04-01,destino,RIO DE JANEIRO,173.074,,prata
2026-04-01,destino,RIO VERDE,0.152,,nanica
2026-04-01,destino,RIO VERDE,0.143,,outras
2026-04-01,destino,RIO VERDE,0.2,,prata
2026-04-01,destino,SANTO ANTÔNIO DO JARDIM,14.688,,nanica
2026-04-01,destino,SUZANO,11.456,,prata
2026-04-01,destino,SÃO BERNARDO DO CAMPO,22.5,,nanica
2026-04-01,destino,SÃO BERNARDO DO CAMPO,13.385,,prata
2026-04-01,destino,SÃO LOURENÇO,10.0,,prata
2026-04-01,destino,SÃO MATEUS,0.16,,prata
2026-04-01,destino,SÃO PAULO,85.332,,nanica
2026-04-01,destino,SÃO PAULO,22.8,,prata
2026-04-01,destino,TABOÃO DA SERRA,15.0,,nanica
2026-04-01,destino,TABOÃO DA SERRA,9.52,,prata
2026-04-01,destino,TAUBATÉ,2.5,,nanica
2026-04-01,destino,TAUBATÉ,5.0,,prata
2026-04-01,destino,TRÊS CORAÇÕES,5.0,,prata
2026-04-01,destino,TRÊS RIOS,1.83,,nanica
2026-04-01,destino,TRÊS RIOS,0.035,,outras
2026-04-01,destino,TRÊS RIOS,2.17,,prata
2026-04-01,destino,UBERLÂNDIA,23.935,,nanica
2026-04-01,destino,UBERLÂNDIA,0.004,,outras
2026-04-01,destino,UBERLÂNDIA,48.0,,prata
2026-04-01,destino,VITÓRIA DA CONQUISTA,0.21,,outras
2026-04-01,destino,VOLTA REDONDA,3.35,,nanica
2026-04-01,destino,VOLTA REDONDA,2.35,,prata
2026-04-01,destino,VÁRZEA PAULISTA,18.0,,nanica
2026-04-01,origem,ANDRADAS,4.5,,prata
2026-04-01,origem,ARAÇUAÍ,3.0,,nanica
2026-04-01,origem,ARAÇUAÍ,14.224,,prata
2026-04-01,origem,AUGUSTO DE LIMA,2.0,,nanica
2026-04-01,origem,AUGUSTO DE LIMA,12.0,,prata
2026-04-01,origem,BOM JESUS DO AMPARO,15.0,,nanica
2026-04-01,origem,BRASILÂNDIA DE MINAS,12.285,,nanica
2026-04-01,origem,BRAZÓPOLIS,17.1,,nanica
2026-04-01,origem,BRAZÓPOLIS,28.55,,prata
2026-04-01,origem,CAJURI,20.0,,prata
2026-04-01,origem,CANÁPOLIS,8.07,,outras
2026-04-01,origem,CAPITÃO ENÉAS,9.0,,prata
2026-04-01,origem,CARANGOLA,1.0,,nanica
2026-04-01,origem,CLARO DOS POÇÕES,6.0,,outras
2026-04-01,origem,CONTAGEM,94.51,,nanica
2026-04-01,origem,CONTAGEM,8.005,,outras
2026-04-01,origem,CONTAGEM,95.9,,prata
2026-04-01,origem,CURVELO,45.0,,nanica
2026-04-01,origem,CÁSSIA,11.456,,prata
2026-04-01,origem,DELFINÓPOLIS,5.5,,nanica
2026-04-01,origem,DELFINÓPOLIS,141.815,,prata
2026-04-01,origem,DOM VIÇOSO,15.0,,prata
2026-04-01,origem,FRANCISCO SÁ,8.0,,prata
2026-04-01,origem,GOVERNADOR VALADARES,0.5,,nanica
2026-04-01,origem,GOVERNADOR VALADARES,10.0,,prata
2026-04-01,origem,INDIANÓPOLIS,0.004,,outras
2026-04-01,origem,IPATINGA,0.16,,prata
2026-04-01,origem,ITACARAMBI,52.0,,nanica
2026-04-01,origem,JACINTO,15.0,,prata
2026-04-01,origem,JANAÚBA,27.0,,nanica
2026-04-01,origem,JANAÚBA,65.5,,prata
2026-04-01,origem,JAÍBA,573.377,,nanica
2026-04-01,origem,JAÍBA,3.96,,outras
2026-04-01,origem,JAÍBA,100.35,,prata
2026-04-01,origem,JEQUITINHONHA,13.2,,prata
2026-04-01,origem,JESUÂNIA,12.0,,prata
2026-04-01,origem,JUIZ DE FORA,0.22,,outras
2026-04-01,origem,JUIZ DE FORA,0.26,,prata
2026-04-01,origem,LAMBARI,4.0,,prata
2026-04-01,origem,LASSANCE,14.688,,nanica
2026-04-01,origem,LASSANCE,64.44,,prata
2026-04-01,origem,MARILAC,15.0,,prata
2026-04-01,origem,MATIAS CARDOSO,28.0,,nanica
2026-04-01,origem,MATIAS CARDOSO,15.56,,prata
2026-04-01,origem,MONTES CLAROS,46.2,,prata
2026-04-01,origem,NOVA PORTEIRINHA,16.975,,nanica
2026-04-01,origem,NOVA PORTEIRINHA,80.3,,prata
2026-04-01,origem,NOVA UNIÃO,15.0,,nanica
2026-04-01,origem,PARAOPEBA,15.0,,nanica
2026-04-01,origem,PARAOPEBA,15.0,,prata
2026-04-01,origem,PAULISTAS,2.8,,nanica
2026-04-01,origem,PAULISTAS,11.9,,prata
2026-04-01,origem,PEDRALVA,73.562,,nanica
2026-04-01,origem,PEDRALVA,2.35,,prata
2026-04-01,origem,PIAU,1.5,,nanica
2026-04-01,origem,PIAU,5.5,,prata
2026-04-01,origem,PIRANGUÇU,5.346,,nanica
2026-04-01,origem,PIRAPORA,9.15,,nanica
2026-04-01,origem,PIRAPORA,33.9,,prata
2026-04-01,origem,SANTA BÁRBARA DO TUGÚRIO,6.0,,nanica
2026-04-01,origem,SANTA BÁRBARA DO TUGÚRIO,3.0,,prata
2026-04-01,origem,SÃO FRANCISCO,30.18,,prata
2026-04-01,origem,SÃO JOÃO DA PONTE,12.0,,prata
2026-04-01,origem,UBERLÂNDIA,1.895,,nanica
2026-04-01,origem,UBERLÂNDIA,2.059,,outras
2026-04-01,origem,UBERLÂNDIA,4.605,,prata
2026-04-01,origem,VERDELÂNDIA,34.69,,nanica
2026-04-01,origem,VERDELÂNDIA,1.575,,outras
2026-04-01,origem,VERDELÂNDIA,31.78,,prata
2026-04-02,destino,AMERICANA,6.0,,prata
2026-04-02,destino,ARCOS,9.45,,prata
2026-04-02,destino,BAURU,12.48,,prata
2026-04-02,destino,BOTELHOS,9.0,,prata
2026-04-02,destino,BRASÍLIA,21.165,,nanica
2026-04-02,destino,BRASÍLIA,57.34,,prata
2026-04-02,destino,BRAZÓPOLIS,0.3,,nanica
2026-04-02,destino,BRAZÓPOLIS,13.1,,prata
2026-04-02,destino,CAMPINAS,150.05,,nanica
2026-04-02,destino,CAMPINAS,1.5,,outras
2026-04-02,destino,CAMPINAS,88.95,,prata
2026-04-02,destino,CAMPO GRANDE,62.46,,nanica
2026-04-02,destino,CAMPO GRANDE,2.3,,prata
2026-04-02,destino,CAPELINHA,7.6,,prata
2026-04-02,destino,CARIACICA,6.0,,prata
2026-04-02,destino,CATALÃO,0.112,,nanica
2026-04-02,destino,CATALÃO,0.292,,outras
2026-04-02,destino,CATALÃO,0.128,,prata
2026-04-02,destino,CHAPADÃO DO SUL,0.072,,outras
2026-04-02,destino,CHAPADÃO DO SUL,0.19,,prata
2026-04-02,destino,CONCEIÇÃO DAS PEDRAS,6.0,,prata
2026-04-02,destino,CONTAGEM,285.68,,nanica
2026-04-02,destino,CONTAGEM,3.6,,outras
2026-04-02,destino,CONTAGEM,306.0,,prata
2026-04-02,destino,COSTA RICA,0.019,,nanica
2026-04-02,destino,COSTA RICA,0.019,,outras
2026-04-02,destino,DIVINÓPOLIS,19.725,,prata
2026-04-02,destino,FOZ DO IGUAÇU,11.172,,prata
2026-04-02,destino,FRANCA,28.0,,nanica
2026-04-02,destino,FRANCA,13.86,,prata
2026-04-02,destino,GOIÂNIA,1.5,,outras
2026-04-02,destino,GUARULHOS,13.5,,nanica
2026-04-02,destino,INOCÊNCIA,0.057,,nanica
2026-04-02,destino,INOCÊNCIA,0.018,,outras
2026-04-02,destino,INOCÊNCIA,0.038,,prata
2026-04-02,destino,IPAMERI,0.064,,nanica
2026-04-02,destino,IPAMERI,0.216,,outras
2026-04-02,destino,IPAMERI,0.064,,prata
2026-04-02,destino,ITARIRI,15.0,,nanica
2026-04-02,destino,ITARIRI,31.816,,prata
2026-04-02,destino,ITUIUTABA,9.9,,prata
2026-04-02,destino,ITUMBIARA,0.095,,nanica
2026-04-02,destino,ITUMBIARA,0.263,,outras
2026-04-02,destino,ITUMBIARA,0.082,,prata
2026-04-02,destino,JALES,15.12,,nanica
2026-04-02,destino,JANAÚBA,84.72,,nanica
2026-04-02,destino,JANAÚBA,28.0,,prata
2026-04-02,destino,JARDINÓPOLIS,11.52,,prata
2026-04-02,destino,JUNDIAÍ,14.1,,nanica
2026-04-02,destino,JUNDIAÍ,56.1,,prata
2026-04-02,destino,LORENA,1.5,,prata
2026-04-02,destino,MARINGÁ,22.6,,nanica
2026-04-02,destino,MIRACATU,14.2,,prata
2026-04-02,destino,MONTES CLAROS,20.6,,nanica
2026-04-02,destino,MONTES CLAROS,19.44,,prata
2026-04-02,destino,NITERÓI,22.0,,prata
2026-04-02,destino,NOVA UNIÃO,12.0,,nanica
2026-04-02,destino,OSASCO,21.0,,nanica
2026-04-02,destino,OSASCO,6.0,,prata
2026-04-02,destino,PARANAÍBA,0.038,,nanica
2026-04-02,destino,PARAÍSO DAS ÁGUAS,0.095,,nanica
2026-04-02,destino,PARAÍSO DAS ÁGUAS,0.019,,outras
2026-04-02,destino,PATOS DE MINAS,0.76,,nanica
2026-04-02,destino,PATOS DE MINAS,16.359,,prata
2026-04-02,destino,PIEDADE DE CARATINGA,12.0,,prata
2026-04-02,destino,QUIRINÓPOLIS,0.038,,nanica
2026-04-02,destino,QUIRINÓPOLIS,0.106,,outras
2026-04-02,destino,QUIRINÓPOLIS,0.035,,prata
2026-04-02,destino,RIBEIRÃO PRETO,116.965,,nanica
2026-04-02,destino,RIBEIRÃO PRETO,1.35,,outras
2026-04-02,destino,RIBEIRÃO PRETO,13.365,,prata
2026-04-02,destino,RIO DE JANEIRO,121.58,,nanica
2026-04-02,destino,RIO DE JANEIRO,439.86,,prata
2026-04-02,destino,RIO VERDE,0.019,,nanica
2026-04-02,destino,RIO VERDE,0.053,,outras
2026-04-02,destino,RIO VERDE,0.016,,prata
2026-04-02,destino,SANTA BÁRBARA D'OESTE,13.5,,nanica
2026-04-02,destino,SANTA BÁRBARA DO TUGÚRIO,6.0,,prata
2026-04-02,destino,SANTO ANTÔNIO DO JARDIM,4.8,,prata
2026-04-02,destino,SEROPÉDICA,34.0,,prata
2026-04-02,destino,SOROCABA,9.0,,prata
2026-04-02,destino,SÃO BERNARDO DO CAMPO,23.4,,nanica
2026-04-02,destino,SÃO BERNARDO DO CAMPO,80.2,,prata
2026-04-02,destino,SÃO GONÇALO,15.0,,prata
2026-04-02,destino,SÃO JOSÉ DO RIO PRETO,70.18,,nanica
2026-04-02,destino,SÃO PAULO,95.35,,nanica
2026-04-02,destino,SÃO PAULO,1.68,,outras
2026-04-02,destino,SÃO PAULO,144.64,,prata
2026-04-02,destino,TABOÃO DA SERRA,10.5,,nanica
2026-04-02,destino,TABOÃO DA SERRA,1.5,,outras
2026-04-02,destino,TABOÃO DA SERRA,15.0,,prata
2026-04-02,destino,TAUBATÉ,15.3,,prata
2026-04-02,destino,TRÊS RIOS,1.5,,nanica
2026-04-02,destino,TRÊS RIOS,0.015,,outras
2026-04-02,destino,TRÊS RIOS,1.8,,prata
2026-04-02,destino,UBERLÂNDIA,2.0,,nanica
2026-04-02,destino,UBERLÂNDIA,54.984,,prata
2026-04-02,destino,VOTORANTIM,7.84,,prata
2026-04-02,destino,VÁRZEA PAULISTA,50.85,,nanica
2026-04-02,destino,VÁRZEA PAULISTA,13.5,,prata
2026-04-02,origem,ARAÇUAÍ,77.4,,prata
2026-04-02,origem,BOCAIÚVA,16.0,,prata
2026-04-02,origem,BRAZÓPOLIS,0.3,,nanica
2026-04-02,origem,BRAZÓPOLIS,7.3,,prata
2026-04-02,origem,CAMPINA VERDE,3.6,,outras
2026-04-02,origem,CANÁPOLIS,1.5,,outras
2026-04-02,origem,CAPITÃO ENÉAS,31.0,,prata
2026-04-02,origem,CONCEIÇÃO DAS PEDRAS,12.0,,prata
2026-04-02,origem,CONTAGEM,99.0,,nanica
2026-04-02,origem,CONTAGEM,91.0,,prata
2026-04-02,origem,CORINTO,13.848,,prata
2026-04-02,origem,CÁSSIA,17.29,,prata
2026-04-02,origem,DELFINÓPOLIS,5.25,,nanica
2026-04-02,origem,DELFINÓPOLIS,368.494,,prata
2026-04-02,origem,FRANCISCO SÁ,11.2,,prata
2026-04-02,origem,ITACARAMBI,69.0,,nanica
2026-04-02,origem,ITAOBIM,12.0,,prata
2026-04-02,origem,ITINGA,21.12,,prata
2026-04-02,origem,JANAÚBA,66.5,,nanica
2026-04-02,origem,JANAÚBA,162.38,,prata
2026-04-02,origem,JAÍBA,817.685,,nanica
2026-04-02,origem,JAÍBA,4.35,,outras
2026-04-02,origem,JAÍBA,174.795,,prata
2026-04-02,origem,JEQUITINHONHA,46.8,,prata
2026-04-02,origem,LASSANCE,37.5,,nanica
2026-04-02,origem,LASSANCE,72.34,,prata
2026-04-02,origem,MARILAC,35.4,,prata
2026-04-02,origem,MATIAS CARDOSO,49.52,,nanica
2026-04-02,origem,MATIAS CARDOSO,17.0,,prata
2026-04-02,origem,MONTES CLAROS,11.2,,nanica
2026-04-02,origem,MONTES CLAROS,146.02,,prata
2026-04-02,origem,NOVA PORTEIRINHA,20.0,,nanica
2026-04-02,origem,NOVA PORTEIRINHA,66.06,,prata
2026-04-02,origem,NOVA UNIÃO,45.0,,nanica
2026-04-02,origem,PEDRAS DE MARIA DA CRUZ,0.75,,nanica
2026-04-02,origem,PEDRAS DE MARIA DA CRUZ,12.3,,prata
2026-04-02,origem,PIRAPORA,0.76,,nanica
2026-04-02,origem,PIRAPORA,86.304,,prata
2026-04-02,origem,PORTEIRINHA,10.0,,prata
2026-04-02,origem,SÃO FRANCISCO,12.0,,prata
2026-04-02,origem,SÃO JOÃO DA PONTE,7.0,,prata
2026-04-02,origem,UBERLÂNDIA,0.537,,nanica
2026-04-02,origem,UBERLÂNDIA,1.058,,outras
2026-04-02,origem,UBERLÂNDIA,0.553,,prata
2026-04-02,origem,VERDELÂNDIA,50.415,,nanica
2026-04-02,origem,VERDELÂNDIA,1.695,,outras
2026-04-02,origem,VERDELÂNDIA,99.55,,prata
2026-04-02,origem,VÁRZEA DA PALMA,26.5,,prata
2026-04-03,destino,BELO HORIZONTE,3.5,,nanica
2026-04-03,destino,BELO HORIZONTE,3.5,,prata
2026-04-03,destino,CONTAGEM,13.5,,nanica
2026-04-03,destino,CONTAGEM,20.0,,prata
2026-04-03,destino,JUNDIAÍ,13.5,,nanica
2026-04-03,origem,ESPINOSA,20.0,,prata
2026-04-03,origem,JAÍBA,27.0,,nanica
2026-04-03,origem,MATOZINHOS,3.5,,nanica
2026-04-03,origem,MATOZINHOS,3.5,,prata
2026-04-04,destino,BELO HORIZONTE,4.5,,prata
2026-04-04,destino,CASSILÂNDIA,0.09,,prata
2026-04-04,destino,CHAPADÃO DO CÉU,0.04,,nanica
2026-04-04,destino,CHAPADÃO DO SUL,0.04,,nanica
2026-04-04,destino,CHAPADÃO DO SUL,0.04,,outras
2026-04-04,destino,CHAPADÃO DO SUL,0.126,,prata
2026-04-04,destino,CONTAGEM,28.41,,nanica
2026-04-04,destino,CONTAGEM,16.5,,prata
2026-04-04,destino,INOCÊNCIA,0.84,,nanica
2026-04-04,destino,INOCÊNCIA,0.116,,outras
2026-04-04,destino,INOCÊNCIA,0.216,,prata
2026-04-04,destino,ITAÚNA,2.48,,nanica
2026-04-04,destino,JANAÚBA,13.365,,nanica
2026-04-04,destino,JARDINÓPOLIS,12.0,,nanica
2026-04-04,destino,MATEUS LEME,4.8,,prata
2026-04-04,destino,MONTES CLAROS,5.04,,nanica
2026-04-04,destino,MONTES CLAROS,3.0,,outras
2026-04-04,destino,MONTES CLAROS,7.5,,prata
2026-04-04,destino,NOVA UNIÃO,13.425,,prata
2026-04-04,destino,PARANAÍBA,0.08,,outras
2026-04-04,destino,PARANAÍBA,0.072,,prata
2026-04-04,destino,PARAÍSO DAS ÁGUAS,0.08,,nanica
2026-04-04,destino,PARAÍSO DAS ÁGUAS,0.018,,outras
2026-04-04,destino,PARAÍSO DAS ÁGUAS,0.018,,prata
2026-04-04,destino,RIBEIRÃO DAS NEVES,13.5,,prata
2026-04-04,destino,RIO DE JANEIRO,10.675,,nanica
2026-04-04,destino,RIO DE JANEIRO,9.54,,outras
2026-04-04,destino,RIO DE JANEIRO,25.62,,prata
2026-04-04,destino,SÃO CAETANO DO SUL,8.25,,nanica
2026-04-04,destino,SÃO CAETANO DO SUL,4.5,,prata
2026-04-04,destino,SÃO FRANCISCO,6.0,,prata
2026-04-04,destino,TRÊS RIOS,4.5,,nanica
2026-04-04,destino,TRÊS RIOS,0.03,,outras
2026-04-04,destino,TRÊS RIOS,1.215,,prata
2026-04-04,destino,VITÓRIA DA CONQUISTA,1.2,,nanica
2026-04-04,destino,VITÓRIA DA CONQUISTA,0.21,,outras
2026-04-04,destino,VITÓRIA DA CONQUISTA,0.81,,prata
2026-04-04,origem,JAÍBA,41.565,,nanica
2026-04-04,origem,JAÍBA,0.21,,outras
2026-04-04,origem,JAÍBA,0.81,,prata
2026-04-04,origem,LASSANCE,21.66,,nanica
2026-04-04,origem,LASSANCE,21.0,,prata
2026-04-04,origem,NOVA PORTEIRINHA,10.0,,nanica
2026-04-04,origem,PIRAPORA,2.48,,nanica
2026-04-04,origem,PIRAPORA,62.625,,prata
2026-04-04,origem,UBERLÂNDIA,1.0,,nanica
2026-04-04,origem,UBERLÂNDIA,0.254,,outras
2026-04-04,origem,UBERLÂNDIA,0.522,,prata
2026-04-04,origem,VERDELÂNDIA,10.215,,nanica
2026-04-04,origem,VERDELÂNDIA,12.57,,outras
2026-04-04,origem,VERDELÂNDIA,9.435,,prata
2026-04-04,origem,VÁRZEA DA PALMA,4.5,,prata
2026-04-06,destino,ANDRADAS,15.0,,prata
2026-04-06,destino,ARAÇATUBA,24.0,,nanica
2026-04-06,destino,BAURU,10.5,,prata
2026-04-06,destino,BRASÍLIA,64.38,,prata
2026-04-06,destino,BRAZÓPOLIS,7.0,,prata
2026-04-06,destino,BURITI ALEGRE,3.2,,outras
2026-04-06,destino,CAIEIRAS,15.0,,nanica
2026-04-06,destino,CALDAS,0.54,,prata
2026-04-06,destino,CAMPINAS,101.69,,nanica
2026-04-06,destino,CAMPINAS,1.5,,outras
2026-04-06,destino,CAMPINAS,58.9,,prata
2026-04-06,destino,CAMPO GRANDE,77.4,,nanica
2026-04-06,destino,CAMPO GRANDE,7.68,,prata
2026-04-06,destino,CARIACICA,6.0,,prata
2026-04-06,destino,CATALÃO,0.144,,nanica
2026-04-06,destino,CATALÃO,0.508,,outras
2026-04-06,destino,CATALÃO,0.45,,prata
2026-04-06,destino,CONCEIÇÃO DAS PEDRAS,4.4,,prata
2026-04-06,destino,CONTAGEM,94.32,,nanica
2026-04-06,destino,CONTAGEM,3.915,,outras
2026-04-06,destino,CONTAGEM,244.92,,prata
2026-04-06,destino,CRISTINA,19.0,,nanica
2026-04-06,destino,CRISTINA,5.0,,outras
2026-04-06,destino,CRISTINA,21.0,,prata
2026-04-06,destino,CUIABÁ,17.58,,nanica
2026-04-06,destino,CUIABÁ,3.36,,prata
2026-04-06,destino,CUMARI,0.054,,outras
2026-04-06,destino,DIADEMA,13.5,,prata
2026-04-06,destino,EXTREMA,5.0,,nanica
2026-04-06,destino,EXTREMA,4.4,,prata
2026-04-06,destino,FRANCA,14.0,,nanica
2026-04-06,destino,GOVERNADOR VALADARES,7.0,,nanica
2026-04-06,destino,GOVERNADOR VALADARES,9.0,,outras
2026-04-06,destino,GOVERNADOR VALADARES,7.0,,prata
2026-04-06,destino,GUARULHOS,13.5,,nanica
2026-04-06,destino,GUARULHOS,9.639,,prata
2026-04-06,destino,ITAJUBÁ,14.3,,prata
2026-04-06,destino,ITARIRI,26.95,,nanica
2026-04-06,destino,ITARIRI,12.0,,prata
2026-04-06,destino,ITUMBIARA,1.12,,outras
2026-04-06,destino,JANAÚBA,37.26,,nanica
2026-04-06,destino,JANAÚBA,13.0,,prata
2026-04-06,destino,JAÍBA,12.0,,nanica
2026-04-06,destino,JOÃO MONLEVADE,25.0,,nanica
2026-04-06,destino,JOÃO MONLEVADE,4.0,,prata
2026-04-06,destino,JUIZ DE FORA,5.0,,nanica
2026-04-06,destino,JUIZ DE FORA,5.0,,prata
2026-04-06,destino,JUNDIAÍ,19.6,,nanica
2026-04-06,destino,JUNDIAÍ,40.25,,prata
2026-04-06,destino,LAMBARI,1.0,,prata
2026-04-06,destino,MASSARANDUBA,22.0,,nanica
2026-04-06,destino,MONTES CLAROS,4.5,,nanica
2026-04-06,destino,MONTES CLAROS,74.18,,prata
2026-04-06,destino,NITERÓI,47.0,,prata
2026-04-06,destino,NOVA ERA,0.15,,nanica
2026-04-06,destino,NOVA ERA,0.25,,prata
2026-04-06,destino,OSASCO,48.52,,nanica
2026-04-06,destino,OSASCO,3.12,,outras
2026-04-06,destino,OSASCO,19.755,,prata
2026-04-06,destino,PARAIBUNA,8.0,,nanica
2026-04-06,destino,PARAÍBA DO SUL,0.22,,outras
2026-04-06,destino,PATOS DE MINAS,42.0,,outras
2026-04-06,destino,PATOS DE MINAS,11.5,,prata
2026-04-06,destino,PEDRA AZUL,1.45,,prata
2026-04-06,destino,PIAU,31.2,,nanica
2026-04-06,destino,PINDAMONHANGABA,4.0,,nanica
2026-04-06,destino,PINDAMONHANGABA,4.0,,prata
2026-04-06,destino,PIRANGUÇU,35.0,,nanica
2026-04-06,destino,PIRANGUÇU,12.5,,prata
2026-04-06,destino,PONTA PORÃ,9.5,,nanica
2026-04-06,destino,POUSO ALEGRE,4.275,,nanica
2026-04-06,destino,POUSO ALEGRE,0.96,,outras
2026-04-06,destino,POUSO ALEGRE,12.0,,prata
2026-04-06,destino,POÇOS DE CALDAS,4.8,,prata
2026-04-06,destino,QUIRINÓPOLIS,1.04,,prata
2026-04-06,destino,RESENDE,3.8,,nanica
2026-04-06,destino,RESENDE,1.0,,outras
2026-04-06,destino,RESENDE,1.2,,prata
2026-04-06,destino,RIBEIRÃO DAS NEVES,16.5,,prata
2026-04-06,destino,RIBEIRÃO PRETO,115.4,,nanica
2026-04-06,destino,RIBEIRÃO PRETO,7.2,,outras
2026-04-06,destino,RIBEIRÃO PRETO,10.08,,prata
2026-04-06,destino,RIO DE JANEIRO,27.5,,nanica
2026-04-06,destino,RIO DE JANEIRO,399.21,,prata
2026-04-06,destino,SANTA RITA DE CALDAS,3.114,,prata
2026-04-06,destino,SANTO ANTÔNIO DO JARDIM,14.688,,nanica
2026-04-06,destino,SAPUCAÍ-MIRIM,4.0,,nanica
2026-04-06,destino,SAPUCAÍ-MIRIM,7.0,,prata
2026-04-06,destino,SEROPÉDICA,14.0,,prata
2026-04-06,destino,SUMARÉ,7.8,,prata
2026-04-06,destino,SÃO BERNARDO DO CAMPO,26.885,,prata
2026-04-06,destino,SÃO FRANCISCO,6.0,,nanica
2026-04-06,destino,SÃO GONÇALO,7.0,,prata
2026-04-06,destino,SÃO JOSÉ DO RIO PRETO,49.44,,nanica
2026-04-06,destino,SÃO JOSÉ DO RIO PRETO,13.065,,prata
2026-04-06,destino,SÃO JOSÉ DOS CAMPOS,10.8,,nanica
2026-04-06,destino,SÃO PAULO,102.4,,nanica
2026-04-06,destino,SÃO PAULO,0.63,,outras
2026-04-06,destino,SÃO PAULO,76.95,,prata
2026-04-06,destino,TABOÃO DA SERRA,13.5,,nanica
2026-04-06,destino,TABOÃO DA SERRA,1.5,,outras
2026-04-06,destino,TABOÃO DA SERRA,15.0,,prata
2026-04-06,destino,TAUBATÉ,5.2,,nanica
2026-04-06,destino,TAUBATÉ,18.8,,prata
2026-04-06,destino,TOCANTINS,4.5,,nanica
2026-04-06,destino,TOCANTINS,4.5,,prata
2026-04-06,destino,TRÊS RIOS,2.13,,nanica
2026-04-06,destino,TRÊS RIOS,0.085,,outras
2026-04-06,destino,TRÊS RIOS,1.2,,prata
2026-04-06,destino,UBERABA,9.0,,prata
2026-04-06,destino,UBERLÂNDIA,2.0,,nanica
2026-04-06,destino,UBERLÂNDIA,40.448,,prata
2026-04-06,destino,UNAÍ,0.9,,nanica
2026-04-06,destino,UNAÍ,1.2,,prata
2026-04-06,destino,VARGINHA,15.0,,prata
2026-04-06,destino,VITÓRIA DA CONQUISTA,0.21,,outras
2026-04-06,destino,VIÇOSA,4.5,,prata
2026-04-06,destino,VÁRZEA PAULISTA,22.5,,nanica
2026-04-06,destino,VÁRZEA PAULISTA,13.5,,prata
2026-04-06,origem,ANDRADAS,22.8,,prata
2026-04-06,origem,ARAÇUAÍ,103.74,,prata
2026-04-06,origem,BRAZÓPOLIS,2.2,,nanica
2026-04-06,origem,CAMPINA VERDE,3.915,,outras
2026-04-06,origem,CANÁPOLIS,11.52,,outras
2026-04-06,origem,CAPITÃO ENÉAS,12.0,,nanica
2026-04-06,origem,CAPITÃO ENÉAS,18.8,,prata
2026-04-06,origem,CARANGOLA,25.15,,nanica
2026-04-06,origem,CARANGOLA,4.25,,prata
2026-04-06,origem,CLARO DOS POÇÕES,19.0,,prata
2026-04-06,origem,CONCEIÇÃO DAS PEDRAS,4.4,,prata
2026-04-06,origem,CORINTO,25.08,,prata
2026-04-06,origem,CRISTINA,22.8,,nanica
2026-04-06,origem,CRISTINA,6.0,,outras
2026-04-06,origem,CRISTINA,22.2,,prata
2026-04-06,origem,CÁSSIA,30.5,,prata
2026-04-06,origem,DELFINÓPOLIS,1.95,,outras
2026-04-06,origem,DELFINÓPOLIS,209.088,,prata
2026-04-06,origem,ESPINOSA,20.0,,prata
2026-04-06,origem,FRANCISCO SÁ,10.0,,prata
2026-04-06,origem,IBITIÚRA DE MINAS,3.654,,prata
2026-04-06,origem,INHAPIM,3.0,,nanica
2026-04-06,origem,INHAPIM,5.0,,outras
2026-04-06,origem,INHAPIM,3.0,,prata
2026-04-06,origem,ITACARAMBI,38.0,,nanica
2026-04-06,origem,ITAJUBÁ,5.0,,nanica
2026-04-06,origem,ITAJUBÁ,4.4,,prata
2026-04-06,origem,ITINGA,18.0,,prata
2026-04-06,origem,JANAÚBA,10.0,,nanica
2026-04-06,origem,JANAÚBA,123.75,,prata
2026-04-06,origem,JAÍBA,743.508,,nanica
2026-04-06,origem,JAÍBA,3.84,,outras
2026-04-06,origem,JAÍBA,105.73,,prata
2026-04-06,origem,JEQUITINHONHA,23.35,,prata
2026-04-06,origem,JUIZ DE FORA,0.26,,outras
2026-04-06,origem,LAGOA FORMOSA,42.0,,outras
2026-04-06,origem,LAGOA FORMOSA,11.5,,prata
2026-04-06,origem,LAMBARI,1.0,,prata
2026-04-06,origem,LASSANCE,37.0,,nanica
2026-04-06,origem,LASSANCE,105.184,,prata
2026-04-06,origem,MANGA,13.44,,nanica
2026-04-06,origem,MARILAC,4.5,,nanica
2026-04-06,origem,MARILAC,10.5,,prata
2026-04-06,origem,MATIAS CARDOSO,30.0,,prata
2026-04-06,origem,MONTES CLAROS,99.5,,prata
2026-04-06,origem,NOVA PORTEIRINHA,2.0,,nanica
2026-04-06,origem,NOVA PORTEIRINHA,146.26,,prata
2026-04-06,origem,PAULISTAS,14.85,,prata
2026-04-06,origem,PEDRALVA,8.0,,nanica
2026-04-06,origem,PEDRALVA,15.0,,prata
2026-04-06,origem,PEDRAS DE MARIA DA CRUZ,13.0,,prata
2026-04-06,origem,PIAU,31.2,,nanica
2026-04-06,origem,PIRANGUÇU,46.0,,nanica
2026-04-06,origem,PIRANGUÇU,27.0,,prata
2026-04-06,origem,PIRAPORA,65.72,,prata
2026-04-06,origem,POUSO ALEGRE,4.275,,nanica
2026-04-06,origem,POUSO ALEGRE,0.96,,outras
2026-04-06,origem,POUSO ALEGRE,12.0,,prata
2026-04-06,origem,SÃO DOMINGOS DAS DORES,4.0,,nanica
2026-04-06,origem,SÃO DOMINGOS DAS DORES,4.0,,outras
2026-04-06,origem,SÃO DOMINGOS DAS DORES,4.0,,prata
2026-04-06,origem,SÃO FRANCISCO,0.9,,nanica
2026-04-06,origem,SÃO FRANCISCO,30.2,,prata
2026-04-06,origem,SÃO JOÃO DA PONTE,7.0,,prata
2026-04-06,origem,UBERLÂNDIA,0.144,,nanica
2026-04-06,origem,UBERLÂNDIA,0.562,,outras
2026-04-06,origem,UBERLÂNDIA,5.49,,prata
2026-04-06,origem,VERDELÂNDIA,53.23,,nanica
2026-04-06,origem,VERDELÂNDIA,1.215,,outras
2026-04-06,origem,VERDELÂNDIA,69.4,,prata
2026-04-06,origem,VIÇOSA,4.5,,prata
2026-04-06,origem,VÁRZEA DA PALMA,18.8,,prata
2026-04-07,destino,ALTEROSA,4.32,,prata
2026-04-07,destino,ANDRADAS,2.5,,nanica
2026-04-07,destino,ANDRADAS,17.5,,prata
2026-04-07,destino,APARECIDA DE GOIÂNIA,18.9,,nanica
2026-04-07,destino,ARAÇATUBA,7.5,,prata
2026-04-07,destino,ARCOS,9.45,,prata
2026-04-07,destino,BARBACENA,2.0,,nanica
2026-04-07,destino,BARBACENA,10.0,,prata
2026-04-07,destino,BRASÍLIA,11.325,,nanica
2026-04-07,destino,BRASÍLIA,0.6,,outras
2026-04-07,destino,BRASÍLIA,21.675,,prata
2026-04-07,destino,BRAZÓPOLIS,7.0,,nanica
2026-04-07,destino,BRAZÓPOLIS,27.0,,prata
2026-04-07,destino,CAETANÓPOLIS,7.0,,outras
2026-04-07,destino,CAETANÓPOLIS,2.0,,prata
2026-04-07,destino,CAMBUQUIRA,3.0,,prata
2026-04-07,destino,CAMPINAS,50.13,,nanica
2026-04-07,destino,CAMPINAS,0.675,,outras
2026-04-07,destino,CAMPINAS,22.8,,prata
2026-04-07,destino,CAMPO GRANDE,96.02,,nanica
2026-04-07,destino,CAMPO GRANDE,10.06,,prata
2026-04-07,destino,CAPELINHA,7.6,,prata
2026-04-07,destino,CARATINGA,10.0,,nanica
2026-04-07,destino,CARATINGA,20.0,,prata
2026-04-07,destino,CATALÃO,0.112,,nanica
2026-04-07,destino,CATALÃO,0.292,,outras
2026-04-07,destino,CATALÃO,0.128,,prata
2026-04-07,destino,CONTAGEM,354.775,,nanica
2026-04-07,destino,CONTAGEM,24.895,,outras
2026-04-07,destino,CONTAGEM,315.37,,prata
2026-04-07,destino,CURVELO,44.25,,nanica
2026-04-07,destino,CURVELO,6.65,,prata
2026-04-07,destino,DIVINÓPOLIS,16.56,,prata
2026-04-07,destino,ESPÍRITO SANTO DO DOURADO,10.5,,prata
2026-04-07,destino,FRANCA,7.2,,prata
2026-04-07,destino,GOIÂNIA,24.0,,prata
2026-04-07,destino,GOVERNADOR VALADARES,5.0,,nanica
2026-04-07,destino,GOVERNADOR VALADARES,10.0,,prata
2026-04-07,destino,GUARULHOS,13.5,,nanica
2026-04-07,destino,IPAMERI,0.064,,nanica
2026-04-07,destino,IPAMERI,0.216,,outras
2026-04-07,destino,IPAMERI,0.064,,prata
2026-04-07,destino,IPATINGA,8.0,,prata
2026-04-07,destino,ITAJUBÁ,7.0,,nanica
2026-04-07,destino,ITAJUBÁ,30.0,,prata
2026-04-07,destino,ITAMOGI,2.28,,nanica
2026-04-07,destino,ITAPERUNA,0.5,,nanica
2026-04-07,destino,ITAPERUNA,0.5,,prata
2026-04-07,destino,ITARIRI,27.0,,nanica
2026-04-07,destino,ITARIRI,21.006,,prata
2026-04-07,destino,JACAREÍ,5.6,,prata
2026-04-07,destino,JALES,13.5,,nanica
2026-04-07,destino,JANAÚBA,49.86,,nanica
2026-04-07,destino,JANAÚBA,17.0,,prata
2026-04-07,destino,JOÃO MONLEVADE,7.5,,nanica
2026-04-07,destino,JOÃO MONLEVADE,7.5,,prata
2026-04-07,destino,JUNDIAÍ,33.6,,nanica
2026-04-07,destino,JUNDIAÍ,21.0,,prata
2026-04-07,destino,LASSANCE,30.0,,prata
2026-04-07,destino,MARIA DA FÉ,6.462,,prata
2026-04-07,destino,MARINGÁ,23.0,,nanica
2026-04-07,destino,MASSARANDUBA,22.8,,nanica
2026-04-07,destino,MONTES CLAROS,12.18,,nanica
2026-04-07,destino,MONTES CLAROS,0.3,,outras
2026-04-07,destino,NITERÓI,8.0,,prata
2026-04-07,destino,OSASCO,28.2,,nanica
2026-04-07,destino,OSASCO,13.32,,prata
2026-04-07,destino,PARAIBUNA,10.0,,nanica
2026-04-07,destino,PARAOPEBA,135.0,,nanica
2026-04-07,destino,PARAOPEBA,75.0,,prata
2026-04-07,destino,PATOS DE MINAS,7.0,,prata
2026-04-07,destino,PIAU,13.5,,nanica
2026-04-07,destino,PIAU,18.6,,prata
2026-04-07,destino,POUSO ALEGRE,15.0,,nanica
2026-04-07,destino,POUSO ALEGRE,15.0,,prata
2026-04-07,destino,POÇOS DE CALDAS,15.0,,prata
2026-04-07,destino,QUIRINÓPOLIS,0.08,,nanica
2026-04-07,destino,QUIRINÓPOLIS,0.162,,outras
2026-04-07,destino,QUIRINÓPOLIS,0.096,,prata
2026-04-07,destino,RIBEIRÃO DAS NEVES,12.0,,prata
2026-04-07,destino,RIBEIRÃO PRETO,91.35,,nanica
2026-04-07,destino,RIBEIRÃO PRETO,12.96,,prata
2026-04-07,destino,RIO DE JANEIRO,51.0,,nanica
2026-04-07,destino,RIO DE JANEIRO,3.0,,outras
2026-04-07,destino,RIO DE JANEIRO,254.095,,prata
2026-04-07,destino,SANTA RITA DO SAPUCAÍ,8.0,,prata
2026-04-07,destino,SANTO ANTÔNIO DO JARDIM,11.0,,nanica
2026-04-07,destino,SANTO ANTÔNIO DO JARDIM,11.2,,prata
2026-04-07,destino,SEROPÉDICA,7.0,,prata
2026-04-07,destino,SUZANO,11.52,,prata
2026-04-07,destino,SÃO BERNARDO DO CAMPO,36.6,,prata
2026-04-07,destino,SÃO JOSÉ DO RIO PRETO,12.0,,nanica
2026-04-07,destino,SÃO PAULO,16.4,,nanica
2026-04-07,destino,SÃO PAULO,1.44,,outras
2026-04-07,destino,SÃO PAULO,113.661,,prata
2026-04-07,destino,TABOÃO DA SERRA,12.0,,prata
2026-04-07,destino,TRÊS CORAÇÕES,13.93,,nanica
2026-04-07,destino,TRÊS CORAÇÕES,17.93,,prata
2026-04-07,destino,TRÊS RIOS,1.68,,nanica
2026-04-07,destino,TRÊS RIOS,1.5,,prata
2026-04-07,destino,UBERLÂNDIA,3.0,,outras
2026-04-07,destino,UBERLÂNDIA,41.5,,prata
2026-04-07,destino,VALINHOS,10.5,,prata
2026-04-07,destino,VARGINHA,15.0,,prata
2026-04-07,destino,VOLTA REDONDA,2.4,,nanica
2026-04-07,destino,VOLTA REDONDA,7.2,,prata
2026-04-07,destino,VOTORANTIM,13.28,,prata
2026-04-07,destino,VÁRZEA PAULISTA,31.5,,nanica
2026-04-07,origem,ANDRADAS,13.5,,nanica
2026-04-07,origem,ANDRADAS,32.0,,prata
2026-04-07,origem,ARAÇUAÍ,5.0,,nanica
2026-04-07,origem,ARAÇUAÍ,32.12,,prata
2026-04-07,origem,BARBACENA,2.0,,nanica
2026-04-07,origem,BARBACENA,10.0,,prata
2026-04-07,origem,BELO HORIZONTE,14.63,,nanica
2026-04-07,origem,BELO HORIZONTE,2.93,,outras
2026-04-07,origem,BELO HORIZONTE,34.62,,prata
2026-04-07,origem,BRAZÓPOLIS,22.0,,nanica
2026-04-07,origem,BRAZÓPOLIS,77.5,,prata
2026-04-07,origem,CAETANÓPOLIS,7.0,,outras
2026-04-07,origem,CAETANÓPOLIS,2.0,,prata
2026-04-07,origem,CANÁPOLIS,3.0,,outras
2026-04-07,origem,CAPITÃO ENÉAS,15.0,,prata
2026-04-07,origem,CARANGOLA,8.0,,nanica
2026-04-07,origem,CARANGOLA,8.0,,prata
2026-04-07,origem,CONGONHAL,10.0,,nanica
2026-04-07,origem,CONTAGEM,194.475,,nanica
2026-04-07,origem,CONTAGEM,18.165,,outras
2026-04-07,origem,CONTAGEM,103.73,,prata
2026-04-07,origem,CORINTO,16.8,,nanica
2026-04-07,origem,CURVELO,42.0,,nanica
2026-04-07,origem,CURVELO,3.0,,prata
2026-04-07,origem,CÁSSIA,22.41,,prata
2026-04-07,origem,DELFINÓPOLIS,4.68,,nanica
2026-04-07,origem,DELFINÓPOLIS,217.848,,prata
2026-04-07,origem,DOM CAVATI,10.0,,nanica
2026-04-07,origem,DOM CAVATI,20.0,,prata
2026-04-07,origem,ESPÍRITO SANTO DO DOURADO,10.5,,prata
2026-04-07,origem,INDIANÓPOLIS,41.5,,prata
2026-04-07,origem,ITACARAMBI,64.425,,nanica
2026-04-07,origem,ITACARAMBI,0.9,,outras
2026-04-07,origem,ITACARAMBI,9.855,,prata
2026-04-07,origem,ITAJUBÁ,5.5,,prata
2026-04-07,origem,ITAOBIM,15.085,,prata
2026-04-07,origem,ITINGA,8.0,,prata
2026-04-07,origem,JACINTO,10.0,,prata
2026-04-07,origem,JANAÚBA,30.0,,nanica
2026-04-07,origem,JANAÚBA,47.616,,prata
2026-04-07,origem,JAÍBA,522.12,,nanica
2026-04-07,origem,JAÍBA,5.115,,outras
2026-04-07,origem,JAÍBA,74.88,,prata
2026-04-07,origem,JESUÂNIA,3.0,,prata
2026-04-07,origem,LAMBARI,3.0,,prata
2026-04-07,origem,LASSANCE,31.45,,nanica
2026-04-07,origem,LASSANCE,79.65,,prata
2026-04-07,origem,MANGA,13.5,,nanica
2026-04-07,origem,MARILAC,30.0,,prata
2026-04-07,origem,MATIAS CARDOSO,21.0,,nanica
2026-04-07,origem,MATIAS CARDOSO,6.0,,prata
2026-04-07,origem,MONTES CLAROS,50.96,,prata
2026-04-07,origem,NOVA PORTEIRINHA,98.185,,prata
2026-04-07,origem,NOVA UNIÃO,15.0,,nanica
2026-04-07,origem,PARAOPEBA,150.0,,nanica
2026-04-07,origem,PARAOPEBA,75.0,,prata
2026-04-07,origem,PEDRALVA,0.5,,prata
2026-04-07,origem,PEDRAS DE MARIA DA CRUZ,15.0,,prata
2026-04-07,origem,PIAU,16.5,,nanica
2026-04-07,origem,PIAU,18.6,,prata
2026-04-07,origem,PIRAPORA,96.22,,prata
2026-04-07,origem,RIBEIRÃO DAS NEVES,28.5,,prata
2026-04-07,origem,SANTOS DUMONT,3.0,,outras
2026-04-07,origem,SÃO FRANCISCO,24.0,,prata
2026-04-07,origem,SÃO GERALDO DA PIEDADE,5.0,,nanica
2026-04-07,origem,SÃO GERALDO DA PIEDADE,10.0,,prata
2026-04-07,origem,SÃO JOAQUIM DE BICAS,15.0,,nanica
2026-04-07,origem,SÃO JOAQUIM DE BICAS,15.0,,prata
2026-04-07,origem,SÃO JOSÉ DO ALEGRE,7.0,,nanica
2026-04-07,origem,SÃO JOÃO DO PARAÍSO,12.0,,prata
2026-04-07,origem,TOCANTINS,0.8,,outras
2026-04-07,origem,UBERLÂNDIA,0.256,,nanica
2026-04-07,origem,UBERLÂNDIA,0.67,,outras
2026-04-07,origem,UBERLÂNDIA,0.288,,prata
2026-04-07,origem,VERDELÂNDIA,13.5,,nanica
2026-04-07,origem,VERDELÂNDIA,59.34,,prata
2026-04-07,origem,VÁRZEA DA PALMA,12.0,,prata
2026-04-08,destino,ARAÇATUBA,24.0,,nanica
2026-04-08,destino,AREALVA,23.17,,nanica
2026-04-08,destino,BARBACENA,6.0,,prata
2026-04-08,destino,BRASÍLIA,5.0,,nanica
2026-04-08,destino,BRASÍLIA,34.16,,prata
2026-04-08,destino,CACHOEIRA PAULISTA,0.8,,nanica
2026-04-08,destino,CACHOEIRA PAULISTA,0.8,,prata
2026-04-08,destino,CAMBUÍ,2.8,,prata
2026-04-08,destino,CAMPINAS,41.01,,nanica
2026-04-08,destino,CAMPINAS,45.01,,prata
2026-04-08,destino,CAMPO GRANDE,42.72,,nanica
2026-04-08,destino,CARATINGA,5.0,,nanica
2026-04-08,destino,CARATINGA,5.0,,outras
2026-04-08,destino,CARATINGA,11.0,,prata
2026-04-08,destino,CASSILÂNDIA,0.036,,outras
2026-04-08,destino,CASSILÂNDIA,0.054,,prata
2026-04-08,destino,CHAPADÃO DO CÉU,0.06,,nanica
2026-04-08,destino,CHAPADÃO DO CÉU,0.018,,outras
2026-04-08,destino,CHAPADÃO DO CÉU,0.036,,prata
2026-04-08,destino,CHAPADÃO DO SUL,0.04,,nanica
2026-04-08,destino,CHAPADÃO DO SUL,0.092,,outras
2026-04-08,destino,CHAPADÃO DO SUL,0.298,,prata
2026-04-08,destino,CONTAGEM,169.72,,nanica
2026-04-08,destino,CONTAGEM,30.0,,outras
2026-04-08,destino,CONTAGEM,224.7,,prata
2026-04-08,destino,COSMÓPOLIS,3.0,,nanica
2026-04-08,destino,COSMÓPOLIS,4.2,,prata
2026-04-08,destino,CURVELO,15.0,,nanica
2026-04-08,destino,CURVELO,15.0,,prata
2026-04-08,destino,DOURADOS,41.52,,nanica
2026-04-08,destino,DOURADOS,0.84,,prata
2026-04-08,destino,GUARULHOS,15.0,,nanica
2026-04-08,destino,INOCÊNCIA,0.735,,nanica
2026-04-08,destino,INOCÊNCIA,0.076,,outras
2026-04-08,destino,INOCÊNCIA,1.05,,prata
2026-04-08,destino,ITAJUBÁ,10.0,,nanica
2026-04-08,destino,ITARIRI,30.594,,prata
2026-04-08,destino,ITUMBIARA,0.456,,nanica
2026-04-08,destino,ITUMBIARA,0.272,,outras
2026-04-08,destino,ITUMBIARA,0.738,,prata
2026-04-08,destino,JANAÚBA,36.12,,nanica
2026-04-08,destino,JARDINÓPOLIS,15.0,,nanica
2026-04-08,destino,JAÚ,19.5,,nanica
2026-04-08,destino,JUNDIAÍ,28.1,,nanica
2026-04-08,destino,JUNDIAÍ,12.6,,prata
2026-04-08,destino,LORENA,0.8,,nanica
2026-04-08,destino,LORENA,0.8,,prata
2026-04-08,destino,MARINGÁ,39.8,,nanica
2026-04-08,destino,MINEIROS DO TIETÊ,18.33,,nanica
2026-04-08,destino,MINEIROS DO TIETÊ,3.0,,prata
2026-04-08,destino,MIRACATU,29.4,,nanica
2026-04-08,destino,MONTES CLAROS,12.5,,nanica
2026-04-08,destino,MONTES CLAROS,3.0,,outras
2026-04-08,destino,MONTES CLAROS,78.78,,prata
2026-04-08,destino,NITERÓI,12.0,,prata
2026-04-08,destino,NOVA PORTEIRINHA,10.0,,prata
2026-04-08,destino,NOVA UNIÃO,11.3,,prata
2026-04-08,destino,OSASCO,2.86,,nanica
2026-04-08,destino,OSASCO,1.04,,outras
2026-04-08,destino,OSASCO,15.51,,prata
2026-04-08,destino,PARAIBUNA,7.0,,nanica
2026-04-08,destino,PARANAÍBA,0.04,,outras
2026-04-08,destino,PARANAÍBA,0.09,,prata
2026-04-08,destino,PARAOPEBA,1.5,,nanica
2026-04-08,destino,PARAÍSO DAS ÁGUAS,0.1,,nanica
2026-04-08,destino,PARAÍSO DAS ÁGUAS,0.038,,outras
2026-04-08,destino,PARAÍSO DAS ÁGUAS,0.018,,prata
2026-04-08,destino,PARÁ DE MINAS,15.0,,prata
2026-04-08,destino,PATOS DE MINAS,5.0,,nanica
2026-04-08,destino,PATOS DE MINAS,5.0,,outras
2026-04-08,destino,PATOS DE MINAS,5.0,,prata
2026-04-08,destino,PEDRALVA,10.0,,nanica
2026-04-08,destino,PETRÓPOLIS,1.0,,prata
2026-04-08,destino,PIAU,47.0,,nanica
2026-04-08,destino,PIAU,1.5,,prata
2026-04-08,destino,POUSO ALEGRE,2.5,,nanica
2026-04-08,destino,POUSO ALEGRE,16.8,,prata
2026-04-08,destino,QUIRINÓPOLIS,0.342,,nanica
2026-04-08,destino,QUIRINÓPOLIS,0.266,,outras
2026-04-08,destino,QUIRINÓPOLIS,0.378,,prata
2026-04-08,destino,RIBEIRÃO DAS NEVES,26.81,,prata
2026-04-08,destino,RIBEIRÃO PRETO,46.01,,nanica
2026-04-08,destino,RIBEIRÃO PRETO,14.3,,prata
2026-04-08,destino,RIO DE JANEIRO,46.5,,nanica
2026-04-08,destino,RIO DE JANEIRO,234.8,,prata
2026-04-08,destino,RIO VERDE,0.228,,nanica
2026-04-08,destino,RIO VERDE,0.053,,outras
2026-04-08,destino,RIO VERDE,0.18,,prata
2026-04-08,destino,SANTA BRANCA,7.7,,nanica
2026-04-08,destino,SANTO ANTÔNIO DO JARDIM,14.688,,nanica
2026-04-08,destino,SEROPÉDICA,20.0,,prata
2026-04-08,destino,SUZANO,11.456,,prata
2026-04-08,destino,SÃO BERNARDO DO CAMPO,23.1,,nanica
2026-04-08,destino,SÃO BERNARDO DO CAMPO,34.875,,prata
2026-04-08,destino,SÃO FRANCISCO,1.5,,prata
2026-04-08,destino,SÃO GONÇALO,7.0,,prata
2026-04-08,destino,SÃO JOSÉ DO RIO PRETO,12.0,,nanica
2026-04-08,destino,SÃO JOÃO DA BOA VISTA,3.5,,nanica
2026-04-08,destino,SÃO JOÃO DA BOA VISTA,4.5,,prata
2026-04-08,destino,SÃO MATEUS,0.15,,prata
2026-04-08,destino,SÃO PAULO,30.36,,nanica
2026-04-08,destino,SÃO PAULO,37.3,,prata
2026-04-08,destino,TABOÃO DA SERRA,9.6,,prata
2026-04-08,destino,TRÊS RIOS,1.5,,nanica
2026-04-08,destino,TRÊS RIOS,0.03,,outras
2026-04-08,destino,TRÊS RIOS,1.74,,prata
2026-04-08,destino,UBERLÂNDIA,32.45,,nanica
2026-04-08,destino,UBERLÂNDIA,17.0,,outras
2026-04-08,destino,UBERLÂNDIA,40.846,,prata
2026-04-08,destino,URÂNIA,9.1,,nanica
2026-04-08,destino,VITÓRIA DA CONQUISTA,1.5,,nanica
2026-04-08,destino,VITÓRIA DA CONQUISTA,0.225,,outras
2026-04-08,destino,VITÓRIA DA CONQUISTA,0.6,,prata
2026-04-08,destino,VÁRZEA PAULISTA,12.0,,nanica
2026-04-08,origem,ANDRADAS,3.5,,nanica
2026-04-08,origem,ANDRADAS,4.5,,prata
2026-04-08,origem,ARAÇUAÍ,32.0,,prata
2026-04-08,origem,BARBACENA,6.0,,prata
2026-04-08,origem,BRAZÓPOLIS,11.1,,nanica
2026-04-08,origem,BRAZÓPOLIS,18.4,,prata
2026-04-08,origem,CAPITÃO ENÉAS,8.0,,nanica
2026-04-08,origem,CAPITÃO ENÉAS,25.0,,prata
2026-04-08,origem,CURVELO,15.0,,nanica
2026-04-08,origem,CURVELO,15.0,,prata
2026-04-08,origem,CÁSSIA,24.452,,prata
2026-04-08,origem,DELFINÓPOLIS,30.1,,nanica
2026-04-08,origem,DELFINÓPOLIS,129.369,,prata
2026-04-08,origem,ESPINOSA,34.0,,prata
2026-04-08,origem,FRANCISCO SÁ,15.0,,prata
2026-04-08,origem,IGARAPÉ,12.0,,nanica
2026-04-08,origem,IGARAPÉ,3.0,,outras
2026-04-08,origem,INDIANÓPOLIS,8.85,,nanica
2026-04-08,origem,INDIANÓPOLIS,14.95,,prata
2026-04-08,origem,INHAPIM,5.0,,nanica
2026-04-08,origem,INHAPIM,5.0,,outras
2026-04-08,origem,INHAPIM,4.0,,prata
2026-04-08,origem,IPATINGA,0.15,,prata
2026-04-08,origem,ITACARAMBI,4.36,,nanica
2026-04-08,origem,ITACARAMBI,4.07,,outras
2026-04-08,origem,ITACARAMBI,39.15,,prata
2026-04-08,origem,ITINGA,12.0,,prata
2026-04-08,origem,JANAÚBA,28.6,,nanica
2026-04-08,origem,JANAÚBA,67.87,,prata
2026-04-08,origem,JAÍBA,517.04,,nanica
2026-04-08,origem,JAÍBA,3.225,,outras
2026-04-08,origem,JAÍBA,160.14,,prata
2026-04-08,origem,JEQUITINHONHA,10.8,,prata
2026-04-08,origem,LAGOA FORMOSA,5.0,,nanica
2026-04-08,origem,LAGOA FORMOSA,5.0,,outras
2026-04-08,origem,LAGOA FORMOSA,5.0,,prata
2026-04-08,origem,LASSANCE,14.688,,nanica
2026-04-08,origem,LASSANCE,59.1,,prata
2026-04-08,origem,MANGA,12.0,,nanica
2026-04-08,origem,MARILAC,33.0,,prata
2026-04-08,origem,MATEUS LEME,6.0,,nanica
2026-04-08,origem,MATIAS CARDOSO,23.0,,nanica
2026-04-08,origem,MATIAS CARDOSO,29.4,,prata
2026-04-08,origem,MONTE ALEGRE DE MINAS,5.0,,outras
2026-04-08,origem,MONTES CLAROS,12.5,,nanica
2026-04-08,origem,MONTES CLAROS,46.64,,prata
2026-04-08,origem,NOVA PORTEIRINHA,22.6,,nanica
2026-04-08,origem,NOVA PORTEIRINHA,42.0,,prata
2026-04-08,origem,NOVA UNIÃO,67.02,,nanica
2026-04-08,origem,NOVA UNIÃO,18.0,,outras
2026-04-08,origem,NOVA UNIÃO,19.98,,prata
2026-04-08,origem,PARAOPEBA,1.5,,nanica
2026-04-08,origem,PAULISTAS,0.2,,nanica
2026-04-08,origem,PAULISTAS,10.9,,prata
2026-04-08,origem,PEDRALVA,27.7,,nanica
2026-04-08,origem,PEDRAS DE MARIA DA CRUZ,12.0,,prata
2026-04-08,origem,PIAU,47.0,,nanica
2026-04-08,origem,PIAU,2.5,,prata
2026-04-08,origem,PIRAPORA,8.0,,nanica
2026-04-08,origem,PIRAPORA,65.47,,prata
2026-04-08,origem,SABARÁ,8.0,,prata
2026-04-08,origem,SILVIANÓPOLIS,2.8,,prata
2026-04-08,origem,SÃO FRANCISCO,12.0,,prata
2026-04-08,origem,SÃO JOSÉ DA VARGINHA,15.0,,prata
2026-04-08,origem,UBAPORANGA,6.0,,nanica
2026-04-08,origem,UBAPORANGA,6.0,,outras
2026-04-08,origem,UBAPORANGA,10.0,,prata
2026-04-08,origem,UBERLÂNDIA,1.961,,nanica
2026-04-08,origem,UBERLÂNDIA,12.891,,outras
2026-04-08,origem,UBERLÂNDIA,2.842,,prata
2026-04-08,origem,VERDELÂNDIA,15.0,,nanica
2026-04-08,origem,VERDELÂNDIA,12.0,,prata
2026-04-08,origem,VÁRZEA DA PALMA,5.3,,prata
2026-04-22,destino,ALTEROSA,4.8,,prata
2026-04-22,destino,AMERICANA,22.5,,nanica
2026-04-22,destino,ANDRADAS,15.0,,prata
2026-04-22,destino,APARECIDA,2.0,,prata
2026-04-22,destino,ARAÇATUBA,24.192,,nanica
2026-04-22,destino,ARCOS,12.15,,prata
2026-04-22,destino,BRASÍLIA,37.165,,prata
2026-04-22,destino,CACHOEIRA PAULISTA,0.8,,nanica
2026-04-22,destino,CACHOEIRA PAULISTA,0.8,,prata
2026-04-22,destino,CAMPINAS,67.695,,nanica
2026-04-22,destino,CAMPINAS,2.88,,outras
2026-04-22,destino,CAMPINAS,23.52,,prata
2026-04-22,destino,CAMPO GRANDE,65.48,,nanica
2026-04-22,destino,CAPELINHA,7.6,,prata
2026-04-22,destino,CARATINGA,10.0,,nanica
2026-04-22,destino,CARATINGA,5.0,,prata
2026-04-22,destino,CASSILÂNDIA,0.036,,outras
2026-04-22,destino,CASSILÂNDIA,0.072,,prata
2026-04-22,destino,CATALÃO,0.112,,nanica
2026-04-22,destino,CATALÃO,0.292,,outras
2026-04-22,destino,CATALÃO,0.128,,prata
2026-04-22,destino,CHAPADÃO DO SUL,0.04,,nanica
2026-04-22,destino,CHAPADÃO DO SUL,0.092,,outras
2026-04-22,destino,CHAPADÃO DO SUL,0.262,,prata
2026-04-22,destino,CONTAGEM,161.295,,nanica
2026-04-22,destino,CONTAGEM,9.865,,outras
2026-04-22,destino,CONTAGEM,244.475,,prata
2026-04-22,destino,COSMÓPOLIS,3.2,,nanica
2026-04-22,destino,COSMÓPOLIS,4.95,,prata
2026-04-22,destino,DIADEMA,13.5,,prata
2026-04-22,destino,EMBU DAS ARTES,13.5,,prata
2026-04-22,destino,GOIÂNIA,4.0,,outras
2026-04-22,destino,GOIÂNIA,21.0,,prata
2026-04-22,destino,GUARANÉSIA,10.0,,prata
2026-04-22,destino,GUARULHOS,9.0,,nanica
2026-04-22,destino,GUARULHOS,4.5,,prata
2026-04-22,destino,INOCÊNCIA,0.652,,nanica
2026-04-22,destino,INOCÊNCIA,0.112,,outras
2026-04-22,destino,INOCÊNCIA,0.236,,prata
2026-04-22,destino,IPAMERI,0.064,,nanica
2026-04-22,destino,IPAMERI,0.216,,outras
2026-04-22,destino,IPAMERI,0.064,,prata
2026-04-22,destino,ITAJUBÁ,30.0,,nanica
2026-04-22,destino,ITAJUBÁ,0.2,,outras
2026-04-22,destino,ITUMBIARA,0.095,,nanica
2026-04-22,destino,ITUMBIARA,0.317,,outras
2026-04-22,destino,ITUMBIARA,0.315,,prata
2026-04-22,destino,JALES,13.5,,nanica
2026-04-22,destino,JANAÚBA,41.16,,nanica
2026-04-22,destino,JARDINÓPOLIS,18.48,,nanica
2026-04-22,destino,JAÚ,22.2,,nanica
2026-04-22,destino,JUNDIAÍ,29.4,,nanica
2026-04-22,destino,JUNDIAÍ,12.6,,prata
2026-04-22,destino,LORENA,0.8,,nanica
2026-04-22,destino,LORENA,0.8,,prata
2026-04-22,destino,LOUVEIRA,16.192,,nanica
2026-04-22,destino,MINEIROS DO TIETÊ,15.0,,nanica
2026-04-22,destino,MONTES CLAROS,3.0,,nanica
2026-04-22,destino,MONTES CLAROS,14.68,,outras
2026-04-22,destino,MONTES CLAROS,8.6,,prata
2026-04-22,destino,NITERÓI,22.0,,prata
2026-04-22,destino,NOVA PORTEIRINHA,9.0,,prata
2026-04-22,destino,NOVA UNIÃO,11.5,,prata
2026-04-22,destino,OSASCO,13.05,,prata
2026-04-22,destino,PARAIBUNA,22.4,,nanica
2026-04-22,destino,PARANAÍBA,0.08,,outras
2026-04-22,destino,PARANAÍBA,0.054,,prata
2026-04-22,destino,PARAOPEBA,12.0,,nanica
2026-04-22,destino,PARAÍSO DAS ÁGUAS,0.155,,nanica
2026-04-22,destino,PARAÍSO DAS ÁGUAS,0.076,,outras
2026-04-22,destino,PARAÍSO DAS ÁGUAS,0.018,,prata
2026-04-22,destino,PIAU,10.0,,nanica
2026-04-22,destino,PIAU,22.6,,prata
2026-04-22,destino,PIRACICABA,15.8,,prata
2026-04-22,destino,POTIRENDABA,11.7,,nanica
2026-04-22,destino,POUSO ALEGRE,3.3,,nanica
2026-04-22,destino,POUSO ALEGRE,30.85,,prata
2026-04-22,destino,QUIRINÓPOLIS,0.261,,nanica
2026-04-22,destino,QUIRINÓPOLIS,0.303,,outras
2026-04-22,destino,QUIRINÓPOLIS,0.294,,prata
2026-04-22,destino,RIBEIRÃO DAS NEVES,12.015,,prata
2026-04-22,destino,RIBEIRÃO PRETO,86.7,,nanica
2026-04-22,destino,RIBEIRÃO PRETO,13.365,,prata
2026-04-22,destino,RIO DE JANEIRO,32.6,,nanica
2026-04-22,destino,RIO DE JANEIRO,209.568,,prata
2026-04-22,destino,RIO VERDE,0.076,,nanica
2026-04-22,destino,RIO VERDE,0.045,,outras
2026-04-22,destino,RIO VERDE,0.108,,prata
2026-04-22,destino,SANTO ANTÔNIO DO JARDIM,10.8,,nanica
2026-04-22,destino,SANTO ANTÔNIO DO JARDIM,10.0,,prata
2026-04-22,destino,SUZANO,11.456,,prata
2026-04-22,destino,SÃO BERNARDO DO CAMPO,21.0,,nanica
2026-04-22,destino,SÃO BERNARDO DO CAMPO,26.885,,prata
2026-04-22,destino,SÃO CAETANO DO SUL,7.35,,nanica
2026-04-22,destino,SÃO CAETANO DO SUL,4.8,,prata
2026-04-22,destino,SÃO FRANCISCO,1.5,,prata
2026-04-22,destino,SÃO PAULO,24.5,,nanica
2026-04-22,destino,SÃO PAULO,91.903,,prata
2026-04-22,destino,TABOÃO DA SERRA,11.2,,prata
2026-04-22,destino,TRÊS CORAÇÕES,72.52,,nanica
2026-04-22,destino,TRÊS RIOS,1.5,,nanica
2026-04-22,destino,TRÊS RIOS,1.995,,prata
2026-04-22,destino,UBERLÂNDIA,12.0,,nanica
2026-04-22,destino,UBERLÂNDIA,11.36,,prata
2026-04-22,destino,UBÁ,15.0,,prata
2026-04-22,destino,UNAÍ,0.9,,nanica
2026-04-22,destino,UNAÍ,1.2,,prata
2026-04-22,destino,VITÓRIA DA CONQUISTA,0.255,,outras
2026-04-22,destino,VOLTA REDONDA,10.8,,prata
2026-04-22,destino,VÁRZEA PAULISTA,25.64,,nanica
2026-04-22,origem,ALFENAS,15.0,,prata
2026-04-22,origem,ANDRADAS,20.0,,prata
2026-04-22,origem,ARAÇUAÍ,3.0,,nanica
2026-04-22,origem,ARAÇUAÍ,46.65,,prata
2026-04-22,origem,BELO HORIZONTE,20.18,,nanica
2026-04-22,origem,BELO HORIZONTE,3.1,,outras
2026-04-22,origem,BELO HORIZONTE,30.6,,prata
2026-04-22,origem,BRAZÓPOLIS,15.7,,nanica
2026-04-22,origem,BRAZÓPOLIS,32.45,,prata
2026-04-22,origem,CANÁPOLIS,4.0,,outras
2026-04-22,origem,CAPITÃO ENÉAS,8.0,,prata
2026-04-22,origem,CLARO DOS POÇÕES,4.0,,outras
2026-04-22,origem,CONGONHAL,11.6,,nanica
2026-04-22,origem,CONTAGEM,114.085,,nanica
2026-04-22,origem,CONTAGEM,3.015,,outras
2026-04-22,origem,CONTAGEM,35.475,,prata
2026-04-22,origem,CORINTO,16.8,,nanica
2026-04-22,origem,CURVELO,15.0,,nanica
2026-04-22,origem,CÁSSIA,12.15,,prata
2026-04-22,origem,DELFINÓPOLIS,3.2,,nanica
2026-04-22,origem,DELFINÓPOLIS,187.186,,prata
2026-04-22,origem,ESPINOSA,20.0,,prata
2026-04-22,origem,GONÇALVES,7.0,,prata
2026-04-22,origem,IAPU,15.0,,nanica
2026-04-22,origem,ITACARAMBI,18.0,,nanica
2026-04-22,origem,ITINGA,12.0,,prata
2026-04-22,origem,JANAÚBA,23.0,,nanica
2026-04-22,origem,JANAÚBA,61.108,,prata
2026-04-22,origem,JAÍBA,466.309,,nanica
2026-04-22,origem,JAÍBA,6.885,,outras
2026-04-22,origem,JAÍBA,103.235,,prata
2026-04-22,origem,JEQUITINHONHA,10.8,,prata
2026-04-22,origem,LASSANCE,42.65,,nanica
2026-04-22,origem,LASSANCE,58.565,,prata
2026-04-22,origem,MANGA,22.0,,nanica
2026-04-22,origem,MARILAC,15.0,,prata
2026-04-22,origem,MATIAS CARDOSO,3.0,,nanica
2026-04-22,origem,MATIAS CARDOSO,18.16,,prata
2026-04-22,origem,MONTES CLAROS,12.14,,nanica
2026-04-22,origem,MONTES CLAROS,34.36,,prata
2026-04-22,origem,NOVA PORTEIRINHA,58.0,,prata
2026-04-22,origem,PARAOPEBA,27.0,,nanica
2026-04-22,origem,PEDRALVA,15.0,,nanica
2026-04-22,origem,PEDRALVA,0.2,,outras
2026-04-22,origem,PIAU,10.0,,nanica
2026-04-22,origem,PIAU,22.6,,prata
2026-04-22,origem,PIRANGUÇU,2.0,,prata
2026-04-22,origem,PIRAPORA,9.0,,nanica
2026-04-22,origem,PIRAPORA,50.595,,prata
2026-04-22,origem,PONTO DOS VOLANTES,15.6,,prata
2026-04-22,origem,SÃO FRANCISCO,0.9,,nanica
2026-04-22,origem,SÃO FRANCISCO,26.25,,prata
2026-04-22,origem,TAQUARAÇU DE MINAS,2.5,,nanica
2026-04-22,origem,TAQUARAÇU DE MINAS,2.5,,prata
2026-04-22,origem,TOCANTINS,15.0,,prata
2026-04-22,origem,UBAPORANGA,10.0,,nanica
2026-04-22,origem,UBAPORANGA,5.0,,prata
2026-04-22,origem,UBERLÂNDIA,1.455,,nanica
2026-04-22,origem,UBERLÂNDIA,1.569,,outras
2026-04-22,origem,UBERLÂNDIA,1.551,,prata
2026-04-22,origem,VERDELÂNDIA,32.74,,nanica
2026-04-22,origem,VERDELÂNDIA,10.68,,outras
2026-04-22,origem,VERDELÂNDIA,56.523,,prata
2026-04-22,origem,VÁRZEA DA PALMA,18.0,,prata
2026-04-23,destino,AMERICANA,23.1,,nanica
2026-04-23,destino,BARBACENA,10.5,,nanica
2026-04-23,destino,BARBACENA,1.05,,outras
2026-04-23,destino,BARBACENA,35.275,,prata
2026-04-23,destino,BELO HORIZONTE,6.0,,nanica
2026-04-23,destino,BOTELHOS,1.0,,nanica
2026-04-23,destino,BOTELHOS,3.0,,prata
2026-04-23,destino,BRASÍLIA,16.5,,nanica
2026-04-23,destino,BRASÍLIA,1.5,,outras
2026-04-23,destino,BRASÍLIA,12.0,,prata
2026-04-23,destino,BRAZÓPOLIS,30.0,,prata
2026-04-23,destino,CAMPINAS,75.735,,nanica
2026-04-23,destino,CAMPINAS,63.68,,prata
2026-04-23,destino,CAMPO GRANDE,23.4,,nanica
2026-04-23,destino,CARATINGA,4.0,,nanica
2026-04-23,destino,CARATINGA,5.0,,outras
2026-04-23,destino,CARIACICA,12.0,,prata
2026-04-23,destino,CATALÃO,0.178,,nanica
2026-04-23,destino,CATALÃO,0.368,,outras
2026-04-23,destino,CATALÃO,0.33,,prata
2026-04-23,destino,CHIADOR,0.1,,prata
2026-04-23,destino,CONCEIÇÃO DAS PEDRAS,6.5,,prata
2026-04-23,destino,CONGONHAL,30.0,,nanica
2026-04-23,destino,CONTAGEM,375.476,,nanica
2026-04-23,destino,CONTAGEM,13.195,,outras
2026-04-23,destino,CONTAGEM,209.8,,prata
2026-04-23,destino,CUMARI,0.072,,outras
2026-04-23,destino,CURVELO,15.0,,prata
2026-04-23,destino,DIVINÓPOLIS,19.5,,prata
2026-04-23,destino,DOURADOS,24.0,,nanica
2026-04-23,destino,DUQUE DE CAXIAS,12.0,,prata
2026-04-23,destino,EXTREMA,2.0,,nanica
2026-04-23,destino,EXTREMA,4.0,,prata
2026-04-23,destino,FOZ DO IGUAÇU,9.576,,prata
2026-04-23,destino,FRANCA,22.0,,nanica
2026-04-23,destino,FRANCA,22.32,,prata
2026-04-23,destino,GOIÂNIA,3.2,,outras
2026-04-23,destino,GOVERNADOR VALADARES,6.0,,nanica
2026-04-23,destino,GOVERNADOR VALADARES,3.0,,outras
2026-04-23,destino,GOVERNADOR VALADARES,6.0,,prata
2026-04-23,destino,GUARULHOS,13.5,,nanica
2026-04-23,destino,ITARIRI,16.0,,prata
2026-04-23,destino,JACAREÍ,13.86,,nanica
2026-04-23,destino,JACAREÍ,5.6,,prata
2026-04-23,destino,JALES,14.72,,nanica
2026-04-23,destino,JANAÚBA,44.16,,nanica
2026-04-23,destino,JANAÚBA,10.0,,prata
2026-04-23,destino,JUIZ DE FORA,15.0,,prata
2026-04-23,destino,JUNDIAÍ,12.0,,nanica
2026-04-23,destino,JUNDIAÍ,13.0,,prata
2026-04-23,destino,LONDRINA,7.56,,prata
2026-04-23,destino,LORENA,9.84,,prata
2026-04-23,destino,MIRACATU,14.0,,nanica
2026-04-23,destino,MONTES CLAROS,6.0,,prata
2026-04-23,destino,NITERÓI,34.0,,prata
2026-04-23,destino,NOVA PORTEIRINHA,10.0,,prata
2026-04-23,destino,OSASCO,32.935,,nanica
2026-04-23,destino,OSASCO,1.04,,outras
2026-04-23,destino,OSASCO,22.21,,prata
2026-04-23,destino,PARAOPEBA,30.0,,nanica
2026-04-23,destino,PARAOPEBA,30.0,,prata
2026-04-23,destino,PARAÍBA DO SUL,0.36,,outras
2026-04-23,destino,PATOS DE MINAS,5.0,,nanica
2026-04-23,destino,PEDRALVA,32.0,,nanica
2026-04-23,destino,PEDRALVA,2.0,,outras
2026-04-23,destino,PEDRALVA,15.82,,prata
2026-04-23,destino,PINDAMONHANGABA,1.0,,nanica
2026-04-23,destino,PINDAMONHANGABA,1.0,,prata
2026-04-23,destino,POTIM,1.5,,nanica
2026-04-23,destino,POUSO ALEGRE,3.7,,prata
2026-04-23,destino,QUIRINÓPOLIS,0.48,,nanica
2026-04-23,destino,QUIRINÓPOLIS,1.04,,prata
2026-04-23,destino,RIBEIRÃO PRETO,79.77,,nanica
2026-04-23,destino,RIBEIRÃO PRETO,35.343,,prata
2026-04-23,destino,RIO DE JANEIRO,42.7,,nanica
2026-04-23,destino,RIO DE JANEIRO,237.9,,prata
2026-04-23,destino,SANTA BÁRBARA DO TUGÚRIO,7.0,,prata
2026-04-23,destino,SANTA RITA DO PASSA QUATRO,2.925,,prata
2026-04-23,destino,SEROPÉDICA,24.0,,prata
2026-04-23,destino,SUMARÉ,16.5,,nanica
2026-04-23,destino,SUZANO,11.456,,prata
2026-04-23,destino,SÃO BENTO DO SAPUCAÍ,0.8,,nanica
2026-04-23,destino,SÃO BERNARDO DO CAMPO,22.89,,nanica
2026-04-23,destino,SÃO BERNARDO DO CAMPO,27.375,,prata
2026-04-23,destino,SÃO FRANCISCO,3.0,,prata
2026-04-23,destino,SÃO JOSÉ DO RIO PRETO,12.0,,prata
2026-04-23,destino,SÃO PAULO,50.516,,nanica
2026-04-23,destino,SÃO PAULO,103.49,,prata
2026-04-23,destino,TABOÃO DA SERRA,15.0,,nanica
2026-04-23,destino,TABOÃO DA SERRA,13.8,,prata
2026-04-23,destino,TAUBATÉ,3.75,,nanica
2026-04-23,destino,TAUBATÉ,6.25,,prata
2026-04-23,destino,TRÊS RIOS,1.65,,nanica
2026-04-23,destino,TRÊS RIOS,0.08,,outras
2026-04-23,destino,TRÊS RIOS,1.845,,prata
2026-04-23,destino,UBERLÂNDIA,1.0,,nanica
2026-04-23,destino,UBERLÂNDIA,22.8,,prata
2026-04-23,destino,VITÓRIA DA CONQUISTA,0.255,,outras
2026-04-23,destino,VOLTA REDONDA,3.28,,nanica
2026-04-23,destino,VOLTA REDONDA,3.2,,prata
2026-04-23,destino,VOTORANTIM,25.6,,prata
2026-04-23,destino,VÁRZEA PAULISTA,40.5,,nanica
2026-04-23,destino,VÁRZEA PAULISTA,15.0,,prata
2026-04-23,origem,ANDRADAS,3.4,,prata
2026-04-23,origem,ARAÇUAÍ,47.5,,prata
2026-04-23,origem,BARBACENA,10.5,,nanica
2026-04-23,origem,BARBACENA,1.05,,outras
2026-04-23,origem,BARBACENA,35.275,,prata
2026-04-23,origem,BOTELHOS,1.0,,nanica
2026-04-23,origem,BOTELHOS,3.0,,prata
2026-04-23,origem,BRAZÓPOLIS,6.25,,nanica
2026-04-23,origem,BRAZÓPOLIS,40.95,,prata
2026-04-23,origem,CANÁPOLIS,3.2,,outras
2026-04-23,origem,CAPITÃO ENÉAS,13.86,,nanica
2026-04-23,origem,CAPITÃO ENÉAS,32.0,,prata
2026-04-23,origem,CONCEIÇÃO DAS PEDRAS,13.5,,prata
2026-04-23,origem,CONTAGEM,222.826,,nanica
2026-04-23,origem,CONTAGEM,10.195,,outras
2026-04-23,origem,CONTAGEM,106.49,,prata
2026-04-23,origem,CRISTINA,6.0,,nanica
2026-04-23,origem,CRISTINA,2.0,,outras
2026-04-23,origem,CURVELO,30.0,,nanica
2026-04-23,origem,CURVELO,30.0,,prata
2026-04-23,origem,CÁSSIA,40.635,,prata
2026-04-23,origem,DELFINÓPOLIS,180.62,,prata
2026-04-23,origem,FRANCISCO SÁ,10.0,,prata
2026-04-23,origem,GONÇALVES,0.8,,nanica
2026-04-23,origem,GONÇALVES,4.0,,prata
2026-04-23,origem,INHAPIM,6.0,,nanica
2026-04-23,origem,INHAPIM,3.0,,outras
2026-04-23,origem,INHAPIM,6.0,,prata
2026-04-23,origem,ITACARAMBI,87.185,,nanica
2026-04-23,origem,ITACARAMBI,2.795,,outras
2026-04-23,origem,ITACARAMBI,7.565,,prata
2026-04-23,origem,JACINTO,12.0,,prata
2026-04-23,origem,JANAÚBA,65.6,,prata
2026-04-23,origem,JAÍBA,463.275,,nanica
2026-04-23,origem,JAÍBA,3.0,,outras
2026-04-23,origem,JAÍBA,71.06,,prata
2026-04-23,origem,JEQUITINHONHA,31.8,,prata
2026-04-23,origem,JUIZ DE FORA,0.44,,outras
2026-04-23,origem,JUIZ DE FORA,0.25,,prata
2026-04-23,origem,LASSANCE,10.5,,nanica
2026-04-23,origem,LASSANCE,45.1,,prata
2026-04-23,origem,MANGA,20.16,,nanica
2026-04-23,origem,MARILAC,27.0,,prata
2026-04-23,origem,MATIAS CARDOSO,33.2,,nanica
2026-04-23,origem,MATOZINHOS,6.0,,nanica
2026-04-23,origem,MONTES CLAROS,39.0,,prata
2026-04-23,origem,NOVA PORTEIRINHA,111.63,,prata
2026-04-23,origem,NOVA UNIÃO,61.85,,nanica
2026-04-23,origem,NOVA UNIÃO,8.15,,prata
2026-04-23,origem,PARAOPEBA,30.0,,nanica
2026-04-23,origem,PARAOPEBA,30.0,,prata
2026-04-23,origem,PEDRALVA,61.28,,nanica
2026-04-23,origem,PEDRALVA,23.2,,prata
2026-04-23,origem,PEDRAS DE MARIA DA CRUZ,23.0,,prata
2026-04-23,origem,PIRAPORA,71.96,,prata
2026-04-23,origem,PONTO DOS VOLANTES,18.1,,prata
2026-04-23,origem,SÃO DOMINGOS DAS DORES,4.0,,nanica
2026-04-23,origem,SÃO DOMINGOS DAS DORES,5.0,,outras
2026-04-23,origem,SÃO FRANCISCO,12.0,,prata
2026-04-23,origem,SÃO JOÃO DA PONTE,10.0,,prata
2026-04-23,origem,UBERLÂNDIA,1.658,,nanica
2026-04-23,origem,UBERLÂNDIA,0.44,,outras
2026-04-23,origem,UBERLÂNDIA,2.37,,prata
2026-04-23,origem,VERDELÂNDIA,37.056,,nanica
2026-04-23,origem,VERDELÂNDIA,36.68,,prata
2026-04-23,origem,VÁRZEA DA PALMA,15.0,,prata
2026-04-24,destino,ARAÇATUBA,19.392,,nanica
2026-04-24,destino,ARAÇATUBA,4.8,,prata
2026-04-24,destino,BAURU,12.15,,prata
2026-04-24,destino,BERTÓPOLIS,8.0,,prata
2026-04-24,destino,BOTELHOS,9.0,,prata
2026-04-24,destino,BRASÍLIA,1.5,,nanica
2026-04-24,destino,BRASÍLIA,2.5,,outras
2026-04-24,destino,BRASÍLIA,40.27,,prata
2026-04-24,destino,CAMPINAS,67.627,,nanica
2026-04-24,destino,CAMPINAS,2.025,,outras
2026-04-24,destino,CAMPINAS,69.05,,prata
2026-04-24,destino,CAMPO GRANDE,36.64,,nanica
2026-04-24,destino,CAMPO GRANDE,8.04,,prata
2026-04-24,destino,CAMPOS DO JORDÃO,0.5,,nanica
2026-04-24,destino,CAMPOS DO JORDÃO,0.5,,prata
2026-04-24,destino,CARATINGA,2.0,,nanica
2026-04-24,destino,CARATINGA,8.0,,outras
2026-04-24,destino,CARATINGA,5.0,,prata
2026-04-24,destino,CARIACICA,12.0,,prata
2026-04-24,destino,CATALÃO,0.112,,nanica
2026-04-24,destino,CATALÃO,0.292,,outras
2026-04-24,destino,CATALÃO,0.128,,prata
2026-04-24,destino,CHAPADÃO DO SUL,0.09,,outras
2026-04-24,destino,CHAPADÃO DO SUL,0.19,,prata
2026-04-24,destino,CONTAGEM,261.225,,nanica
2026-04-24,destino,CONTAGEM,4.44,,outras
2026-04-24,destino,CONTAGEM,278.733,,prata
2026-04-24,destino,COSTA RICA,0.019,,nanica
2026-04-24,destino,COSTA RICA,0.019,,outras
2026-04-24,destino,CRISTINA,6.0,,prata
2026-04-24,destino,DIVINÓPOLIS,4.95,,prata
2026-04-24,destino,FRANCA,28.0,,nanica
2026-04-24,destino,GUANHÃES,4.0,,nanica
2026-04-24,destino,GUANHÃES,11.0,,prata
2026-04-24,destino,GUARULHOS,13.5,,prata
2026-04-24,destino,INOCÊNCIA,0.095,,nanica
2026-04-24,destino,INOCÊNCIA,0.018,,outras
2026-04-24,destino,INOCÊNCIA,0.038,,prata
2026-04-24,destino,IPAMERI,0.064,,nanica
2026-04-24,destino,IPAMERI,0.216,,outras
2026-04-24,destino,IPAMERI,0.064,,prata
2026-04-24,destino,ITAJUBÁ,10.0,,prata
2026-04-24,destino,ITAPERUNA,0.5,,nanica
2026-04-24,destino,ITAPERUNA,0.5,,prata
2026-04-24,destino,ITARIRI,29.95,,nanica
2026-04-24,destino,ITARIRI,21.006,,prata
2026-04-24,destino,ITUMBIARA,0.191,,nanica
2026-04-24,destino,ITUMBIARA,0.466,,outras
2026-04-24,destino,ITUMBIARA,0.701,,prata
2026-04-24,destino,JANAÚBA,24.0,,nanica
2026-04-24,destino,JANAÚBA,46.8,,prata
2026-04-24,destino,JARDINÓPOLIS,15.12,,nanica
2026-04-24,destino,JUNDIAÍ,11.2,,nanica
2026-04-24,destino,JUNDIAÍ,23.4,,prata
2026-04-24,destino,MARINGÁ,23.0,,nanica
2026-04-24,destino,MIRADOURO,0.6,,nanica
2026-04-24,destino,MIRADOURO,9.0,,prata
2026-04-24,destino,MONTES CLAROS,23.28,,nanica
2026-04-24,destino,MONTES CLAROS,7.0,,outras
2026-04-24,destino,MONTES CLAROS,26.18,,prata
2026-04-24,destino,NITERÓI,31.3,,prata
2026-04-24,destino,OSASCO,20.3,,nanica
2026-04-24,destino,PARAIBUNA,12.012,,nanica
2026-04-24,destino,PARANAÍBA,0.038,,nanica
2026-04-24,destino,PARAÍSO DAS ÁGUAS,0.095,,nanica
2026-04-24,destino,PARAÍSO DAS ÁGUAS,0.019,,outras
2026-04-24,destino,PARÁ DE MINAS,15.0,,prata
2026-04-24,destino,PATOS DE MINAS,0.95,,nanica
2026-04-24,destino,PATOS DE MINAS,17.03,,prata
2026-04-24,destino,PEDRALVA,13.2,,nanica
2026-04-24,destino,PEDRALVA,6.6,,prata
2026-04-24,destino,PIAU,15.0,,nanica
2026-04-24,destino,PIAU,10.0,,prata
2026-04-24,destino,PIEDADE DE CARATINGA,10.0,,prata
2026-04-24,destino,PINDAMONHANGABA,3.0,,prata
2026-04-24,destino,PIRAPORA,15.0,,prata
2026-04-24,destino,PONTA PORÃ,20.0,,nanica
2026-04-24,destino,POUSO ALEGRE,3.0,,nanica
2026-04-24,destino,POUSO ALEGRE,0.48,,outras
2026-04-24,destino,POUSO ALEGRE,39.8,,prata
2026-04-24,destino,POÇOS DE CALDAS,6.3,,prata
2026-04-24,destino,QUIRINÓPOLIS,0.114,,nanica
2026-04-24,destino,QUIRINÓPOLIS,0.289,,outras
2026-04-24,destino,QUIRINÓPOLIS,0.302,,prata
2026-04-24,destino,REGISTRO,15.0,,nanica
2026-04-24,destino,RIBEIRÃO PRETO,156.236,,nanica
2026-04-24,destino,RIBEIRÃO PRETO,8.28,,outras
2026-04-24,destino,RIBEIRÃO PRETO,24.165,,prata
2026-04-24,destino,RIO DE JANEIRO,59.665,,nanica
2026-04-24,destino,RIO DE JANEIRO,5.155,,outras
2026-04-24,destino,RIO DE JANEIRO,385.701,,prata
2026-04-24,destino,RIO VERDE,0.105,,nanica
2026-04-24,destino,RIO VERDE,0.106,,outras
2026-04-24,destino,RIO VERDE,0.151,,prata
2026-04-24,destino,SANTO ANTÔNIO DO JARDIM,8.995,,prata
2026-04-24,destino,SEROPÉDICA,20.0,,prata
2026-04-24,destino,SOROCABA,14.08,,nanica
2026-04-24,destino,SOROCABA,9.0,,prata
2026-04-24,destino,SUZANO,11.488,,prata
2026-04-24,destino,SÃO BERNARDO DO CAMPO,28.01,,prata
2026-04-24,destino,SÃO GONÇALO,14.0,,prata
2026-04-24,destino,SÃO JOSÉ DO RIO PRETO,35.952,,nanica
2026-04-24,destino,SÃO JOSÉ DOS CAMPOS,4.4,,prata
2026-04-24,destino,SÃO PAULO,129.632,,nanica
2026-04-24,destino,SÃO PAULO,107.396,,prata
2026-04-24,destino,TAUBATÉ,15.78,,prata
2026-04-24,destino,TRÊS CORAÇÕES,15.0,,prata
2026-04-24,destino,TRÊS RIOS,1.23,,nanica
2026-04-24,destino,TRÊS RIOS,1.35,,prata
2026-04-24,destino,UBERLÂNDIA,14.5,,nanica
2026-04-24,destino,UBERLÂNDIA,3.0,,outras
2026-04-24,destino,UBERLÂNDIA,71.436,,prata
2026-04-24,destino,VITÓRIA DA CONQUISTA,2.01,,nanica
2026-04-24,destino,VITÓRIA DA CONQUISTA,0.3,,prata
2026-04-24,destino,VIÇOSA,14.0,,prata
2026-04-24,destino,VÁRZEA PAULISTA,43.7,,nanica
2026-04-24,destino,VÁRZEA PAULISTA,13.5,,prata
2026-04-24,origem,ANDRADAS,6.3,,prata
2026-04-24,origem,ARAÇUAÍ,5.0,,nanica
2026-04-24,origem,ARAÇUAÍ,37.381,,prata
2026-04-24,origem,BRAZÓPOLIS,1.1,,nanica
2026-04-24,origem,BRAZÓPOLIS,34.34,,prata
2026-04-24,origem,CAMPINA VERDE,4.425,,outras
2026-04-24,origem,CANTAGALO,4.0,,nanica
2026-04-24,origem,CANTAGALO,11.0,,prata
2026-04-24,origem,CANÁPOLIS,10.78,,outras
2026-04-24,origem,CAPITÃO ENÉAS,28.78,,nanica
2026-04-24,origem,CAPITÃO ENÉAS,25.18,,prata
2026-04-24,origem,CARANGOLA,0.5,,nanica
2026-04-24,origem,CARANGOLA,0.5,,prata
2026-04-24,origem,CENTRALINA,3.0,,outras
2026-04-24,origem,CONCEIÇÃO DAS PEDRAS,6.6,,nanica
2026-04-24,origem,CONCEIÇÃO DAS PEDRAS,6.6,,prata
2026-04-24,origem,CONTAGEM,12.325,,nanica
2026-04-24,origem,CONTAGEM,0.015,,outras
2026-04-24,origem,CONTAGEM,5.108,,prata
2026-04-24,origem,CRISTINA,15.0,,prata
2026-04-24,origem,CURVELO,15.0,,nanica
2026-04-24,origem,CÁSSIA,41.54,,prata
2026-04-24,origem,DELFINÓPOLIS,5.032,,nanica
2026-04-24,origem,DELFINÓPOLIS,239.566,,prata
2026-04-24,origem,ESPINOSA,20.0,,prata
2026-04-24,origem,ESPÍRITO SANTO DO DOURADO,0.15,,prata
2026-04-24,origem,FRANCISCO SÁ,10.0,,prata
2026-04-24,origem,GONÇALVES,4.4,,prata
2026-04-24,origem,GOVERNADOR VALADARES,0.6,,nanica
2026-04-24,origem,GOVERNADOR VALADARES,9.0,,prata
2026-04-24,origem,INHAPIM,2.0,,nanica
2026-04-24,origem,INHAPIM,8.0,,outras
2026-04-24,origem,INHAPIM,5.0,,prata
2026-04-24,origem,ITACARAMBI,98.815,,nanica
2026-04-24,origem,ITACARAMBI,4.755,,outras
2026-04-24,origem,ITACARAMBI,14.28,,prata
2026-04-24,origem,ITINGA,26.0,,prata
2026-04-24,origem,JANAÚBA,36.465,,nanica
2026-04-24,origem,JANAÚBA,183.22,,prata
2026-04-24,origem,JAÍBA,645.952,,nanica
2026-04-24,origem,JAÍBA,2.025,,outras
2026-04-24,origem,JAÍBA,117.685,,prata
2026-04-24,origem,JEQUITINHONHA,8.0,,prata
2026-04-24,origem,LASSANCE,17.95,,nanica
2026-04-24,origem,LASSANCE,95.9,,prata
2026-04-24,origem,MARILAC,42.0,,prata
2026-04-24,origem,MATIAS CARDOSO,32.62,,nanica
2026-04-24,origem,MATIAS CARDOSO,33.54,,prata
2026-04-24,origem,MATOZINHOS,5.0,,prata
2026-04-24,origem,MONTES CLAROS,11.1,,nanica
2026-04-24,origem,MONTES CLAROS,4.0,,outras
2026-04-24,origem,MONTES CLAROS,88.98,,prata
2026-04-24,origem,NOVA PORTEIRINHA,33.8,,nanica
2026-04-24,origem,NOVA PORTEIRINHA,128.5,,prata
2026-04-24,origem,NOVA UNIÃO,90.0,,nanica
2026-04-24,origem,PAULISTAS,15.6,,prata
2026-04-24,origem,PEDRALVA,18.612,,nanica
2026-04-24,origem,PEDRAS DE MARIA DA CRUZ,18.75,,prata
2026-04-24,origem,PEQUI,5.0,,nanica
2026-04-24,origem,PEQUI,10.0,,prata
2026-04-24,origem,PIAU,17.5,,nanica
2026-04-24,origem,PIAU,3.4,,outras
2026-04-24,origem,PIAU,5.1,,prata
2026-04-24,origem,PIRAPORA,0.95,,nanica
2026-04-24,origem,PIRAPORA,104.61,,prata
2026-04-24,origem,POUSO ALEGRE,3.0,,nanica
2026-04-24,origem,POUSO ALEGRE,0.48,,outras
2026-04-24,origem,POUSO ALEGRE,6.85,,prata
2026-04-24,origem,SANTO HIPÓLITO,21.0,,prata
2026-04-24,origem,SILVIANÓPOLIS,2.8,,prata
2026-04-24,origem,SÃO FRANCISCO,21.0,,prata
2026-04-24,origem,SÃO JOSÉ DA VARGINHA,15.0,,prata
2026-04-24,origem,TEIXEIRAS,14.0,,prata
2026-04-24,origem,UBERLÂNDIA,0.833,,nanica
2026-04-24,origem,UBERLÂNDIA,1.515,,outras
2026-04-24,origem,UBERLÂNDIA,1.574,,prata
2026-04-24,origem,VERDELÂNDIA,10.8,,nanica
2026-04-24,origem,VERDELÂNDIA,59.35,,prata
2026-04-24,origem,VÁRZEA DA PALMA,1.5,,nanica
2026-04-24,origem,VÁRZEA DA PALMA,10.2,,prata
2026-04-25,destino,BRASÍLIA,11.55,,prata
2026-04-25,destino,CAMPO GRANDE,16.8,,nanica
2026-04-25,destino,CASSILÂNDIA,0.072,,prata
2026-04-25,destino,CHAPADÃO DO CÉU,0.04,,nanica
2026-04-25,destino,CHAPADÃO DO CÉU,0.036,,prata
2026-04-25,destino,CHAPADÃO DO SUL,0.04,,nanica
2026-04-25,destino,CHAPADÃO DO SUL,0.02,,outras
2026-04-25,destino,CHAPADÃO DO SUL,0.126,,prata
2026-04-25,destino,CONTAGEM,15.0,,nanica
2026-04-25,destino,CONTAGEM,41.12,,prata
2026-04-25,destino,INOCÊNCIA,0.86,,nanica
2026-04-25,destino,INOCÊNCIA,0.132,,outras
2026-04-25,destino,INOCÊNCIA,0.162,,prata
2026-04-25,destino,JORDÂNIA,0.6,,prata
2026-04-25,destino,MATEUS LEME,4.8,,prata
2026-04-25,destino,MONTES CLAROS,12.18,,nanica
2026-04-25,destino,PARANAÍBA,0.1,,outras
2026-04-25,destino,PARANAÍBA,0.054,,prata
2026-04-25,destino,PARAÍSO DAS ÁGUAS,0.08,,nanica
2026-04-25,destino,PARAÍSO DAS ÁGUAS,0.018,,outras
2026-04-25,destino,PARAÍSO DAS ÁGUAS,0.018,,prata
2026-04-25,destino,PEDRA AZUL,2.4,,prata
2026-04-25,destino,RIBEIRÃO DAS NEVES,12.0,,prata
2026-04-25,destino,RIO DE JANEIRO,66.0,,prata
2026-04-25,destino,SÃO CAETANO DO SUL,9.75,,nanica
2026-04-25,destino,SÃO CAETANO DO SUL,3.75,,prata
2026-04-25,destino,SÃO JOSÉ DOS CAMPOS,12.0,,nanica
2026-04-25,destino,SÃO JOSÉ DOS CAMPOS,3.015,,prata
2026-04-25,destino,SÃO PAULO,16.5,,nanica
2026-04-25,destino,SÃO PAULO,21.025,,prata
2026-04-25,destino,TRÊS RIOS,6.24,,nanica
2026-04-25,destino,TRÊS RIOS,0.015,,outras
2026-04-25,destino,TRÊS RIOS,1.515,,prata
2026-04-25,destino,VITÓRIA DA CONQUISTA,0.6,,nanica
2026-04-25,destino,VITÓRIA DA CONQUISTA,0.24,,outras
2026-04-25,origem,JANAÚBA,15.0,,prata
2026-04-25,origem,JAÍBA,32.4,,nanica
2026-04-25,origem,JAÍBA,0.24,,outras
2026-04-25,origem,JAÍBA,12.0,,prata
2026-04-25,origem,JEQUITINHONHA,16.5,,prata
2026-04-25,origem,LASSANCE,38.25,,nanica
2026-04-25,origem,LASSANCE,27.765,,prata
2026-04-25,origem,MONTES CLAROS,20.0,,prata
2026-04-25,origem,NOVA PORTEIRINHA,31.025,,prata
2026-04-25,origem,PIRAPORA,32.42,,prata
2026-04-25,origem,UBERLÂNDIA,1.02,,nanica
2026-04-25,origem,UBERLÂNDIA,0.27,,outras
2026-04-25,origem,UBERLÂNDIA,0.468,,prata
2026-04-25,origem,VERDELÂNDIA,18.42,,nanica
2026-04-25,origem,VERDELÂNDIA,0.015,,outras
2026-04-25,origem,VERDELÂNDIA,13.065,,prata
2026-04-27,destino,ABRE CAMPO,0.3,,nanica
2026-04-27,destino,ABRE CAMPO,1.3,,outras
2026-04-27,destino,ABRE CAMPO,2.0,,prata
2026-04-27,destino,ANDRADAS,15.0,,prata
2026-04-27,destino,APARECIDA DE GOIÂNIA,0.75,,outras
2026-04-27,destino,APARECIDA DE GOIÂNIA,19.35,,prata
2026-04-27,destino,ARAÇATUBA,7.5,,prata
2026-04-27,destino,BARBACENA,7.0,,nanica
2026-04-27,destino,BARBACENA,24.0,,prata
2026-04-27,destino,BAURU,10.5,,prata
2026-04-27,destino,BRASÍLIA,20.25,,prata
2026-04-27,destino,BRAZÓPOLIS,15.0,,nanica
2026-04-27,destino,BRAZÓPOLIS,21.0,,prata
2026-04-27,destino,CAMPINAS,38.43,,nanica
2026-04-27,destino,CAMPINAS,1.5,,outras
2026-04-27,destino,CAMPINAS,43.43,,prata
2026-04-27,destino,CAMPO GRANDE,77.84,,nanica
2026-04-27,destino,CAMPO GRANDE,11.0,,prata
2026-04-27,destino,CARATINGA,7.0,,nanica
2026-04-27,destino,CARATINGA,5.0,,outras
2026-04-27,destino,CARATINGA,3.0,,prata
2026-04-27,destino,CATALÃO,0.16,,nanica
2026-04-27,destino,CATALÃO,0.856,,outras
2026-04-27,destino,CATALÃO,0.29,,prata
2026-04-27,destino,CONTAGEM,344.55,,nanica
2026-04-27,destino,CONTAGEM,232.72,,prata
2026-04-27,destino,CUIABÁ,19.24,,nanica
2026-04-27,destino,CUIABÁ,3.36,,prata
2026-04-27,destino,CUMARI,0.054,,outras
2026-04-27,destino,CURVELO,4.5,,nanica
2026-04-27,destino,CURVELO,19.95,,prata
2026-04-27,destino,GOIÂNIA,3.0,,outras
2026-04-27,destino,GOVERNADOR VALADARES,15.0,,prata
2026-04-27,destino,GUARULHOS,13.5,,nanica
2026-04-27,destino,INCONFIDENTES,4.5,,prata
2026-04-27,destino,ITARIRI,12.0,,nanica
2026-04-27,destino,ITARIRI,20.0,,prata
2026-04-27,destino,ITUMBIARA,1.28,,outras
2026-04-27,destino,JALES,13.5,,nanica
2026-04-27,destino,JANAÚBA,50.0,,nanica
2026-04-27,destino,JANAÚBA,10.0,,prata
2026-04-27,destino,JUIZ DE FORA,2.0,,nanica
2026-04-27,destino,JUIZ DE FORA,10.0,,prata
2026-04-27,destino,JUNDIAÍ,19.6,,nanica
2026-04-27,destino,JUNDIAÍ,12.7,,prata
2026-04-27,destino,MARINGÁ,24.0,,nanica
2026-04-27,destino,MONTES CLAROS,1.5,,outras
2026-04-27,destino,MONTES CLAROS,53.13,,prata
2026-04-27,destino,OSASCO,43.82,,nanica
2026-04-27,destino,OSASCO,0.52,,outras
2026-04-27,destino,OSASCO,14.57,,prata
2026-04-27,destino,PARAIBUNA,17.0,,nanica
2026-04-27,destino,PARAOPEBA,23.0,,nanica
2026-04-27,destino,PARAÍBA DO SUL,0.28,,outras
2026-04-27,destino,PIAU,4.0,,prata
2026-04-27,destino,PIRAPORA,5.0,,prata
2026-04-27,destino,POÇOS DE CALDAS,4.8,,prata
2026-04-27,destino,QUIRINÓPOLIS,0.72,,nanica
2026-04-27,destino,QUIRINÓPOLIS,1.12,,prata
2026-04-27,destino,RESENDE,0.4,,nanica
2026-04-27,destino,RIBEIRÃO DAS NEVES,13.0,,nanica
2026-04-27,destino,RIBEIRÃO DAS NEVES,28.3,,prata
2026-04-27,destino,RIBEIRÃO PRETO,82.19,,nanica
2026-04-27,destino,RIO DE JANEIRO,67.97,,nanica
2026-04-27,destino,RIO DE JANEIRO,0.75,,outras
2026-04-27,destino,RIO DE JANEIRO,298.17,,prata
2026-04-27,destino,SANTA LEOPOLDINA,6.0,,prata
2026-04-27,destino,SEROPÉDICA,12.0,,prata
2026-04-27,destino,SUMARÉ,7.8,,prata
2026-04-27,destino,SÃO BERNARDO DO CAMPO,13.5,,prata
2026-04-27,destino,SÃO GONÇALO,7.0,,prata
2026-04-27,destino,SÃO JOSÉ DO RIO PRETO,19.2,,nanica
2026-04-27,destino,SÃO JOSÉ DO RIO PRETO,14.49,,prata
2026-04-27,destino,SÃO PAULO,32.0,,nanica
2026-04-27,destino,SÃO PAULO,0.72,,outras
2026-04-27,destino,SÃO PAULO,111.42,,prata
2026-04-27,destino,TABOÃO DA SERRA,16.5,,prata
2026-04-27,destino,TAUBATÉ,1.74,,nanica
2026-04-27,destino,TAUBATÉ,15.21,,prata
2026-04-27,destino,TOCANTINS,3.75,,nanica
2026-04-27,destino,TOCANTINS,3.75,,prata
2026-04-27,destino,TRÊS RIOS,0.17,,outras
2026-04-27,destino,TRÊS RIOS,9.5,,prata
2026-04-27,destino,UBERABA,6.0,,prata
2026-04-27,destino,UBERLÂNDIA,19.0,,nanica
2026-04-27,destino,UBERLÂNDIA,3.0,,outras
2026-04-27,destino,UBERLÂNDIA,64.25,,prata
2026-04-27,destino,UNAÍ,0.9,,nanica
2026-04-27,destino,UNAÍ,1.2,,prata
2026-04-27,destino,VITÓRIA DA CONQUISTA,0.6,,nanica
2026-04-27,destino,VITÓRIA DA CONQUISTA,0.24,,outras
2026-04-27,destino,VOLTA REDONDA,16.0,,nanica
2026-04-27,destino,VOLTA REDONDA,1.5,,outras
2026-04-27,destino,VOLTA REDONDA,1.8,,prata
2026-04-27,destino,VÁRZEA PAULISTA,22.5,,nanica
2026-04-27,destino,VÁRZEA PAULISTA,16.5,,prata
2026-04-27,origem,ABRE CAMPO,0.3,,nanica
2026-04-27,origem,ABRE CAMPO,1.3,,outras
2026-04-27,origem,ABRE CAMPO,2.0,,prata
2026-04-27,origem,ANDRADAS,22.8,,prata
2026-04-27,origem,ARAÇUAÍ,70.17,,prata
2026-04-27,origem,BRAZÓPOLIS,1.74,,nanica
2026-04-27,origem,BURITIZEIRO,11.25,,prata
2026-04-27,origem,CANÁPOLIS,1.28,,outras
2026-04-27,origem,CAPITÃO ENÉAS,55.46,,prata
2026-04-27,origem,CENTRALINA,3.75,,outras
2026-04-27,origem,CONGONHAL,10.0,,nanica
2026-04-27,origem,CONTAGEM,25.0,,nanica
2026-04-27,origem,CONTAGEM,41.0,,prata
2026-04-27,origem,CORINTO,13.0,,nanica
2026-04-27,origem,CRISTINA,5.6,,nanica
2026-04-27,origem,CRISTINA,1.5,,outras
2026-04-27,origem,CRISTINA,11.8,,prata
2026-04-27,origem,CURVELO,124.5,,nanica
2026-04-27,origem,CURVELO,49.95,,prata
2026-04-27,origem,CÁSSIA,7.0,,prata
2026-04-27,origem,DELFINÓPOLIS,158.29,,prata
2026-04-27,origem,DESTERRO DO MELO,15.0,,prata
2026-04-27,origem,ESPINOSA,20.0,,prata
2026-04-27,origem,GONÇALVES,2.0,,prata
2026-04-27,origem,INCONFIDENTES,4.5,,prata
2026-04-27,origem,INHAPIM,7.0,,nanica
2026-04-27,origem,INHAPIM,5.0,,outras
2026-04-27,origem,INHAPIM,3.0,,prata
2026-04-27,origem,ITACARAMBI,61.0,,nanica
2026-04-27,origem,ITINGA,18.0,,prata
2026-04-27,origem,JANAÚBA,113.75,,prata
2026-04-27,origem,JAÍBA,460.43,,nanica
2026-04-27,origem,JAÍBA,1.74,,outras
2026-04-27,origem,JAÍBA,74.98,,prata
2026-04-27,origem,JEQUITINHONHA,25.8,,prata
2026-04-27,origem,JUIZ DE FORA,0.42,,outras
2026-04-27,origem,LASSANCE,33.15,,prata
2026-04-27,origem,MANGA,33.5,,nanica
2026-04-27,origem,MARILAC,3.75,,nanica
2026-04-27,origem,MARILAC,39.75,,prata
2026-04-27,origem,MATIAS CARDOSO,15.0,,nanica
2026-04-27,origem,MATIAS CARDOSO,23.0,,prata
2026-04-27,origem,MONTES CLAROS,114.98,,prata
2026-04-27,origem,NOVA PORTEIRINHA,19.55,,nanica
2026-04-27,origem,NOVA PORTEIRINHA,83.1,,prata
2026-04-27,origem,NOVA UNIÃO,114.5,,nanica
2026-04-27,origem,NOVA UNIÃO,4.0,,prata
2026-04-27,origem,OLIVEIRA FORTES,4.0,,prata
2026-04-27,origem,PARAOPEBA,23.0,,nanica
2026-04-27,origem,PEDRALVA,22.0,,nanica
2026-04-27,origem,PIAU,4.0,,prata
2026-04-27,origem,PIRAPORA,49.47,,prata
2026-04-27,origem,SANTA BÁRBARA DO TUGÚRIO,7.0,,nanica
2026-04-27,origem,SANTA BÁRBARA DO TUGÚRIO,5.0,,prata
2026-04-27,origem,SÃO FRANCISCO,0.9,,nanica
2026-04-27,origem,SÃO FRANCISCO,30.2,,prata
2026-04-27,origem,UBERLÂNDIA,6.88,,nanica
2026-04-27,origem,UBERLÂNDIA,3.91,,outras
2026-04-27,origem,UBERLÂNDIA,54.41,,prata
2026-04-27,origem,VERDELÂNDIA,57.76,,nanica
2026-04-27,origem,VERDELÂNDIA,3.52,,outras
2026-04-27,origem,VERDELÂNDIA,63.75,,prata
2026-04-27,origem,VÁRZEA DA PALMA,6.0,,prata
2026-04-28,destino,AMERICANA,13.5,,prata
2026-04-28,destino,ANDRADAS,15.0,,prata
2026-04-28,destino,ARAÇATUBA,4.5,,prata
2026-04-28,destino,BRASÍLIA,0.45,,nanica
2026-04-28,destino,BRASÍLIA,0.3,,outras
2026-04-28,destino,BRASÍLIA,10.8,,prata
2026-04-28,destino,BRAZÓPOLIS,9.84,,prata
2026-04-28,destino,CAMBUQUIRA,2.0,,prata
2026-04-28,destino,CAMPANHA,3.0,,prata
2026-04-28,destino,CAMPINAS,46.1,,nanica
2026-04-28,destino,CAMPINAS,22.8,,prata
2026-04-28,destino,CAMPO GRANDE,65.32,,nanica
2026-04-28,destino,CAMPO GRANDE,2.6,,prata
2026-04-28,destino,CATALÃO,0.112,,nanica
2026-04-28,destino,CATALÃO,0.292,,outras
2026-04-28,destino,CATALÃO,0.108,,prata
2026-04-28,destino,CAXAMBU,3.0,,prata
2026-04-28,destino,CONCEIÇÃO DO RIO VERDE,3.0,,prata
2026-04-28,destino,CONGONHAL,23.0,,nanica
2026-04-28,destino,CONTAGEM,230.68,,nanica
2026-04-28,destino,CONTAGEM,6.48,,outras
2026-04-28,destino,CONTAGEM,240.31,,prata
2026-04-28,destino,CURVELO,1.95,,nanica
2026-04-28,destino,CURVELO,3.25,,prata
2026-04-28,destino,DIVINÓPOLIS,19.2,,prata
2026-04-28,destino,DOURADOS,18.0,,nanica
2026-04-28,destino,DOURADOS,0.84,,prata
2026-04-28,destino,DUQUE DE CAXIAS,12.0,,prata
2026-04-28,destino,EXTREMA,6.0,,nanica
2026-04-28,destino,EXTREMA,9.0,,prata
2026-04-28,destino,FRANCA,14.0,,nanica
2026-04-28,destino,FRANCA,4.5,,prata
2026-04-28,destino,GUARULHOS,13.5,,nanica
2026-04-28,destino,GUARULHOS,13.86,,prata
2026-04-28,destino,INCONFIDENTES,3.0,,prata
2026-04-28,destino,IPAMERI,0.064,,nanica
2026-04-28,destino,IPAMERI,0.216,,outras
2026-04-28,destino,IPAMERI,0.064,,prata
2026-04-28,destino,ITAJUBÁ,11.0,,nanica
2026-04-28,destino,ITAJUBÁ,16.3,,prata
2026-04-28,destino,ITAPERUNA,0.5,,nanica
2026-04-28,destino,ITAPERUNA,0.3,,prata
2026-04-28,destino,ITARIRI,15.63,,nanica
2026-04-28,destino,ITARIRI,23.2,,prata
2026-04-28,destino,ITUMBIARA,0.27,,outras
2026-04-28,destino,JANAÚBA,43.79,,nanica
2026-04-28,destino,JUIZ DE FORA,15.0,,nanica
2026-04-28,destino,JUNDIAÍ,16.8,,nanica
2026-04-28,destino,JUNDIAÍ,12.7,,prata
2026-04-28,destino,LIMEIRA,11.1,,nanica
2026-04-28,destino,MARIA DA FÉ,4.92,,prata
2026-04-28,destino,MARINGÁ,22.8,,nanica
2026-04-28,destino,MIRACATU,12.48,,prata
2026-04-28,destino,MONTES CLAROS,12.18,,nanica
2026-04-28,destino,MONTES CLAROS,1.5,,outras
2026-04-28,destino,MONTES CLAROS,10.8,,prata
2026-04-28,destino,NITERÓI,12.0,,prata
2026-04-28,destino,OSASCO,33.8,,nanica
2026-04-28,destino,OSASCO,13.5,,prata
2026-04-28,destino,PARAOPEBA,15.0,,nanica
2026-04-28,destino,PEDRALVA,70.0,,nanica
2026-04-28,destino,PIRANGUÇU,12.0,,nanica
2026-04-28,destino,PIRANGUÇU,1.0,,prata
2026-04-28,destino,PIRAPORA,3.0,,outras
2026-04-28,destino,PIRAPORA,27.0,,prata
2026-04-28,destino,QUIRINÓPOLIS,0.08,,nanica
2026-04-28,destino,QUIRINÓPOLIS,0.162,,outras
2026-04-28,destino,QUIRINÓPOLIS,0.096,,prata
2026-04-28,destino,RIBEIRÃO DAS NEVES,12.0,,nanica
2026-04-28,destino,RIBEIRÃO DAS NEVES,12.0,,prata
2026-04-28,destino,RIBEIRÃO PRETO,39.0,,nanica
2026-04-28,destino,RIBEIRÃO PRETO,12.96,,prata
2026-04-28,destino,RIO DE JANEIRO,34.0,,nanica
2026-04-28,destino,RIO DE JANEIRO,2.5,,outras
2026-04-28,destino,RIO DE JANEIRO,270.34,,prata
2026-04-28,destino,SANTA RITA DO PASSA QUATRO,5.7,,prata
2026-04-28,destino,SANTO ANDRÉ,13.8,,prata
2026-04-28,destino,SANTO ANTÔNIO DO JARDIM,2.4,,prata
2026-04-28,destino,SUZANO,11.52,,prata
2026-04-28,destino,SÃO BERNARDO DO CAMPO,23.1,,nanica
2026-04-28,destino,SÃO BERNARDO DO CAMPO,35.51,,prata
2026-04-28,destino,SÃO JOSÉ DO RIO PRETO,36.03,,nanica
2026-04-28,destino,SÃO LOURENÇO,4.0,,prata
2026-04-28,destino,SÃO PAULO,43.4,,nanica
2026-04-28,destino,SÃO PAULO,1.485,,outras
2026-04-28,destino,SÃO PAULO,63.99,,prata
2026-04-28,destino,TABOÃO DA SERRA,1.5,,outras
2026-04-28,destino,TABOÃO DA SERRA,12.3,,prata
2026-04-28,destino,TAUBATÉ,6.5,,nanica
2026-04-28,destino,TAUBATÉ,3.5,,prata
2026-04-28,destino,TRÊS CORAÇÕES,16.0,,nanica
2026-04-28,destino,TRÊS CORAÇÕES,16.0,,prata
2026-04-28,destino,TRÊS RIOS,3.42,,nanica
2026-04-28,destino,TRÊS RIOS,2.34,,prata
2026-04-28,destino,VITÓRIA DA CONQUISTA,0.545,,nanica
2026-04-28,destino,VITÓRIA DA CONQUISTA,0.33,,outras
2026-04-28,destino,VOLTA REDONDA,1.6,,nanica
2026-04-28,destino,VOLTA REDONDA,11.15,,prata
2026-04-28,destino,VOTORANTIM,13.24,,prata
2026-04-28,destino,VÁRZEA PAULISTA,36.0,,nanica
2026-04-28,origem,ARAÇUAÍ,5.0,,nanica
2026-04-28,origem,ARAÇUAÍ,52.0,,prata
2026-04-28,origem,BELO HORIZONTE,7.87,,nanica
2026-04-28,origem,BELO HORIZONTE,3.185,,outras
2026-04-28,origem,BELO HORIZONTE,11.54,,prata
2026-04-28,origem,BRAZÓPOLIS,5.0,,nanica
2026-04-28,origem,BRAZÓPOLIS,12.0,,prata
2026-04-28,origem,CAPITÃO ENÉAS,7.0,,nanica
2026-04-28,origem,CAPITÃO ENÉAS,10.8,,prata
2026-04-28,origem,CARANGOLA,0.5,,nanica
2026-04-28,origem,CARANGOLA,0.3,,prata
2026-04-28,origem,CLARO DOS POÇÕES,19.0,,prata
2026-04-28,origem,CONTAGEM,178.51,,nanica
2026-04-28,origem,CONTAGEM,2.295,,outras
2026-04-28,origem,CONTAGEM,61.7,,prata
2026-04-28,origem,CURVELO,15.0,,nanica
2026-04-28,origem,CÁSSIA,12.96,,prata
2026-04-28,origem,DELFINÓPOLIS,1.6,,nanica
2026-04-28,origem,DELFINÓPOLIS,239.43,,prata
2026-04-28,origem,FREI INOCÊNCIO,15.0,,prata
2026-04-28,origem,INCONFIDENTES,3.0,,prata
2026-04-28,origem,ITACARAMBI,37.0,,nanica
2026-04-28,origem,ITAJUBÁ,6.0,,nanica
2026-04-28,origem,ITAJUBÁ,9.0,,prata
2026-04-28,origem,JACINTO,12.0,,prata
2026-04-28,origem,JANAÚBA,59.5,,prata
2026-04-28,origem,JAÍBA,424.775,,nanica
2026-04-28,origem,JAÍBA,4.89,,outras
2026-04-28,origem,JAÍBA,79.61,,prata
2026-04-28,origem,JEQUITINHONHA,18.1,,prata
2026-04-28,origem,JESUÂNIA,14.0,,prata
2026-04-28,origem,LAMBARI,3.0,,prata
2026-04-28,origem,LASSANCE,29.35,,nanica
2026-04-28,origem,LASSANCE,14.05,,prata
2026-04-28,origem,MANGA,20.79,,nanica
2026-04-28,origem,MARILAC,12.0,,nanica
2026-04-28,origem,MARILAC,33.0,,prata
2026-04-28,origem,MATIAS CARDOSO,16.8,,nanica
2026-04-28,origem,MATIAS CARDOSO,23.22,,prata
2026-04-28,origem,MONTES CLAROS,63.32,,prata
2026-04-28,origem,NOVA PORTEIRINHA,4.0,,nanica
2026-04-28,origem,NOVA PORTEIRINHA,69.22,,prata
2026-04-28,origem,NOVA UNIÃO,15.0,,nanica
2026-04-28,origem,PARAOPEBA,15.0,,nanica
2026-04-28,origem,PAULISTAS,13.05,,prata
2026-04-28,origem,PEDRALVA,111.0,,nanica
2026-04-28,origem,PEDRALVA,4.15,,prata
2026-04-28,origem,PEDRAS DE MARIA DA CRUZ,13.0,,prata
2026-04-28,origem,PIAU,3.0,,nanica
2026-04-28,origem,PIAU,2.5,,outras
2026-04-28,origem,PIRANGUÇU,6.5,,nanica
2026-04-28,origem,PIRANGUÇU,3.5,,prata
2026-04-28,origem,PIRAPORA,3.0,,outras
2026-04-28,origem,PIRAPORA,98.8,,prata
2026-04-28,origem,SÃO FRANCISCO,14.0,,prata
2026-04-28,origem,SÃO JOSÉ DO ALEGRE,15.0,,nanica
2026-04-28,origem,TOCANTINS,1.0,,outras
2026-04-28,origem,TOCANTINS,1.5,,prata
2026-04-28,origem,UBERLÂNDIA,0.256,,nanica
2026-04-28,origem,UBERLÂNDIA,0.94,,outras
2026-04-28,origem,UBERLÂNDIA,0.268,,prata
2026-04-28,origem,VERDELÂNDIA,13.5,,nanica
2026-04-28,origem,VERDELÂNDIA,0.225,,outras
2026-04-28,origem,VERDELÂNDIA,25.2,,prata
2026-04-28,origem,VÁRZEA DA PALMA,12.0,,prata
2026-04-29,destino,AREALVA,22.5,,nanica
2026-04-29,destino,BELO HORIZONTE,6.0,,prata
2026-04-29,destino,BRASÍLIA,59.55,,prata
2026-04-29,destino,BRAZÓPOLIS,75.0,,prata
2026-04-29,destino,CACHOEIRA PAULISTA,0.8,,nanica
2026-04-29,destino,CACHOEIRA PAULISTA,0.8,,prata
2026-04-29,destino,CAMPINAS,67.0,,nanica
2026-04-29,destino,CAMPINAS,44.85,,prata
2026-04-29,destino,CAMPO GRANDE,40.3,,nanica
2026-04-29,destino,CAMPO GRANDE,4.5,,prata
2026-04-29,destino,CAPELINHA,7.6,,prata
2026-04-29,destino,CARATINGA,7.5,,nanica
2026-04-29,destino,CARATINGA,19.5,,outras
2026-04-29,destino,CARATINGA,2.0,,prata
2026-04-29,destino,CASSILÂNDIA,0.09,,prata
2026-04-29,destino,CATALÃO,0.152,,nanica
2026-04-29,destino,CATALÃO,0.514,,outras
2026-04-29,destino,CATALÃO,0.2,,prata
2026-04-29,destino,CHAPADÃO DO CÉU,0.04,,nanica
2026-04-29,destino,CHAPADÃO DO CÉU,0.036,,prata
2026-04-29,destino,CHAPADÃO DO SUL,0.325,,nanica
2026-04-29,destino,CHAPADÃO DO SUL,0.15,,outras
2026-04-29,destino,CHAPADÃO DO SUL,0.28,,prata
2026-04-29,destino,CONTAGEM,120.2,,nanica
2026-04-29,destino,CONTAGEM,2.25,,outras
2026-04-29,destino,CONTAGEM,219.53,,prata
2026-04-29,destino,COSMÓPOLIS,4.2,,nanica
2026-04-29,destino,COSMÓPOLIS,5.55,,prata
2026-04-29,destino,DIVINÓPOLIS,10.5,,prata
2026-04-29,destino,EMBU DAS ARTES,13.5,,prata
2026-04-29,destino,GUARANÉSIA,10.0,,prata
2026-04-29,destino,GUARULHOS,13.5,,nanica
2026-04-29,destino,INOCÊNCIA,0.832,,nanica
2026-04-29,destino,INOCÊNCIA,0.132,,outras
2026-04-29,destino,INOCÊNCIA,0.37,,prata
2026-04-29,destino,ITANHANDU,4.4,,prata
2026-04-29,destino,ITARIRI,12.0,,prata
2026-04-29,destino,ITUMBIARA,0.209,,nanica
2026-04-29,destino,ITUMBIARA,0.243,,outras
2026-04-29,destino,ITUMBIARA,0.9,,prata
2026-04-29,destino,JALES,15.0,,nanica
2026-04-29,destino,JANAÚBA,24.76,,nanica
2026-04-29,destino,JARDINÓPOLIS,12.0,,nanica
2026-04-29,destino,JAÍBA,15.0,,nanica
2026-04-29,destino,JAÚ,22.5,,nanica
2026-04-29,destino,JOÃO MONLEVADE,7.5,,nanica
2026-04-29,destino,JOÃO MONLEVADE,7.5,,prata
2026-04-29,destino,JUIZ DE FORA,5.0,,nanica
2026-04-29,destino,JUIZ DE FORA,3.0,,prata
2026-04-29,destino,JUNDIAÍ,12.7,,prata
2026-04-29,destino,LAGOA DA PRATA,3.0,,prata
2026-04-29,destino,LORENA,0.8,,nanica
2026-04-29,destino,LORENA,0.8,,prata
2026-04-29,destino,MARINGÁ,39.8,,nanica
2026-04-29,destino,MINEIROS DO TIETÊ,26.0,,nanica
2026-04-29,destino,MONTES CLAROS,1.0,,nanica
2026-04-29,destino,MONTES CLAROS,14.55,,outras
2026-04-29,destino,MONTES CLAROS,66.44,,prata
2026-04-29,destino,NITERÓI,12.0,,prata
2026-04-29,destino,NOVA PORTEIRINHA,15.0,,prata
2026-04-29,destino,OSASCO,1.3,,outras
2026-04-29,destino,OSASCO,4.42,,prata
2026-04-29,destino,PARAIBUNA,12.4,,nanica
2026-04-29,destino,PARAÍSO DAS ÁGUAS,0.08,,nanica
2026-04-29,destino,PARAÍSO DAS ÁGUAS,0.058,,outras
2026-04-29,destino,PARAÍSO DAS ÁGUAS,0.018,,prata
2026-04-29,destino,PIAU,10.0,,prata
2026-04-29,destino,POUSO ALEGRE,12.98,,prata
2026-04-29,destino,POÇOS DE CALDAS,4.5,,prata
2026-04-29,destino,QUIRINÓPOLIS,0.303,,nanica
2026-04-29,destino,QUIRINÓPOLIS,0.422,,outras
2026-04-29,destino,QUIRINÓPOLIS,0.45,,prata
2026-04-29,destino,RIBEIRÃO PRETO,10.08,,prata
2026-04-29,destino,RIO DE JANEIRO,31.68,,nanica
2026-04-29,destino,RIO DE JANEIRO,140.8,,prata
2026-04-29,destino,RIO VERDE,0.19,,nanica
2026-04-29,destino,RIO VERDE,0.124,,outras
2026-04-29,destino,RIO VERDE,0.216,,prata
2026-04-29,destino,SANTA LEOPOLDINA,12.0,,prata
2026-04-29,destino,SANTO ANDRÉ,11.4,,prata
2026-04-29,destino,SÃO BERNARDO DO CAMPO,22.5,,nanica
2026-04-29,destino,SÃO BERNARDO DO CAMPO,24.0,,prata
2026-04-29,destino,SÃO CAETANO DO SUL,9.0,,nanica
2026-04-29,destino,SÃO CAETANO DO SUL,4.5,,prata
2026-04-29,destino,SÃO FRANCISCO,8.0,,nanica
2026-04-29,destino,SÃO GONÇALO,8.0,,prata
2026-04-29,destino,SÃO JOSÉ,7.06,,prata
2026-04-29,destino,SÃO JOSÉ DOS CAMPOS,10.0,,prata
2026-04-29,destino,SÃO JOÃO DA MATA,6.0,,prata
2026-04-29,destino,SÃO MATEUS,0.2,,prata
2026-04-29,destino,SÃO PAULO,16.0,,nanica
2026-04-29,destino,SÃO PAULO,76.63,,prata
2026-04-29,destino,TABOÃO DA SERRA,9.6,,prata
2026-04-29,destino,TRÊS CORAÇÕES,14.1,,nanica
2026-04-29,destino,TRÊS CORAÇÕES,0.3,,outras
2026-04-29,destino,TRÊS CORAÇÕES,12.0,,prata
2026-04-29,destino,TRÊS RIOS,3.83,,prata
2026-04-29,destino,UBERLÂNDIA,9.0,,nanica
2026-04-29,destino,UBERLÂNDIA,14.25,,prata
2026-04-29,destino,VITÓRIA DA CONQUISTA,1.68,,nanica
2026-04-29,destino,VITÓRIA DA CONQUISTA,0.33,,outras
2026-04-29,destino,VÁRZEA PAULISTA,27.0,,nanica
2026-04-29,origem,ANDRADAS,16.5,,prata
2026-04-29,origem,ARAÇUAÍ,38.8,,prata
2026-04-29,origem,BOM JESUS DO AMPARO,15.0,,nanica
2026-04-29,origem,BRAZÓPOLIS,14.0,,nanica
2026-04-29,origem,BRAZÓPOLIS,101.6,,prata
2026-04-29,origem,BRUMADINHO,15.0,,prata
2026-04-29,origem,CAPITÃO ENÉAS,25.0,,prata
2026-04-29,origem,CARANGOLA,7.5,,nanica
2026-04-29,origem,CARANGOLA,7.5,,prata
2026-04-29,origem,CONTAGEM,8.85,,nanica
2026-04-29,origem,CONTAGEM,60.53,,prata
2026-04-29,origem,CRISTINA,4.4,,prata
2026-04-29,origem,CURVELO,1.0,,nanica
2026-04-29,origem,CURVELO,14.0,,prata
2026-04-29,origem,DELFINÓPOLIS,4.2,,nanica
2026-04-29,origem,DELFINÓPOLIS,129.96,,prata
2026-04-29,origem,DIVINÓPOLIS,10.5,,prata
2026-04-29,origem,INHAPIM,12.0,,outras
2026-04-29,origem,INHAPIM,2.0,,prata
2026-04-29,origem,IPATINGA,0.2,,prata
2026-04-29,origem,ITACARAMBI,23.0,,nanica
2026-04-29,origem,ITINGA,12.0,,prata
2026-04-29,origem,JANAÚBA,9.0,,nanica
2026-04-29,origem,JANAÚBA,21.0,,prata
2026-04-29,origem,JAÍBA,417.07,,nanica
2026-04-29,origem,JAÍBA,18.43,,outras
2026-04-29,origem,JAÍBA,147.25,,prata
2026-04-29,origem,JEQUITINHONHA,10.8,,prata
2026-04-29,origem,LAGOA DA PRATA,3.0,,prata
2026-04-29,origem,LASSANCE,9.0,,nanica
2026-04-29,origem,LASSANCE,27.3,,prata
2026-04-29,origem,MANGA,20.0,,nanica
2026-04-29,origem,MARILAC,12.0,,prata
2026-04-29,origem,MATIAS CARDOSO,32.4,,prata
2026-04-29,origem,MONTES CLAROS,32.8,,prata
2026-04-29,origem,NOVA PORTEIRINHA,87.91,,prata
2026-04-29,origem,PEDRAS DE MARIA DA CRUZ,16.5,,prata
2026-04-29,origem,PIAU,12.0,,prata
2026-04-29,origem,PIRAPORA,9.0,,nanica
2026-04-29,origem,PIRAPORA,32.25,,prata
2026-04-29,origem,RIBEIRÃO DAS NEVES,13.0,,nanica
2026-04-29,origem,RIBEIRÃO DAS NEVES,23.8,,prata
2026-04-29,origem,SILVIANÓPOLIS,10.98,,prata
2026-04-29,origem,SÃO FRANCISCO,25.05,,prata
2026-04-29,origem,SÃO JOÃO DA MATA,6.0,,prata
2026-04-29,origem,TAQUARAÇU DE MINAS,6.0,,nanica
2026-04-29,origem,TAQUARAÇU DE MINAS,6.0,,prata
2026-04-29,origem,TOCANTINS,5.0,,nanica
2026-04-29,origem,TOCANTINS,3.0,,prata
2026-04-29,origem,TRÊS CORAÇÕES,14.1,,nanica
2026-04-29,origem,TRÊS CORAÇÕES,0.3,,outras
2026-04-29,origem,TRÊS CORAÇÕES,12.0,,prata
2026-04-29,origem,UBAPORANGA,7.5,,nanica
2026-04-29,origem,UBAPORANGA,7.5,,outras
2026-04-29,origem,UBERLÂNDIA,2.131,,nanica
2026-04-29,origem,UBERLÂNDIA,1.643,,outras
2026-04-29,origem,UBERLÂNDIA,2.56,,prata
2026-04-29,origem,VERDELÂNDIA,13.5,,nanica
2026-04-29,origem,VERDELÂNDIA,18.44,,prata
2026-04-30,destino,AMERICANA,22.5,,nanica
2026-04-30,destino,AMERICANA,9.0,,prata
2026-04-30,destino,ANDRADAS,4.5,,prata
2026-04-30,destino,APARECIDA DE GOIÂNIA,19.35,,prata
2026-04-30,destino,ARCOS,9.45,,prata
2026-04-30,destino,BARBACENA,3.2,,prata
2026-04-30,destino,BAURU,12.15,,prata
2026-04-30,destino,BOTELHOS,4.5,,prata
2026-04-30,destino,BRASÍLIA,39.6,,nanica
2026-04-30,destino,BRASÍLIA,1.3,,outras
2026-04-30,destino,BRASÍLIA,3.38,,prata
2026-04-30,destino,CAMPINAS,126.39,,nanica
2026-04-30,destino,CAMPINAS,1.5,,outras
2026-04-30,destino,CAMPINAS,81.78,,prata
2026-04-30,destino,CAMPO GRANDE,44.56,,nanica
2026-04-30,destino,CARATINGA,4.0,,nanica
2026-04-30,destino,CARATINGA,13.0,,outras
2026-04-30,destino,CARATINGA,2.0,,prata
2026-04-30,destino,CATALÃO,0.112,,nanica
2026-04-30,destino,CATALÃO,0.292,,outras
2026-04-30,destino,CATALÃO,0.128,,prata
2026-04-30,destino,CHAPADÃO DO CÉU,0.018,,outras
2026-04-30,destino,CHAPADÃO DO SUL,0.09,,outras
2026-04-30,destino,CHAPADÃO DO SUL,0.19,,prata
2026-04-30,destino,CONCEIÇÃO DAS PEDRAS,12.9,,prata
2026-04-30,destino,CONSELHEIRO LAFAIETE,6.0,,prata
2026-04-30,destino,CONTAGEM,453.7,,nanica
2026-04-30,destino,CONTAGEM,9.25,,outras
2026-04-30,destino,CONTAGEM,299.24,,prata
2026-04-30,destino,CORONEL PACHECO,3.75,,prata
2026-04-30,destino,COSTA RICA,0.019,,nanica
2026-04-30,destino,CUMARI,0.072,,outras
2026-04-30,destino,CURVELO,29.0,,nanica
2026-04-30,destino,CURVELO,4.0,,prata
2026-04-30,destino,DIVINÓPOLIS,14.55,,prata
2026-04-30,destino,DOURADOS,23.52,,nanica
2026-04-30,destino,DUQUE DE CAXIAS,12.0,,nanica
2026-04-30,destino,ELDORADO,15.0,,prata
2026-04-30,destino,FRANCA,55.0,,nanica
2026-04-30,destino,GOIÂNIA,5.0,,outras
2026-04-30,destino,GUARATINGUETÁ,1.75,,prata
2026-04-30,destino,GUARULHOS,13.5,,nanica
2026-04-30,destino,GUARULHOS,14.4,,prata
2026-04-30,destino,INCONFIDENTES,2.7,,prata
2026-04-30,destino,INOCÊNCIA,0.057,,nanica
2026-04-30,destino,INOCÊNCIA,0.036,,outras
2026-04-30,destino,INOCÊNCIA,0.038,,prata
2026-04-30,destino,IPAMERI,0.064,,nanica
2026-04-30,destino,IPAMERI,0.216,,outras
2026-04-30,destino,IPAMERI,0.064,,prata
2026-04-30,destino,IPATINGA,8.0,,prata
2026-04-30,destino,ITAPERUNA,1.0,,nanica
2026-04-30,destino,ITARIRI,12.0,,nanica
2026-04-30,destino,ITUMBIARA,0.095,,nanica
2026-04-30,destino,ITUMBIARA,0.256,,outras
2026-04-30,destino,ITUMBIARA,0.08,,prata
2026-04-30,destino,JANAÚBA,94.72,,nanica
2026-04-30,destino,JANAÚBA,25.0,,prata
2026-04-30,destino,JUIZ DE FORA,8.75,,nanica
2026-04-30,destino,JUIZ DE FORA,8.75,,prata
2026-04-30,destino,JUNDIAÍ,32.8,,nanica
2026-04-30,destino,JUNDIAÍ,58.4,,prata
2026-04-30,destino,LORENA,12.12,,prata
2026-04-30,destino,MARINGÁ,22.5,,nanica
2026-04-30,destino,MIRACATU,14.0,,nanica
2026-04-30,destino,MONTES CLAROS,25.5,,nanica
2026-04-30,destino,MONTES CLAROS,70.69,,prata
2026-04-30,destino,NITERÓI,54.0,,prata
2026-04-30,destino,NOVA PORTEIRINHA,12.0,,prata
2026-04-30,destino,OSASCO,24.9,,nanica
2026-04-30,destino,OSASCO,26.88,,prata
2026-04-30,destino,PARAIBUNA,20.0,,nanica
2026-04-30,destino,PARANAÍBA,0.038,,nanica
2026-04-30,destino,PARAOPEBA,15.0,,nanica
2026-04-30,destino,PATOS DE MINAS,5.76,,nanica
2026-04-30,destino,PATOS DE MINAS,18.6,,prata
2026-04-30,destino,PEDRALVA,16.0,,nanica
2026-04-30,destino,PETRÓPOLIS,1.5,,prata
2026-04-30,destino,PIAU,15.0,,nanica
2026-04-30,destino,PIAU,7.5,,prata
2026-04-30,destino,PIEDADE DE CARATINGA,11.89,,prata
2026-04-30,destino,PINDAMONHANGABA,1.0,,nanica
2026-04-30,destino,PINDAMONHANGABA,1.0,,prata
2026-04-30,destino,PIRAPORA,15.0,,prata
2026-04-30,destino,PORTO VELHO,23.52,,prata
2026-04-30,destino,POUSO ALEGRE,16.0,,prata
2026-04-30,destino,QUIRINÓPOLIS,0.742,,nanica
2026-04-30,destino,QUIRINÓPOLIS,0.106,,outras
2026-04-30,destino,QUIRINÓPOLIS,1.184,,prata
2026-04-30,destino,REGISTRO,15.0,,nanica
2026-04-30,destino,RIBEIRÃO DAS NEVES,18.01,,nanica
2026-04-30,destino,RIBEIRÃO DAS NEVES,24.0,,prata
2026-04-30,destino,RIBEIRÃO PRETO,202.29,,nanica
2026-04-30,destino,RIBEIRÃO PRETO,42.9,,prata
2026-04-30,destino,RIO DE JANEIRO,117.44,,nanica
2026-04-30,destino,RIO DE JANEIRO,4.0,,outras
2026-04-30,destino,RIO DE JANEIRO,495.01,,prata
2026-04-30,destino,RIO VERDE,0.019,,nanica
2026-04-30,destino,RIO VERDE,0.053,,outras
2026-04-30,destino,RIO VERDE,0.016,,prata
2026-04-30,destino,SANTA BÁRBARA DO TUGÚRIO,6.0,,prata
2026-04-30,destino,SANTA LEOPOLDINA,6.0,,prata
2026-04-30,destino,SANTA RITA DO SAPUCAÍ,7.0,,prata
2026-04-30,destino,SANTO ANTÔNIO DO JARDIM,6.0,,prata
2026-04-30,destino,SEROPÉDICA,34.16,,prata
2026-04-30,destino,SILVIANÓPOLIS,4.32,,prata
2026-04-30,destino,SOROCABA,11.52,,nanica
2026-04-30,destino,SÃO BERNARDO DO CAMPO,32.85,,prata
2026-04-30,destino,SÃO FRANCISCO,3.0,,prata
2026-04-30,destino,SÃO GONÇALO,12.0,,nanica
2026-04-30,destino,SÃO GONÇALO,13.0,,prata
2026-04-30,destino,SÃO JOSÉ DO RIO PRETO,36.0,,nanica
2026-04-30,destino,SÃO PAULO,137.64,,nanica
2026-04-30,destino,SÃO PAULO,1.32,,outras
2026-04-30,destino,SÃO PAULO,173.41,,prata
2026-04-30,destino,TABOÃO DA SERRA,15.0,,prata
2026-04-30,destino,TAUBATÉ,3.25,,nanica
2026-04-30,destino,TAUBATÉ,9.0,,prata
2026-04-30,destino,TRÊS RIOS,2.4,,nanica
2026-04-30,destino,TRÊS RIOS,0.045,,outras
2026-04-30,destino,UBERLÂNDIA,20.52,,nanica
2026-04-30,destino,UBERLÂNDIA,33.1,,prata
2026-04-30,destino,UNAÍ,0.9,,nanica
2026-04-30,destino,UNAÍ,1.2,,prata
2026-04-30,destino,URÂNIA,12.0,,nanica
2026-04-30,destino,VALENÇA,0.08,,outras
2026-04-30,destino,VOTORANTIM,11.52,,prata
2026-04-30,destino,VÁRZEA PAULISTA,83.73,,nanica
2026-04-30,destino,VÁRZEA PAULISTA,43.0,,prata
2026-04-30,origem,ARAÇUAÍ,79.25,,prata
2026-04-30,origem,BOCAIÚVA,12.0,,prata
2026-04-30,origem,BOM JESUS DO AMPARO,15.0,,nanica
2026-04-30,origem,BRAZÓPOLIS,4.85,,nanica
2026-04-30,origem,BRAZÓPOLIS,15.84,,prata
2026-04-30,origem,CAMPINA VERDE,4.0,,outras
2026-04-30,origem,CAPITÃO ENÉAS,47.42,,nanica
2026-04-30,origem,CAPITÃO ENÉAS,51.49,,prata
2026-04-30,origem,CARANGOLA,1.0,,nanica
2026-04-30,origem,CARATINGA,4.0,,nanica
2026-04-30,origem,CARATINGA,6.0,,outras
2026-04-30,origem,CENTRALINA,6.3,,outras
2026-04-30,origem,CONCEIÇÃO DAS PEDRAS,15.4,,prata
2026-04-30,origem,CONTAGEM,168.55,,nanica
2026-04-30,origem,CONTAGEM,5.25,,outras
2026-04-30,origem,CONTAGEM,83.4,,prata
2026-04-30,origem,CORINTO,42.96,,prata
2026-04-30,origem,CURVELO,59.0,,nanica
2026-04-30,origem,CURVELO,1.0,,prata
2026-04-30,origem,CÁSSIA,35.37,,prata
2026-04-30,origem,DELFINÓPOLIS,27.12,,nanica
2026-04-30,origem,DELFINÓPOLIS,292.49,,prata
2026-04-30,origem,DESTERRO DO MELO,3.2,,prata
2026-04-30,origem,ESPINOSA,20.0,,prata
2026-04-30,origem,INCONFIDENTES,2.7,,prata
2026-04-30,origem,ITACARAMBI,137.0,,nanica
2026-04-30,origem,ITINGA,28.0,,prata
2026-04-30,origem,JACINTO,12.0,,prata
2026-04-30,origem,JANAÚBA,13.4,,nanica
2026-04-30,origem,JANAÚBA,209.49,,prata
2026-04-30,origem,JAÍBA,1057.59,,nanica
2026-04-30,origem,JAÍBA,1.545,,outras
2026-04-30,origem,JAÍBA,274.35,,prata
2026-04-30,origem,JEQUITINHONHA,49.8,,prata
2026-04-30,origem,JUIZ DE FORA,0.08,,outras
2026-04-30,origem,LASSANCE,7.5,,nanica
2026-04-30,origem,LASSANCE,86.4,,prata
2026-04-30,origem,MANGA,23.1,,nanica
2026-04-30,origem,MARILAC,36.0,,prata
2026-04-30,origem,MATIAS CARDOSO,43.0,,nanica
2026-04-30,origem,MONTES CLAROS,4.1,,nanica
2026-04-30,origem,MONTES CLAROS,58.49,,prata
2026-04-30,origem,NATÉRCIA,3.5,,prata
2026-04-30,origem,NOVA PORTEIRINHA,18.0,,nanica
2026-04-30,origem,NOVA PORTEIRINHA,174.73,,prata
2026-04-30,origem,NOVA UNIÃO,60.0,,nanica
2026-04-30,origem,PARAOPEBA,15.0,,nanica
2026-04-30,origem,PEDRALVA,16.0,,nanica
2026-04-30,origem,PEDRAS DE MARIA DA CRUZ,14.0,,prata
2026-04-30,origem,PIAU,15.0,,nanica
2026-04-30,origem,PIAU,4.0,,outras
2026-04-30,origem,PIAU,1.5,,prata
2026-04-30,origem,PIRANGUINHO,15.0,,nanica
2026-04-30,origem,PIRANGUÇU,5.0,,nanica
2026-04-30,origem,PIRANGUÇU,10.0,,prata
2026-04-30,origem,PIRAPORA,0.76,,nanica
2026-04-30,origem,PIRAPORA,108.9,,prata
2026-04-30,origem,SENHORA DOS REMÉDIOS,6.0,,prata
2026-04-30,origem,SILVIANÓPOLIS,6.0,,prata
2026-04-30,origem,SIMONÉSIA,2.0,,outras
2026-04-30,origem,SIMONÉSIA,2.0,,prata
2026-04-30,origem,SÃO FRANCISCO,0.9,,nanica
2026-04-30,origem,SÃO FRANCISCO,18.2,,prata
2026-04-30,origem,SÃO JOSÉ DO JACURI,7.0,,nanica
2026-04-30,origem,SÃO JOSÉ DO JACURI,8.0,,prata
2026-04-30,origem,SÃO JOÃO DA PONTE,16.0,,prata
2026-04-30,origem,TOCANTINS,3.75,,nanica
2026-04-30,origem,TOCANTINS,3.75,,prata
2026-04-30,origem,UBAPORANGA,5.0,,outras
2026-04-30,origem,UBERLÂNDIA,1.146,,nanica
2026-04-30,origem,UBERLÂNDIA,1.139,,outras
2026-04-30,origem,UBERLÂNDIA,1.7,,prata
2026-04-30,origem,VERDELÂNDIA,36.36,,nanica
2026-04-30,origem,VERDELÂNDIA,1.32,,outras
2026-04-30,origem,VERDELÂNDIA,69.33,,prata
2026-04-30,origem,VÁRZEA DA PALMA,3.38,,prata
2026-05-01,destino,CONTAGEM,109.59,,nanica
2026-05-01,destino,CONTAGEM,2.25,,outras
2026-05-01,destino,CONTAGEM,114.3,,prata
2026-05-01,destino,GOIÂNIA,16.5,,prata
2026-05-01,destino,JARDINÓPOLIS,18.0,,nanica
2026-05-01,destino,JORDÂNIA,0.6,,prata
2026-05-01,destino,PEDRA AZUL,2.4,,prata
2026-05-01,destino,RIBEIRÃO DAS NEVES,12.0,,prata
2026-05-01,destino,RIO DE JANEIRO,51.72,,prata
2026-05-01,destino,SÃO BERNARDO DO CAMPO,22.01,,prata
2026-05-01,destino,SÃO PAULO,10.0,,nanica
2026-05-01,destino,SÃO PAULO,1.65,,outras
2026-05-01,destino,SÃO PAULO,21.01,,prata
2026-05-01,origem,CONTAGEM,56.79,,nanica
2026-05-01,origem,CONTAGEM,2.25,,outras
2026-05-01,origem,CONTAGEM,75.0,,prata
2026-05-01,origem,CÁSSIA,22.01,,prata
2026-05-01,origem,JAÍBA,80.8,,nanica
2026-05-01,origem,JAÍBA,1.65,,outras
2026-05-01,origem,JAÍBA,39.73,,prata
2026-05-01,origem,JEQUITINHONHA,42.3,,prata
2026-05-01,origem,LASSANCE,19.0,,prata
2026-05-01,origem,SÃO FRANCISCO,42.5,,prata
2026-05-02,destino,CAIEIRAS,9.6,,nanica
2026-05-02,destino,CAIEIRAS,6.4,,prata
2026-05-02,destino,CASSILÂNDIA,0.054,,prata
2026-05-02,destino,CHAPADÃO DO CÉU,0.06,,nanica
2026-05-02,destino,CHAPADÃO DO CÉU,0.02,,outras
2026-05-02,destino,CHAPADÃO DO CÉU,0.036,,prata
2026-05-02,destino,CHAPADÃO DO SUL,0.04,,nanica
2026-05-02,destino,CHAPADÃO DO SUL,0.126,,prata
2026-05-02,destino,CONTAGEM,33.0,,nanica
2026-05-02,destino,CONTAGEM,35.0,,prata
2026-05-02,destino,INOCÊNCIA,1.02,,nanica
2026-05-02,destino,INOCÊNCIA,0.15,,outras
2026-05-02,destino,INOCÊNCIA,0.198,,prata
2026-05-02,destino,MATEUS LEME,4.8,,prata
2026-05-02,destino,MONTES CLAROS,12.18,,nanica
2026-05-02,destino,MONTES CLAROS,12.18,,prata
2026-05-02,destino,NOVA UNIÃO,14.25,,prata
2026-05-02,destino,PARANAÍBA,0.06,,outras
2026-05-02,destino,PARANAÍBA,0.054,,prata
2026-05-02,destino,PARAÍSO DAS ÁGUAS,0.06,,nanica
2026-05-02,destino,PARAÍSO DAS ÁGUAS,0.038,,outras
2026-05-02,destino,PARAÍSO DAS ÁGUAS,0.018,,prata
2026-05-02,destino,PIRACICABA,13.8,,prata
2026-05-02,destino,RIBEIRÃO DAS NEVES,12.0,,prata
2026-05-02,destino,RIO BONITO,22.0,,nanica
2026-05-02,destino,RIO DE JANEIRO,75.1,,prata
2026-05-02,destino,SÃO PAULO,21.0,,nanica
2026-05-02,destino,TRÊS RIOS,5.28,,nanica
2026-05-02,destino,TRÊS RIOS,0.03,,outras
2026-05-02,destino,TRÊS RIOS,1.5,,prata
2026-05-02,destino,VITÓRIA DA CONQUISTA,0.6,,nanica
2026-05-02,destino,VITÓRIA DA CONQUISTA,0.24,,outras
2026-05-02,destino,VÁRZEA PAULISTA,13.5,,nanica
2026-05-02,origem,FRANCISCO SÁ,8.0,,prata
2026-05-02,origem,JANAÚBA,5.0,,prata
2026-05-02,origem,JAÍBA,86.56,,nanica
2026-05-02,origem,JAÍBA,0.27,,outras
2026-05-02,origem,JAÍBA,30.68,,prata
2026-05-02,origem,JEQUITINHONHA,15.1,,prata
2026-05-02,origem,LASSANCE,30.6,,nanica
2026-05-02,origem,LASSANCE,42.4,,prata
2026-05-02,origem,MATIAS CARDOSO,5.0,,prata
2026-05-02,origem,MONTES CLAROS,24.0,,prata
2026-05-02,origem,PIRAPORA,37.35,,prata
2026-05-02,origem,UBERLÂNDIA,1.18,,nanica
2026-05-02,origem,UBERLÂNDIA,0.268,,outras
2026-05-02,origem,UBERLÂNDIA,0.486,,prata
2026-05-02,origem,VÁRZEA DA PALMA,7.5,,prata
2026-05-04,destino,ANDRADAS,15.0,,prata
2026-05-04,destino,APARECIDA DE GOIÂNIA,0.9,,outras
2026-05-04,destino,ARAÇATUBA,24.0,,nanica
2026-05-04,destino,ARCOS,9.45,,prata
2026-05-04,destino,BARBACENA,1.8,,nanica
2026-05-04,destino,BARBACENA,1.4,,prata
2026-05-04,destino,BAURU,9.0,,prata
2026-05-04,destino,BRASÍLIA,13.0,,prata
2026-05-04,destino,BRAZÓPOLIS,12.0,,prata
2026-05-04,destino,CAJURI,20.0,,prata
2026-05-04,destino,CAMPINAS,85.965,,nanica
2026-05-04,destino,CAMPINAS,1.5,,outras
2026-05-04,destino,CAMPINAS,42.955,,prata
2026-05-04,destino,CAMPO GRANDE,37.3,,nanica
2026-05-04,destino,CAMPO GRANDE,4.56,,prata
2026-05-04,destino,CARATINGA,18.0,,nanica
2026-05-04,destino,CARATINGA,2.0,,prata
2026-05-04,destino,CATALÃO,0.119,,nanica
2026-05-04,destino,CATALÃO,0.328,,outras
2026-05-04,destino,CATALÃO,0.264,,prata
2026-05-04,destino,CONTAGEM,136.448,,nanica
2026-05-04,destino,CONTAGEM,3.975,,outras
2026-05-04,destino,CONTAGEM,251.652,,prata
2026-05-04,destino,CUIABÁ,16.72,,nanica
2026-05-04,destino,CUIABÁ,3.36,,prata
2026-05-04,destino,CUMARI,0.054,,outras
2026-05-04,destino,DIVINÓPOLIS,0.5,,nanica
2026-05-04,destino,DIVINÓPOLIS,11.0,,prata
2026-05-04,destino,FELIXLÂNDIA,4.0,,nanica
2026-05-04,destino,FELIXLÂNDIA,2.0,,prata
2026-05-04,destino,GOIÂNIA,3.0,,outras
2026-05-04,destino,GUARULHOS,13.5,,prata
2026-05-04,destino,ITAJUBÁ,4.0,,nanica
2026-05-04,destino,ITAJUBÁ,36.0,,prata
2026-05-04,destino,ITARIRI,16.5,,prata
2026-05-04,destino,ITAÚNA,15.0,,nanica
2026-05-04,destino,ITUMBIARA,1.44,,outras
2026-05-04,destino,JALES,13.5,,nanica
2026-05-04,destino,JANAÚBA,36.6,,nanica
2026-05-04,destino,JANAÚBA,10.0,,prata
2026-05-04,destino,JAÚ,10.83,,nanica
2026-05-04,destino,JUIZ DE FORA,7.3,,nanica
2026-05-04,destino,JUIZ DE FORA,6.0,,prata
2026-05-04,destino,JUNDIAÍ,19.6,,nanica
2026-05-04,destino,JUNDIAÍ,23.97,,prata
2026-05-04,destino,MARINGÁ,22.5,,nanica
2026-05-04,destino,MATEUS LEME,8.0,,nanica
2026-05-04,destino,MATEUS LEME,7.0,,prata
2026-05-04,destino,MONTES CLAROS,38.055,,prata
2026-05-04,destino,NITERÓI,12.0,,nanica
2026-05-04,destino,NOVA ERA,1.0,,nanica
2026-05-04,destino,NOVA ERA,0.6,,prata
2026-05-04,destino,OSASCO,59.115,,nanica
2026-05-04,destino,OSASCO,3.19,,prata
2026-05-04,destino,PARAIBUNA,2.0,,nanica
2026-05-04,destino,PARAIBUNA,5.0,,prata
2026-05-04,destino,PARAOPEBA,15.0,,nanica
2026-05-04,destino,PATOS DE MINAS,42.0,,outras
2026-05-04,destino,PATOS DE MINAS,23.5,,prata
2026-05-04,destino,PETRÓPOLIS,5.0,,prata
2026-05-04,destino,PIAU,30.0,,nanica
2026-05-04,destino,POUSO ALEGRE,3.51,,nanica
2026-05-04,destino,POUSO ALEGRE,0.84,,outras
2026-05-04,destino,POUSO ALEGRE,11.025,,prata
2026-05-04,destino,QUIRINÓPOLIS,0.72,,nanica
2026-05-04,destino,QUIRINÓPOLIS,1.2,,prata
2026-05-04,destino,RESENDE,0.4,,nanica
2026-05-04,destino,RIBEIRÃO DAS NEVES,12.0,,nanica
2026-05-04,destino,RIBEIRÃO DAS NEVES,0.18,,outras
2026-05-04,destino,RIBEIRÃO DAS NEVES,24.0,,prata
2026-05-04,destino,RIBEIRÃO PRETO,60.39,,nanica
2026-05-04,destino,RIBEIRÃO PRETO,9.0,,outras
2026-05-04,destino,RIO DE JANEIRO,71.97,,nanica
2026-05-04,destino,RIO DE JANEIRO,1.56,,outras
2026-05-04,destino,RIO DE JANEIRO,373.98,,prata
2026-05-04,destino,SANTO ANTÔNIO DO JARDIM,10.8,,prata
2026-05-04,destino,SEROPÉDICA,14.0,,prata
2026-05-04,destino,SUMARÉ,7.8,,prata
2026-05-04,destino,SÃO BERNARDO DO CAMPO,40.385,,prata
2026-05-04,destino,SÃO CAETANO DO SUL,7.425,,nanica
2026-05-04,destino,SÃO CAETANO DO SUL,4.725,,prata
2026-05-04,destino,SÃO GONÇALO,6.75,,prata
2026-05-04,destino,SÃO JOSÉ DO RIO PRETO,10.935,,prata
2026-05-04,destino,SÃO PAULO,55.3,,nanica
2026-05-04,destino,SÃO PAULO,1.44,,outras
2026-05-04,destino,SÃO PAULO,90.76,,prata
2026-05-04,destino,TABOÃO DA SERRA,1.5,,outras
2026-05-04,destino,TABOÃO DA SERRA,13.5,,prata
2026-05-04,destino,TAUBATÉ,15.345,,prata
2026-05-04,destino,TOCANTINS,3.75,,nanica
2026-05-04,destino,TOCANTINS,3.75,,prata
2026-05-04,destino,TRÊS RIOS,4.2,,nanica
2026-05-04,destino,TRÊS RIOS,0.03,,outras
2026-05-04,destino,UBERLÂNDIA,2.0,,nanica
2026-05-04,destino,UBERLÂNDIA,3.0,,outras
2026-05-04,destino,UBERLÂNDIA,30.35,,prata
2026-05-04,destino,UNAÍ,1.05,,nanica
2026-05-04,destino,UNAÍ,1.2,,prata
2026-05-04,destino,VITÓRIA DA CONQUISTA,0.6,,nanica
2026-05-04,destino,VITÓRIA DA CONQUISTA,0.24,,outras
2026-05-04,destino,VOLTA REDONDA,5.4,,nanica
2026-05-04,destino,VOLTA REDONDA,1.5,,outras
2026-05-04,destino,VOLTA REDONDA,1.8,,prata
2026-05-04,destino,VÁRZEA PAULISTA,37.0,,nanica
2026-05-04,destino,VÁRZEA PAULISTA,16.75,,prata
2026-05-04,origem,ANDRADAS,22.8,,prata
2026-05-04,origem,ARAÇUAÍ,70.9,,prata
2026-05-04,origem,CAJURI,20.0,,prata
2026-05-04,origem,CAMPINA VERDE,3.975,,outras
2026-05-04,origem,CANÁPOLIS,10.44,,outras
2026-05-04,origem,CAPITÃO ENÉAS,12.0,,nanica
2026-05-04,origem,CAPITÃO ENÉAS,22.095,,prata
2026-05-04,origem,CARANGOLA,1.0,,nanica
2026-05-04,origem,CARANGOLA,0.6,,prata
2026-05-04,origem,CENTRALINA,6.9,,outras
2026-05-04,origem,CLARO DOS POÇÕES,19.0,,prata
2026-05-04,origem,CRISTINA,5.8,,nanica
2026-05-04,origem,CRISTINA,1.5,,outras
2026-05-04,origem,CRISTINA,1.8,,prata
2026-05-04,origem,CURVELO,4.0,,nanica
2026-05-04,origem,CURVELO,2.0,,prata
2026-05-04,origem,CÁSSIA,38.72,,prata
2026-05-04,origem,DELFINÓPOLIS,125.62,,prata
2026-05-04,origem,DIVINÓPOLIS,0.5,,nanica
2026-05-04,origem,DIVINÓPOLIS,2.0,,prata
2026-05-04,origem,ESPINOSA,20.0,,prata
2026-05-04,origem,FRANCISCO SÁ,10.8,,prata
2026-05-04,origem,INHAPIM,18.0,,nanica
2026-05-04,origem,INHAPIM,2.0,,prata
2026-05-04,origem,ITACARAMBI,39.0,,nanica
2026-05-04,origem,ITAJUBÁ,8.0,,nanica
2026-05-04,origem,ITAJUBÁ,47.0,,prata
2026-05-04,origem,JANAÚBA,10.0,,nanica
2026-05-04,origem,JANAÚBA,137.0,,prata
2026-05-04,origem,JAÍBA,530.538,,nanica
2026-05-04,origem,JAÍBA,5.73,,outras
2026-05-04,origem,JAÍBA,168.292,,prata
2026-05-04,origem,JEQUITINHONHA,25.8,,prata
2026-05-04,origem,LAGOA FORMOSA,42.0,,outras
2026-05-04,origem,LAGOA FORMOSA,16.5,,prata
2026-05-04,origem,LASSANCE,23.925,,nanica
2026-05-04,origem,LASSANCE,73.6,,prata
2026-05-04,origem,LIMA DUARTE,2.5,,nanica
2026-05-04,origem,MANGA,19.3,,nanica
2026-05-04,origem,MARILAC,15.75,,nanica
2026-05-04,origem,MARILAC,3.75,,prata
2026-05-04,origem,MATEUS LEME,38.0,,nanica
2026-05-04,origem,MATEUS LEME,7.0,,prata
2026-05-04,origem,MATIAS CARDOSO,4.0,,nanica
2026-05-04,origem,MATIAS CARDOSO,65.65,,prata
2026-05-04,origem,MONTES CLAROS,82.405,,prata
2026-05-04,origem,NOVA PORTEIRINHA,78.06,,prata
2026-05-04,origem,NOVA UNIÃO,60.5,,nanica
2026-05-04,origem,NOVA UNIÃO,14.5,,prata
2026-05-04,origem,PARAOPEBA,15.0,,nanica
2026-05-04,origem,PEDRALVA,2.0,,nanica
2026-05-04,origem,PEDRALVA,30.0,,prata
2026-05-04,origem,PEDRAS DE MARIA DA CRUZ,31.0,,prata
2026-05-04,origem,PIAU,30.0,,nanica
2026-05-04,origem,PIRAPORA,49.45,,prata
2026-05-04,origem,POUSO ALEGRE,3.51,,nanica
2026-05-04,origem,POUSO ALEGRE,0.84,,outras
2026-05-04,origem,POUSO ALEGRE,11.025,,prata
2026-05-04,origem,SANTA BÁRBARA DO TUGÚRIO,1.8,,nanica
2026-05-04,origem,SANTA BÁRBARA DO TUGÚRIO,1.4,,prata
2026-05-04,origem,SÃO FRANCISCO,1.05,,nanica
2026-05-04,origem,SÃO FRANCISCO,27.2,,prata
2026-05-04,origem,SÃO JOÃO DA PONTE,7.0,,prata
2026-05-04,origem,UBERLÂNDIA,0.839,,nanica
2026-05-04,origem,UBERLÂNDIA,0.382,,outras
2026-05-04,origem,UBERLÂNDIA,2.264,,prata
2026-05-04,origem,VERDELÂNDIA,0.72,,outras
2026-05-04,origem,VERDELÂNDIA,27.78,,prata
2026-05-05,destino,ANDRADAS,12.115,,prata
2026-05-05,destino,APARECIDA,1.125,,nanica
2026-05-05,destino,APARECIDA,1.125,,prata
2026-05-05,destino,ARAÇATUBA,7.5,,prata
2026-05-05,destino,BARUERI,4.02,,nanica
2026-05-05,destino,BARUERI,9.74,,prata
2026-05-05,destino,BRASÍLIA,17.225,,nanica
2026-05-05,destino,BRASÍLIA,0.375,,outras
2026-05-05,destino,BRASÍLIA,28.8,,prata
2026-05-05,destino,BRAZÓPOLIS,21.32,,nanica
2026-05-05,destino,BRAZÓPOLIS,5.0,,prata
2026-05-05,destino,CAMPESTRE,4.8,,prata
2026-05-05,destino,CAMPINAS,68.765,,nanica
2026-05-05,destino,CAMPINAS,20.82,,prata
2026-05-05,destino,CAMPO GRANDE,22.56,,nanica
2026-05-05,destino,CARATINGA,10.0,,nanica
2026-05-05,destino,CARATINGA,9.0,,prata
2026-05-05,destino,CATALÃO,0.112,,nanica
2026-05-05,destino,CATALÃO,0.292,,outras
2026-05-05,destino,CATALÃO,0.128,,prata
2026-05-05,destino,CAXAMBU,4.0,,prata
2026-05-05,destino,CONTAGEM,302.475,,nanica
2026-05-05,destino,CONTAGEM,37.612,,outras
2026-05-05,destino,CONTAGEM,290.641,,prata
2026-05-05,destino,CURVELO,2.25,,nanica
2026-05-05,destino,CURVELO,18.7,,prata
2026-05-05,destino,DIVINÓPOLIS,9.0,,prata
2026-05-05,destino,ENGENHEIRO CALDAS,8.0,,prata
2026-05-05,destino,FRANCA,28.0,,nanica
2026-05-05,destino,GOVERNADOR VALADARES,4.0,,nanica
2026-05-05,destino,GOVERNADOR VALADARES,4.0,,outras
2026-05-05,destino,GOVERNADOR VALADARES,4.0,,prata
2026-05-05,destino,GUARULHOS,13.5,,nanica
2026-05-05,destino,GUARULHOS,13.86,,prata
2026-05-05,destino,IPAMERI,0.064,,nanica
2026-05-05,destino,IPAMERI,0.216,,outras
2026-05-05,destino,IPAMERI,0.064,,prata
2026-05-05,destino,ITAJUBÁ,2.0,,nanica
2026-05-05,destino,ITAJUBÁ,13.55,,prata
2026-05-05,destino,ITAPERUNA,0.5,,nanica
2026-05-05,destino,ITAPERUNA,0.5,,prata
2026-05-05,destino,ITARIRI,21.0,,nanica
2026-05-05,destino,ITARIRI,21.906,,prata
2026-05-05,destino,ITUMBIARA,0.45,,outras
2026-05-05,destino,JACAREÍ,0.098,,outras
2026-05-05,destino,JACAREÍ,7.602,,prata
2026-05-05,destino,JANAÚBA,46.1,,nanica
2026-05-05,destino,JANAÚBA,10.0,,prata
2026-05-05,destino,JUNDIAÍ,14.0,,nanica
2026-05-05,destino,JUNDIAÍ,11.3,,prata
2026-05-05,destino,MARIA DA FÉ,6.65,,prata
2026-05-05,destino,MARINGÁ,22.6,,nanica
2026-05-05,destino,MIRACATU,12.6,,nanica
2026-05-05,destino,MIRACATU,12.48,,prata
2026-05-05,destino,MONTES CLAROS,12.18,,nanica
2026-05-05,destino,NITERÓI,12.0,,nanica
2026-05-05,destino,NITERÓI,10.0,,prata
2026-05-05,destino,NOVA PORTEIRINHA,7.0,,prata
2026-05-05,destino,OSASCO,61.93,,prata
2026-05-05,destino,PARAIBUNA,12.0,,nanica
2026-05-05,destino,PARAOPEBA,15.0,,nanica
2026-05-05,destino,PEDRALVA,6.0,,prata
2026-05-05,destino,PIAU,30.0,,nanica
2026-05-05,destino,PIAU,22.0,,prata
2026-05-05,destino,PONTA PORÃ,23.0,,nanica
2026-05-05,destino,POUSO ALEGRE,2.5,,nanica
2026-05-05,destino,POUSO ALEGRE,3.8,,prata
2026-05-05,destino,QUIRINÓPOLIS,0.08,,nanica
2026-05-05,destino,QUIRINÓPOLIS,0.162,,outras
2026-05-05,destino,QUIRINÓPOLIS,0.096,,prata
2026-05-05,destino,RIBEIRÃO PRETO,150.791,,nanica
2026-05-05,destino,RIBEIRÃO PRETO,13.365,,prata
2026-05-05,destino,RIO DE JANEIRO,89.02,,nanica
2026-05-05,destino,RIO DE JANEIRO,5.0,,outras
2026-05-05,destino,RIO DE JANEIRO,304.42,,prata
2026-05-05,destino,SANTO ANDRÉ,13.8,,prata
2026-05-05,destino,SUZANO,11.52,,prata
2026-05-05,destino,SÃO BERNARDO DO CAMPO,22.5,,prata
2026-05-05,destino,SÃO GONÇALO,12.0,,prata
2026-05-05,destino,SÃO JOSÉ DO RIO PARDO,7.0,,nanica
2026-05-05,destino,SÃO JOSÉ DO RIO PRETO,28.8,,nanica
2026-05-05,destino,SÃO JOSÉ DO RIO PRETO,7.2,,prata
2026-05-05,destino,SÃO PAULO,38.0,,nanica
2026-05-05,destino,SÃO PAULO,137.671,,prata
2026-05-05,destino,TAUBATÉ,7.0,,nanica
2026-05-05,destino,TAUBATÉ,2.5,,prata
2026-05-05,destino,TRÊS CORAÇÕES,2.0,,prata
2026-05-05,destino,TRÊS RIOS,3.0,,nanica
2026-05-05,destino,TRÊS RIOS,0.015,,outras
2026-05-05,destino,TRÊS RIOS,1.725,,prata
2026-05-05,destino,UBERLÂNDIA,15.464,,prata
2026-05-05,destino,VALINHOS,10.5,,prata
2026-05-05,destino,VOLTA REDONDA,2.6,,nanica
2026-05-05,destino,VOLTA REDONDA,9.15,,prata
2026-05-05,destino,VOTORANTIM,13.28,,prata
2026-05-05,destino,VÁRZEA PAULISTA,18.0,,prata
2026-05-05,origem,ANDRADAS,10.5,,prata
2026-05-05,origem,ARAÇUAÍ,8.0,,nanica
2026-05-05,origem,ARAÇUAÍ,80.31,,prata
2026-05-05,origem,BELO HORIZONTE,25.3,,nanica
2026-05-05,origem,BELO HORIZONTE,6.26,,outras
2026-05-05,origem,BELO HORIZONTE,37.98,,prata
2026-05-05,origem,BRAZÓPOLIS,4.5,,nanica
2026-05-05,origem,BRAZÓPOLIS,13.3,,prata
2026-05-05,origem,CAPITÃO ENÉAS,12.0,,nanica
2026-05-05,origem,CAPITÃO ENÉAS,18.0,,prata
2026-05-05,origem,CARANGOLA,0.5,,nanica
2026-05-05,origem,CARANGOLA,0.5,,prata
2026-05-05,origem,CARATINGA,10.0,,nanica
2026-05-05,origem,CARATINGA,9.0,,prata
2026-05-05,origem,CONGONHAL,12.0,,nanica
2026-05-05,origem,CONTAGEM,158.175,,nanica
2026-05-05,origem,CONTAGEM,16.67,,outras
2026-05-05,origem,CONTAGEM,61.773,,prata
2026-05-05,origem,CURVELO,15.0,,nanica
2026-05-05,origem,CURVELO,15.0,,prata
2026-05-05,origem,CÁSSIA,13.86,,prata
2026-05-05,origem,DELFINÓPOLIS,8.92,,nanica
2026-05-05,origem,DELFINÓPOLIS,0.098,,outras
2026-05-05,origem,DELFINÓPOLIS,238.217,,prata
2026-05-05,origem,FERNANDES TOURINHO,8.0,,prata
2026-05-05,origem,IAPU,15.0,,nanica
2026-05-05,origem,ITACARAMBI,69.0,,nanica
2026-05-05,origem,JACINTO,12.0,,prata
2026-05-05,origem,JANAÚBA,35.1,,nanica
2026-05-05,origem,JANAÚBA,45.376,,prata
2026-05-05,origem,JAÍBA,483.641,,nanica
2026-05-05,origem,JAÍBA,15.072,,outras
2026-05-05,origem,JAÍBA,159.058,,prata
2026-05-05,origem,JEQUITINHONHA,30.6,,prata
2026-05-05,origem,JESUÂNIA,2.0,,prata
2026-05-05,origem,LAMBARI,4.0,,prata
2026-05-05,origem,LASSANCE,2.25,,nanica
2026-05-05,origem,LASSANCE,35.5,,prata
2026-05-05,origem,MANGA,23.1,,nanica
2026-05-05,origem,MARILAC,27.6,,prata
2026-05-05,origem,MATIAS CARDOSO,24.02,,nanica
2026-05-05,origem,MATIAS CARDOSO,9.74,,prata
2026-05-05,origem,MONTES CLAROS,30.0,,prata
2026-05-05,origem,NOVA PORTEIRINHA,29.0,,nanica
2026-05-05,origem,NOVA PORTEIRINHA,109.635,,prata
2026-05-05,origem,NOVA UNIÃO,15.0,,nanica
2026-05-05,origem,PARAOPEBA,15.0,,nanica
2026-05-05,origem,PAULISTAS,17.4,,prata
2026-05-05,origem,PEDRALVA,22.0,,nanica
2026-05-05,origem,PEDRALVA,3.15,,prata
2026-05-05,origem,PEDRAS DE MARIA DA CRUZ,14.0,,prata
2026-05-05,origem,PIAU,33.0,,nanica
2026-05-05,origem,PIAU,5.0,,outras
2026-05-05,origem,PIAU,15.0,,prata
2026-05-05,origem,PIRANGUÇU,8.125,,nanica
2026-05-05,origem,PIRANGUÇU,4.125,,prata
2026-05-05,origem,PIRAPORA,86.29,,prata
2026-05-05,origem,PORTEIRINHA,14.0,,prata
2026-05-05,origem,SÃO DOMINGOS DAS DORES,4.0,,nanica
2026-05-05,origem,SÃO DOMINGOS DAS DORES,4.0,,outras
2026-05-05,origem,SÃO DOMINGOS DAS DORES,4.0,,prata
2026-05-05,origem,SÃO FRANCISCO,49.0,,prata
2026-05-05,origem,SÃO JOÃO DA PONTE,10.0,,prata
2026-05-05,origem,TOCANTINS,7.0,,prata
2026-05-05,origem,UBERLÂNDIA,0.256,,nanica
2026-05-05,origem,UBERLÂNDIA,1.12,,outras
2026-05-05,origem,UBERLÂNDIA,0.488,,prata
2026-05-05,origem,VERDELÂNDIA,13.5,,nanica
2026-05-05,origem,VERDELÂNDIA,32.0,,prata
2026-05-05,origem,VÁRZEA DA PALMA,0.8,,nanica
2026-05-05,origem,VÁRZEA DA PALMA,8.8,,prata
2026-05-06,destino,ARAÇATUBA,24.0,,nanica
2026-05-06,destino,AREALVA,21.3,,nanica
2026-05-06,destino,BARBACENA,6.0,,prata
2026-05-06,destino,BOTELHOS,9.0,,prata
2026-05-06,destino,BRASÍLIA,24.52,,prata
2026-05-06,destino,CACHOEIRA PAULISTA,0.8,,nanica
2026-05-06,destino,CACHOEIRA PAULISTA,0.8,,prata
2026-05-06,destino,CAMPINAS,68.953,,nanica
2026-05-06,destino,CAMPINAS,26.1,,prata
2026-05-06,destino,CAMPO GRANDE,41.86,,nanica
2026-05-06,destino,CARATINGA,5.0,,nanica
2026-05-06,destino,CARATINGA,5.0,,outras
2026-05-06,destino,CARATINGA,4.0,,prata
2026-05-06,destino,CASSILÂNDIA,0.09,,prata
2026-05-06,destino,CHAPADÃO DO CÉU,0.079,,nanica
2026-05-06,destino,CHAPADÃO DO CÉU,0.018,,outras
2026-05-06,destino,CHAPADÃO DO CÉU,0.036,,prata
2026-05-06,destino,CHAPADÃO DO SUL,0.44,,nanica
2026-05-06,destino,CHAPADÃO DO SUL,0.118,,outras
2026-05-06,destino,CHAPADÃO DO SUL,0.39,,prata
2026-05-06,destino,CONTAGEM,233.2,,nanica
2026-05-06,destino,CONTAGEM,183.4,,prata
2026-05-06,destino,COSMÓPOLIS,4.35,,nanica
2026-05-06,destino,COSMÓPOLIS,5.85,,prata
2026-05-06,destino,CURVELO,40.0,,nanica
2026-05-06,destino,CURVELO,35.0,,prata
2026-05-06,destino,DOURADOS,23.0,,nanica
2026-05-06,destino,GOVERNADOR VALADARES,3.0,,nanica
2026-05-06,destino,GOVERNADOR VALADARES,3.0,,outras
2026-05-06,destino,GOVERNADOR VALADARES,3.0,,prata
2026-05-06,destino,GUARULHOS,9.639,,prata
2026-05-06,destino,INOCÊNCIA,0.82,,nanica
2026-05-06,destino,INOCÊNCIA,0.056,,outras
2026-05-06,destino,INOCÊNCIA,1.149,,prata
2026-05-06,destino,ITAJUBÁ,3.0,,prata
2026-05-06,destino,ITUMBIARA,0.532,,nanica
2026-05-06,destino,ITUMBIARA,0.175,,outras
2026-05-06,destino,ITUMBIARA,0.576,,prata
2026-05-06,destino,JANAÚBA,43.16,,nanica
2026-05-06,destino,JANAÚBA,26.0,,prata
2026-05-06,destino,JARDINÓPOLIS,16.0,,nanica
2026-05-06,destino,JAÚ,19.5,,nanica
2026-05-06,destino,JOÃO MONLEVADE,25.0,,nanica
2026-05-06,destino,JOÃO MONLEVADE,4.0,,prata
2026-05-06,destino,JUIZ DE FORA,5.0,,nanica
2026-05-06,destino,JUNDIAÍ,36.8,,nanica
2026-05-06,destino,JUNDIAÍ,12.6,,prata
2026-05-06,destino,LORENA,0.8,,nanica
2026-05-06,destino,LORENA,0.8,,prata
2026-05-06,destino,MARINGÁ,39.8,,nanica
2026-05-06,destino,MINEIROS DO TIETÊ,25.05,,nanica
2026-05-06,destino,MINEIROS DO TIETÊ,3.3,,prata
2026-05-06,destino,MIRACATU,12.6,,nanica
2026-05-06,destino,MONTES CLAROS,3.0,,nanica
2026-05-06,destino,MONTES CLAROS,12.18,,prata
2026-05-06,destino,NITERÓI,10.0,,prata
2026-05-06,destino,NOVA ODESSA,10.0,,nanica
2026-05-06,destino,NOVA PORTEIRINHA,7.0,,prata
2026-05-06,destino,OSASCO,20.3,,nanica
2026-05-06,destino,OSASCO,10.44,,prata
2026-05-06,destino,PARAIBUNA,7.0,,nanica
2026-05-06,destino,PARANAÍBA,0.04,,outras
2026-05-06,destino,PARANAÍBA,0.036,,prata
2026-05-06,destino,PARAOPEBA,10.0,,nanica
2026-05-06,destino,PARAÍSO DAS ÁGUAS,0.1,,nanica
2026-05-06,destino,PARAÍSO DAS ÁGUAS,0.018,,outras
2026-05-06,destino,PARAÍSO DAS ÁGUAS,0.018,,prata
2026-05-06,destino,PATOS DE MINAS,4.0,,nanica
2026-05-06,destino,PATOS DE MINAS,6.0,,outras
2026-05-06,destino,PATOS DE MINAS,5.0,,prata
2026-05-06,destino,PETRÓPOLIS,1.5,,prata
2026-05-06,destino,PIAU,44.5,,nanica
2026-05-06,destino,PIAU,45.8,,prata
2026-05-06,destino,PIRANGUÇU,21.0,,nanica
2026-05-06,destino,PIRANGUÇU,9.5,,prata
2026-05-06,destino,QUIRINÓPOLIS,0.342,,nanica
2026-05-06,destino,QUIRINÓPOLIS,0.286,,outras
2026-05-06,destino,QUIRINÓPOLIS,0.396,,prata
2026-05-06,destino,RIBEIRÃO DAS NEVES,24.0,,prata
2026-05-06,destino,RIBEIRÃO PRETO,65.075,,nanica
2026-05-06,destino,RIBEIRÃO PRETO,10.08,,prata
2026-05-06,destino,RIO DE JANEIRO,50.0,,nanica
2026-05-06,destino,RIO DE JANEIRO,217.765,,prata
2026-05-06,destino,RIO VERDE,0.247,,nanica
2026-05-06,destino,RIO VERDE,0.053,,outras
2026-05-06,destino,RIO VERDE,0.18,,prata
2026-05-06,destino,SANTA BÁRBARA DO TUGÚRIO,3.0,,nanica
2026-05-06,destino,SANTA BÁRBARA DO TUGÚRIO,4.0,,prata
2026-05-06,destino,SANTO ANTÔNIO DO JARDIM,14.688,,nanica
2026-05-06,destino,SAPUCAÍ-MIRIM,4.0,,nanica
2026-05-06,destino,SAPUCAÍ-MIRIM,5.0,,prata
2026-05-06,destino,SEROPÉDICA,20.0,,prata
2026-05-06,destino,SUZANO,11.488,,prata
2026-05-06,destino,SÃO BERNARDO DO CAMPO,13.5,,prata
2026-05-06,destino,SÃO JOSÉ DO RIO PRETO,22.08,,nanica
2026-05-06,destino,SÃO JOSÉ DO RIO PRETO,12.0,,prata
2026-05-06,destino,SÃO JOSÉ DOS CAMPOS,5.75,,nanica
2026-05-06,destino,SÃO MATEUS,0.16,,prata
2026-05-06,destino,SÃO PAULO,16.0,,nanica
2026-05-06,destino,SÃO PAULO,61.492,,prata
2026-05-06,destino,TABOÃO DA SERRA,9.6,,prata
2026-05-06,destino,TAQUARAÇU DE MINAS,15.0,,prata
2026-05-06,destino,TAUBATÉ,2.0,,nanica
2026-05-06,destino,TAUBATÉ,4.0,,prata
2026-05-06,destino,TRÊS CORAÇÕES,15.0,,nanica
2026-05-06,destino,TRÊS RIOS,4.205,,nanica
2026-05-06,destino,TRÊS RIOS,0.045,,outras
2026-05-06,destino,TRÊS RIOS,2.205,,prata
2026-05-06,destino,UBERLÂNDIA,9.75,,nanica
2026-05-06,destino,UBERLÂNDIA,12.0,,prata
2026-05-06,destino,VITÓRIA DA CONQUISTA,1.8,,nanica
2026-05-06,destino,VITÓRIA DA CONQUISTA,0.24,,outras
2026-05-06,destino,VÁRZEA PAULISTA,27.0,,nanica
2026-05-06,origem,ARAÇUAÍ,64.87,,prata
2026-05-06,origem,BARBACENA,6.0,,prata
2026-05-06,origem,BRAZÓPOLIS,10.6,,nanica
2026-05-06,origem,BRAZÓPOLIS,8.6,,prata
2026-05-06,origem,CAPITÃO ENÉAS,8.0,,nanica
2026-05-06,origem,CAPITÃO ENÉAS,11.4,,prata
2026-05-06,origem,CARANGOLA,25.0,,nanica
2026-05-06,origem,CARANGOLA,4.0,,prata
2026-05-06,origem,CONTAGEM,91.1,,nanica
2026-05-06,origem,CURVELO,55.0,,nanica
2026-05-06,origem,CURVELO,35.0,,prata
2026-05-06,origem,CÁSSIA,3.3,,prata
2026-05-06,origem,DELFINÓPOLIS,4.35,,nanica
2026-05-06,origem,DELFINÓPOLIS,131.839,,prata
2026-05-06,origem,ESPINOSA,35.0,,prata
2026-05-06,origem,INHAPIM,5.0,,nanica
2026-05-06,origem,INHAPIM,5.0,,outras
2026-05-06,origem,INHAPIM,4.0,,prata
2026-05-06,origem,INIMUTABA,40.0,,nanica
2026-05-06,origem,INIMUTABA,20.0,,prata
2026-05-06,origem,IPATINGA,0.16,,prata
2026-05-06,origem,ITACARAMBI,61.0,,nanica
2026-05-06,origem,JANAÚBA,4.0,,nanica
2026-05-06,origem,JANAÚBA,55.0,,prata
2026-05-06,origem,JAÍBA,490.703,,nanica
2026-05-06,origem,JAÍBA,0.285,,outras
2026-05-06,origem,JAÍBA,129.34,,prata
2026-05-06,origem,JEQUITINHONHA,19.5,,prata
2026-05-06,origem,LAGOA FORMOSA,4.0,,nanica
2026-05-06,origem,LAGOA FORMOSA,6.0,,outras
2026-05-06,origem,LAGOA FORMOSA,5.0,,prata
2026-05-06,origem,LASSANCE,10.8,,prata
2026-05-06,origem,MANGA,29.38,,nanica
2026-05-06,origem,MARILAC,15.0,,prata
2026-05-06,origem,MATIAS CARDOSO,6.1,,prata
2026-05-06,origem,MONTES CLAROS,29.85,,prata
2026-05-06,origem,NOVA PORTEIRINHA,65.56,,prata
2026-05-06,origem,NOVA UNIÃO,55.0,,nanica
2026-05-06,origem,PARAISÓPOLIS,5.75,,nanica
2026-05-06,origem,PARAOPEBA,25.0,,nanica
2026-05-06,origem,PEDRALVA,3.0,,nanica
2026-05-06,origem,PEDRALVA,4.0,,prata
2026-05-06,origem,PEDRAS DE MARIA DA CRUZ,13.0,,prata
2026-05-06,origem,PIAU,51.5,,nanica
2026-05-06,origem,PIAU,47.3,,prata
2026-05-06,origem,PIRANGUÇU,25.0,,nanica
2026-05-06,origem,PIRANGUÇU,14.5,,prata
2026-05-06,origem,PIRAPORA,24.438,,nanica
2026-05-06,origem,PIRAPORA,24.0,,prata
2026-05-06,origem,PORTEIRINHA,14.5,,prata
2026-05-06,origem,SANTO HIPÓLITO,21.0,,prata
2026-05-06,origem,SÃO FRANCISCO,24.0,,prata
2026-05-06,origem,SÃO JOAQUIM DE BICAS,15.0,,nanica
2026-05-06,origem,SÃO JOAQUIM DE BICAS,15.0,,prata
2026-05-06,origem,UBAPORANGA,3.0,,nanica
2026-05-06,origem,UBAPORANGA,3.0,,outras
2026-05-06,origem,UBAPORANGA,3.0,,prata
2026-05-06,origem,UBERLÂNDIA,2.56,,nanica
2026-05-06,origem,UBERLÂNDIA,0.764,,outras
2026-05-06,origem,UBERLÂNDIA,2.871,,prata
2026-05-06,origem,VERDELÂNDIA,13.5,,nanica
2026-05-06,origem,VERDELÂNDIA,40.1,,prata
2026-05-07,destino,AMERICANA,13.5,,prata
2026-05-07,destino,ANDRADAS,2.5,,nanica
2026-05-07,destino,ANDRADAS,2.5,,prata
2026-05-07,destino,APARECIDA DE GOIÂNIA,3.0,,outras
2026-05-07,destino,APARECIDA DE GOIÂNIA,16.35,,prata
2026-05-07,destino,ARAÇATUBA,24.0,,nanica
2026-05-07,destino,BARBACENA,6.0,,nanica
2026-05-07,destino,BARBACENA,3.0,,prata
2026-05-07,destino,BOTELHOS,1.0,,nanica
2026-05-07,destino,BOTELHOS,3.0,,prata
2026-05-07,destino,BRASÍLIA,17.64,,nanica
2026-05-07,destino,BRASÍLIA,2.4,,outras
2026-05-07,destino,BRAZÓPOLIS,15.0,,prata
2026-05-07,destino,BURITI ALEGRE,2.0,,outras
2026-05-07,destino,CAJATI,16.5,,nanica
2026-05-07,destino,CAJATI,4.5,,prata
2026-05-07,destino,CAMPINAS,92.728,,nanica
2026-05-07,destino,CAMPINAS,51.42,,prata
2026-05-07,destino,CAMPO GRANDE,65.26,,nanica
2026-05-07,destino,CAMPO GRANDE,3.0,,prata
2026-05-07,destino,CARATINGA,14.0,,nanica
2026-05-07,destino,CARATINGA,4.0,,outras
2026-05-07,destino,CARATINGA,26.0,,prata
2026-05-07,destino,CATALÃO,0.191,,nanica
2026-05-07,destino,CATALÃO,0.364,,outras
2026-05-07,destino,CATALÃO,0.33,,prata
2026-05-07,destino,CONTAGEM,355.874,,nanica
2026-05-07,destino,CONTAGEM,8.415,,outras
2026-05-07,destino,CONTAGEM,172.592,,prata
2026-05-07,destino,CUMARI,0.09,,outras
2026-05-07,destino,DIVINÓPOLIS,18.03,,prata
2026-05-07,destino,DOURADOS,22.0,,nanica
2026-05-07,destino,DOURADOS,0.72,,prata
2026-05-07,destino,FOZ DO IGUAÇU,11.438,,prata
2026-05-07,destino,FRANCA,23.0,,nanica
2026-05-07,destino,FRANCA,7.92,,prata
2026-05-07,destino,GOIÂNIA,3.9,,outras
2026-05-07,destino,GUARATINGUETÁ,1.75,,prata
2026-05-07,destino,GUARULHOS,13.5,,nanica
2026-05-07,destino,GUARULHOS,25.86,,prata
2026-05-07,destino,ITAJUBÁ,1.0,,nanica
2026-05-07,destino,ITAJUBÁ,1.0,,prata
2026-05-07,destino,ITUIUTABA,1.6,,outras
2026-05-07,destino,JALES,13.5,,nanica
2026-05-07,destino,JANAÚBA,62.46,,nanica
2026-05-07,destino,JORDÂNIA,0.6,,prata
2026-05-07,destino,JUIZ DE FORA,1.0,,nanica
2026-05-07,destino,JUIZ DE FORA,10.76,,prata
2026-05-07,destino,JUNDIAÍ,47.3,,prata
2026-05-07,destino,LORENA,1.0,,nanica
2026-05-07,destino,LORENA,1.5,,prata
2026-05-07,destino,MATEUS LEME,5.6,,prata
2026-05-07,destino,MIRACATU,30.8,,nanica
2026-05-07,destino,NITERÓI,36.0,,prata
2026-05-07,destino,NOVA PORTEIRINHA,15.0,,prata
2026-05-07,destino,OSASCO,31.412,,nanica
2026-05-07,destino,OSASCO,1.3,,outras
2026-05-07,destino,OSASCO,16.97,,prata
2026-05-07,destino,PARAIBUNA,12.4,,nanica
2026-05-07,destino,PARÁ DE MINAS,15.0,,prata
2026-05-07,destino,PIAU,18.0,,nanica
2026-05-07,destino,PIAU,0.5,,prata
2026-05-07,destino,PINDAMONHANGABA,1.0,,nanica
2026-05-07,destino,PINDAMONHANGABA,1.0,,prata
2026-05-07,destino,POTIM,1.5,,nanica
2026-05-07,destino,POUSO ALEGRE,15.0,,nanica
2026-05-07,destino,POUSO ALEGRE,15.0,,prata
2026-05-07,destino,POÇOS DE CALDAS,6.3,,prata
2026-05-07,destino,QUIRINÓPOLIS,0.768,,nanica
2026-05-07,destino,QUIRINÓPOLIS,0.96,,prata
2026-05-07,destino,REGISTRO,15.0,,nanica
2026-05-07,destino,RIBEIRÃO PRETO,70.455,,nanica
2026-05-07,destino,RIBEIRÃO PRETO,8.1,,outras
2026-05-07,destino,RIBEIRÃO PRETO,21.21,,prata
2026-05-07,destino,RIO DE JANEIRO,42.38,,nanica
2026-05-07,destino,RIO DE JANEIRO,3.3,,outras
2026-05-07,destino,RIO DE JANEIRO,171.32,,prata
2026-05-07,destino,SANTA BÁRBARA D'OESTE,12.0,,nanica
2026-05-07,destino,SANTA LEOPOLDINA,18.0,,prata
2026-05-07,destino,SANTA RITA DO SAPUCAÍ,9.0,,prata
2026-05-07,destino,SANTO ANTÔNIO DO JARDIM,15.6,,nanica
2026-05-07,destino,SEROPÉDICA,12.0,,prata
2026-05-07,destino,SÃO BERNARDO DO CAMPO,13.295,,prata
2026-05-07,destino,SÃO FRANCISCO,3.5,,prata
2026-05-07,destino,SÃO JOSÉ DO RIO PRETO,33.03,,nanica
2026-05-07,destino,SÃO JOSÉ DOS CAMPOS,6.0,,prata
2026-05-07,destino,SÃO JOÃO DA BOA VISTA,4.5,,nanica
2026-05-07,destino,SÃO JOÃO DA BOA VISTA,3.5,,prata
2026-05-07,destino,SÃO PAULO,122.843,,nanica
2026-05-07,destino,SÃO PAULO,1.65,,outras
2026-05-07,destino,SÃO PAULO,79.574,,prata
2026-05-07,destino,TABOÃO DA SERRA,15.0,,prata
2026-05-07,destino,TAUBATÉ,1.25,,nanica
2026-05-07,destino,TAUBATÉ,1.25,,prata
2026-05-07,destino,TEÓFILO OTONI,20.0,,prata
2026-05-07,destino,TRÊS RIOS,7.415,,nanica
2026-05-07,destino,TRÊS RIOS,0.03,,outras
2026-05-07,destino,TRÊS RIOS,5.1,,prata
2026-05-07,destino,UBERLÂNDIA,65.5,,nanica
2026-05-07,destino,UBERLÂNDIA,51.8,,outras
2026-05-07,destino,UBERLÂNDIA,87.9,,prata
2026-05-07,destino,UNAÍ,1.05,,nanica
2026-05-07,destino,UNAÍ,1.05,,prata
2026-05-07,destino,VARGINHA,15.0,,prata
2026-05-07,destino,VITÓRIA DA CONQUISTA,1.8,,nanica
2026-05-07,destino,VITÓRIA DA CONQUISTA,0.24,,outras
2026-05-07,destino,VOTORANTIM,13.12,,prata
2026-05-07,destino,VÁRZEA PAULISTA,40.7,,nanica
2026-05-07,destino,VÁRZEA PAULISTA,30.5,,prata
2026-05-07,origem,ANDRADAS,7.0,,nanica
2026-05-07,origem,ANDRADAS,12.3,,prata
2026-05-07,origem,ARAGUARI,12.0,,nanica
2026-05-07,origem,ARAGUARI,3.0,,outras
2026-05-07,origem,ARAÇUAÍ,24.0,,prata
2026-05-07,origem,BALDIM,2.0,,nanica
2026-05-07,origem,BOCAIÚVA,16.0,,prata
2026-05-07,origem,BOTELHOS,1.0,,nanica
2026-05-07,origem,BOTELHOS,3.0,,prata
2026-05-07,origem,BRAZÓPOLIS,33.15,,nanica
2026-05-07,origem,BRAZÓPOLIS,66.5,,prata
2026-05-07,origem,CAMPINA VERDE,3.675,,outras
2026-05-07,origem,CANÁPOLIS,14.1,,outras
2026-05-07,origem,CAPITÃO ENÉAS,24.0,,prata
2026-05-07,origem,CARATINGA,2.0,,nanica
2026-05-07,origem,CARATINGA,1.0,,outras
2026-05-07,origem,CARATINGA,4.0,,prata
2026-05-07,origem,CENTRALINA,3.9,,outras
2026-05-07,origem,CONTAGEM,232.104,,nanica
2026-05-07,origem,CONTAGEM,3.99,,outras
2026-05-07,origem,CONTAGEM,102.942,,prata
2026-05-07,origem,CORINTO,30.76,,prata
2026-05-07,origem,CURVELO,15.0,,nanica
2026-05-07,origem,CÁSSIA,26.62,,prata
2026-05-07,origem,DELFINÓPOLIS,159.803,,prata
2026-05-07,origem,DOM CAVATI,10.0,,nanica
2026-05-07,origem,DOM CAVATI,20.0,,prata
2026-05-07,origem,IMBÉ DE MINAS,2.0,,nanica
2026-05-07,origem,IMBÉ DE MINAS,3.0,,outras
2026-05-07,origem,IMBÉ DE MINAS,2.0,,prata
2026-05-07,origem,INDIANÓPOLIS,15.0,,prata
2026-05-07,origem,ITACARAMBI,56.0,,nanica
2026-05-07,origem,JACINTO,12.0,,prata
2026-05-07,origem,JANAÚBA,11.52,,nanica
2026-05-07,origem,JANAÚBA,74.82,,prata
2026-05-07,origem,JAÍBA,678.758,,nanica
2026-05-07,origem,JAÍBA,6.97,,outras
2026-05-07,origem,JAÍBA,118.014,,prata
2026-05-07,origem,JEQUITINHONHA,0.6,,prata
2026-05-07,origem,LASSANCE,48.68,,nanica
2026-05-07,origem,LASSANCE,40.7,,prata
2026-05-07,origem,MANGA,23.1,,nanica
2026-05-07,origem,MARILAC,18.0,,prata
2026-05-07,origem,MATIAS CARDOSO,16.8,,nanica
2026-05-07,origem,MONTE ALEGRE DE MINAS,5.0,,outras
2026-05-07,origem,MONTES CLAROS,14.0,,prata
2026-05-07,origem,NOVA PORTEIRINHA,6.0,,nanica
2026-05-07,origem,NOVA PORTEIRINHA,88.69,,prata
2026-05-07,origem,NOVA UNIÃO,10.5,,nanica
2026-05-07,origem,PAULISTAS,15.6,,prata
2026-05-07,origem,PIAU,18.0,,nanica
2026-05-07,origem,PIAU,3.3,,outras
2026-05-07,origem,PIAU,0.5,,prata
2026-05-07,origem,PIRAPORA,28.13,,prata
2026-05-07,origem,SANTA BÁRBARA DO TUGÚRIO,6.0,,nanica
2026-05-07,origem,SANTA BÁRBARA DO TUGÚRIO,3.0,,prata
2026-05-07,origem,SÃO FRANCISCO,1.05,,nanica
2026-05-07,origem,SÃO FRANCISCO,27.05,,prata
2026-05-07,origem,SÃO JOSÉ DA VARGINHA,15.0,,prata
2026-05-07,origem,TEÓFILO OTONI,20.0,,prata
2026-05-07,origem,UBERLÂNDIA,54.459,,nanica
2026-05-07,origem,UBERLÂNDIA,44.254,,outras
2026-05-07,origem,UBERLÂNDIA,59.79,,prata
2026-05-07,origem,UNAÍ,2.4,,prata
2026-05-07,origem,VERDELÂNDIA,30.435,,nanica
2026-05-07,origem,VERDELÂNDIA,31.5,,prata
2026-05-08,destino,ALTEROSA,7.648,,prata
2026-05-08,destino,ANDRADAS,5.7,,prata
2026-05-08,destino,ARCOS,9.45,,prata
2026-05-08,destino,BARUERI,3.5,,nanica
2026-05-08,destino,BARUERI,9.5,,prata
2026-05-08,destino,BAURU,12.15,,prata
2026-05-08,destino,BELO HORIZONTE,4.0,,nanica
2026-05-08,destino,BELO HORIZONTE,1.0,,outras
2026-05-08,destino,BELO HORIZONTE,10.0,,prata
2026-05-08,destino,BOTELHOS,1.5,,prata
2026-05-08,destino,BRASÍLIA,16.5,,prata
2026-05-08,destino,BRAZÓPOLIS,38.3,,prata
2026-05-08,destino,CAMPINAS,189.692,,nanica
2026-05-08,destino,CAMPINAS,3.51,,outras
2026-05-08,destino,CAMPINAS,73.285,,prata
2026-05-08,destino,CAMPO GRANDE,75.46,,nanica
2026-05-08,destino,CAMPO GRANDE,10.32,,prata
2026-05-08,destino,CAMPOS DO JORDÃO,0.5,,nanica
2026-05-08,destino,CAMPOS DO JORDÃO,0.5,,prata
2026-05-08,destino,CAPELINHA,7.6,,prata
2026-05-08,destino,CARATINGA,5.0,,nanica
2026-05-08,destino,CARATINGA,5.0,,outras
2026-05-08,destino,CARATINGA,7.0,,prata
2026-05-08,destino,CATALÃO,0.112,,nanica
2026-05-08,destino,CATALÃO,0.292,,outras
2026-05-08,destino,CATALÃO,0.128,,prata
2026-05-08,destino,CHAPADÃO DO CÉU,0.018,,outras
2026-05-08,destino,CHAPADÃO DO SUL,0.09,,outras
2026-05-08,destino,CHAPADÃO DO SUL,0.19,,prata
2026-05-08,destino,COIMBRA,3.0,,prata
2026-05-08,destino,CONTAGEM,352.77,,nanica
2026-05-08,destino,CONTAGEM,23.585,,outras
2026-05-08,destino,CONTAGEM,392.305,,prata
2026-05-08,destino,COSTA RICA,0.038,,nanica
2026-05-08,destino,CRISTINA,14.0,,prata
2026-05-08,destino,DIVINÓPOLIS,4.95,,prata
2026-05-08,destino,DUQUE DE CAXIAS,12.0,,nanica
2026-05-08,destino,FRANCA,14.0,,nanica
2026-05-08,destino,GUANHÃES,4.0,,nanica
2026-05-08,destino,GUANHÃES,11.0,,prata
2026-05-08,destino,GUARATINGUETÁ,3.0,,nanica
2026-05-08,destino,GUARATINGUETÁ,1.125,,prata
2026-05-08,destino,GUARULHOS,13.5,,nanica
2026-05-08,destino,GUARULHOS,13.86,,prata
2026-05-08,destino,ICONHA,10.5,,prata
2026-05-08,destino,INOCÊNCIA,0.057,,nanica
2026-05-08,destino,INOCÊNCIA,0.018,,outras
2026-05-08,destino,INOCÊNCIA,0.038,,prata
2026-05-08,destino,IPAMERI,0.064,,nanica
2026-05-08,destino,IPAMERI,0.216,,outras
2026-05-08,destino,IPAMERI,0.064,,prata
2026-05-08,destino,IPATINGA,8.0,,prata
2026-05-08,destino,ITAJUBÁ,17.66,,prata
2026-05-08,destino,ITAPERUNA,0.5,,nanica
2026-05-08,destino,ITAPERUNA,0.5,,prata
2026-05-08,destino,ITARIRI,15.0,,nanica
2026-05-08,destino,ITARIRI,21.006,,prata
2026-05-08,destino,ITUMBIARA,2.033,,nanica
2026-05-08,destino,ITUMBIARA,0.381,,outras
2026-05-08,destino,ITUMBIARA,0.638,,prata
2026-05-08,destino,JACAREÍ,13.86,,nanica
2026-05-08,destino,JANAÚBA,43.79,,nanica
2026-05-08,destino,JANAÚBA,16.0,,prata
2026-05-08,destino,JARDINÓPOLIS,13.88,,nanica
2026-05-08,destino,JUIZ DE FORA,10.0,,prata
2026-05-08,destino,JUNDIAÍ,24.1,,prata
2026-05-08,destino,LAMBARI,1.0,,prata
2026-05-08,destino,LAVRAS,0.2,,nanica
2026-05-08,destino,LAVRAS,3.0,,prata
2026-05-08,destino,LONDRINA,7.323,,prata
2026-05-08,destino,LORENA,0.5,,nanica
2026-05-08,destino,LORENA,0.7,,prata
2026-05-08,destino,LOUVEIRA,13.504,,nanica
2026-05-08,destino,MARINGÁ,41.9,,nanica
2026-05-08,destino,MIRACATU,19.6,,nanica
2026-05-08,destino,MIRACATU,2.0,,prata
2026-05-08,destino,MONTES CLAROS,17.58,,nanica
2026-05-08,destino,MONTES CLAROS,3.0,,outras
2026-05-08,destino,MONTES CLAROS,128.78,,prata
2026-05-08,destino,NITERÓI,34.0,,prata
2026-05-08,destino,PARAIBUNA,31.268,,nanica
2026-05-08,destino,PARANAÍBA,0.038,,nanica
2026-05-08,destino,PARAOPEBA,135.0,,nanica
2026-05-08,destino,PARAOPEBA,75.0,,prata
2026-05-08,destino,PATOS DE MINAS,0.95,,nanica
2026-05-08,destino,PATOS DE MINAS,14.0,,prata
2026-05-08,destino,PEDRALVA,28.888,,nanica
2026-05-08,destino,PEDRALVA,1.1,,prata
2026-05-08,destino,PIAU,3.5,,nanica
2026-05-08,destino,PIAU,9.75,,prata
2026-05-08,destino,PIEDADE DE CARATINGA,11.0,,prata
2026-05-08,destino,PINDAMONHANGABA,3.0,,nanica
2026-05-08,destino,PINDAMONHANGABA,6.0,,prata
2026-05-08,destino,PIRAPORA,30.0,,prata
2026-05-08,destino,POUSO ALEGRE,30.0,,prata
2026-05-08,destino,POÇOS DE CALDAS,13.0,,prata
2026-05-08,destino,QUIRINÓPOLIS,1.159,,nanica
2026-05-08,destino,QUIRINÓPOLIS,0.386,,outras
2026-05-08,destino,QUIRINÓPOLIS,0.284,,prata
2026-05-08,destino,RECREIO,2.0,,prata
2026-05-08,destino,RIBEIRÃO DAS NEVES,12.0,,prata
2026-05-08,destino,RIBEIRÃO PRETO,132.819,,nanica
2026-05-08,destino,RIBEIRÃO PRETO,37.53,,prata
2026-05-08,destino,RIO DE JANEIRO,18.0,,nanica
2026-05-08,destino,RIO DE JANEIRO,0.81,,outras
2026-05-08,destino,RIO DE JANEIRO,490.32,,prata
2026-05-08,destino,RIO VERDE,0.874,,nanica
2026-05-08,destino,RIO VERDE,0.106,,outras
2026-05-08,destino,RIO VERDE,0.142,,prata
2026-05-08,destino,SANTO ANTÔNIO DO JARDIM,4.8,,prata
2026-05-08,destino,SOROCABA,11.52,,prata
2026-05-08,destino,SUZANO,11.488,,prata
2026-05-08,destino,SÃO BERNARDO DO CAMPO,40.575,,prata
2026-05-08,destino,SÃO CAETANO DO SUL,2.642,,nanica
2026-05-08,destino,SÃO CAETANO DO SUL,9.958,,prata
2026-05-08,destino,SÃO FRANCISCO,2.3,,prata
2026-05-08,destino,SÃO GONÇALO,18.4,,prata
2026-05-08,destino,SÃO JOSÉ DO RIO PRETO,25.632,,nanica
2026-05-08,destino,SÃO JOSÉ DO RIO PRETO,10.368,,prata
2026-05-08,destino,SÃO JOSÉ DOS CAMPOS,13.0,,prata
2026-05-08,destino,SÃO PAULO,89.674,,nanica
2026-05-08,destino,SÃO PAULO,96.45,,prata
2026-05-08,destino,TAUBATÉ,16.2,,prata
2026-05-08,destino,TRÊS RIOS,1.5,,nanica
2026-05-08,destino,TRÊS RIOS,0.015,,outras
2026-05-08,destino,TRÊS RIOS,1.5,,prata
2026-05-08,destino,UBERLÂNDIA,13.6,,nanica
2026-05-08,destino,UBERLÂNDIA,15.0,,outras
2026-05-08,destino,UBERLÂNDIA,37.004,,prata
2026-05-08,destino,VÁRZEA PAULISTA,18.15,,nanica
2026-05-08,destino,VÁRZEA PAULISTA,14.1,,prata
2026-05-08,origem,ANDRADAS,14.5,,prata
2026-05-08,origem,ARAÇUAÍ,100.0,,prata
2026-05-08,origem,BRAZÓPOLIS,8.656,,nanica
2026-05-08,origem,BRAZÓPOLIS,55.96,,prata
2026-05-08,origem,CANTAGALO,4.0,,nanica
2026-05-08,origem,CANTAGALO,11.0,,prata
2026-05-08,origem,CANÁPOLIS,15.0,,outras
2026-05-08,origem,CAPITÃO ENÉAS,35.46,,nanica
2026-05-08,origem,CAPITÃO ENÉAS,59.0,,prata
2026-05-08,origem,CARANGOLA,0.5,,nanica
2026-05-08,origem,CARANGOLA,0.5,,prata
2026-05-08,origem,COIMBRA,3.0,,prata
2026-05-08,origem,CONGONHAL,12.2,,nanica
2026-05-08,origem,CONTAGEM,96.215,,nanica
2026-05-08,origem,CONTAGEM,3.56,,outras
2026-05-08,origem,CONTAGEM,82.205,,prata
2026-05-08,origem,CORINTO,21.0,,prata
2026-05-08,origem,CÁSSIA,107.16,,prata
2026-05-08,origem,DELFINÓPOLIS,163.034,,prata
2026-05-08,origem,ESPINOSA,34.0,,prata
2026-05-08,origem,FRANCISCO SÁ,40.4,,nanica
2026-05-08,origem,FREI INOCÊNCIO,15.0,,prata
2026-05-08,origem,GONÇALVES,1.6,,prata
2026-05-08,origem,IAPU,7.5,,nanica
2026-05-08,origem,IAPU,7.5,,outras
2026-05-08,origem,INDIANÓPOLIS,6.5,,prata
2026-05-08,origem,ITACARAMBI,50.68,,nanica
2026-05-08,origem,ITACARAMBI,8.325,,outras
2026-05-08,origem,ITACARAMBI,14.43,,prata
2026-05-08,origem,ITAJUBÁ,5.0,,prata
2026-05-08,origem,ITAOBIM,37.1,,prata
2026-05-08,origem,ITINGA,8.0,,prata
2026-05-08,origem,JANAÚBA,10.0,,nanica
2026-05-08,origem,JANAÚBA,141.6,,prata
2026-05-08,origem,JAÍBA,646.127,,nanica
2026-05-08,origem,JAÍBA,5.535,,outras
2026-05-08,origem,JAÍBA,196.085,,prata
2026-05-08,origem,JEQUITINHONHA,63.6,,prata
2026-05-08,origem,LAMBARI,1.0,,prata
2026-05-08,origem,LASSANCE,25.037,,nanica
2026-05-08,origem,LASSANCE,109.823,,prata
2026-05-08,origem,LAVRAS,0.2,,nanica
2026-05-08,origem,LAVRAS,3.0,,prata
2026-05-08,origem,MANGA,11.25,,nanica
2026-05-08,origem,MARILAC,39.0,,prata
2026-05-08,origem,MATIAS CARDOSO,65.88,,nanica
2026-05-08,origem,MATIAS CARDOSO,9.0,,prata
2026-05-08,origem,MONTES CLAROS,8.1,,nanica
2026-05-08,origem,MONTES CLAROS,135.72,,prata
2026-05-08,origem,NOVA PORTEIRINHA,172.523,,prata
2026-05-08,origem,NOVA UNIÃO,75.0,,nanica
2026-05-08,origem,PARAISÓPOLIS,1.4,,prata
2026-05-08,origem,PARAOPEBA,135.0,,nanica
2026-05-08,origem,PARAOPEBA,75.0,,prata
2026-05-08,origem,PEDRALVA,40.9,,nanica
2026-05-08,origem,PEDRALVA,15.1,,prata
2026-05-08,origem,PEQUI,4.0,,nanica
2026-05-08,origem,PEQUI,1.0,,outras
2026-05-08,origem,PEQUI,10.0,,prata
2026-05-08,origem,PIAU,3.5,,nanica
2026-05-08,origem,PIRANGUÇU,6.0,,nanica
2026-05-08,origem,PIRANGUÇU,4.125,,prata
2026-05-08,origem,PIRAPORA,0.95,,nanica
2026-05-08,origem,PIRAPORA,97.0,,prata
2026-05-08,origem,PORTEIRINHA,11.5,,prata
2026-05-08,origem,SÃO FRANCISCO,14.0,,prata
2026-05-08,origem,SÃO JOÃO BATISTA DO GLÓRIA,13.5,,prata
2026-05-08,origem,TOCANTINS,2.0,,prata
2026-05-08,origem,UBAPORANGA,11.0,,nanica
2026-05-08,origem,UBAPORANGA,11.0,,outras
2026-05-08,origem,UBAPORANGA,10.0,,prata
2026-05-08,origem,UBERLÂNDIA,29.375,,nanica
2026-05-08,origem,UBERLÂNDIA,1.507,,outras
2026-05-08,origem,UBERLÂNDIA,31.484,,prata
2026-05-08,origem,VERDELÂNDIA,38.804,,nanica
2026-05-08,origem,VERDELÂNDIA,59.66,,prata
2026-05-09,destino,CAMPINAS,11.52,,prata
2026-05-09,destino,CASSILÂNDIA,0.072,,prata
2026-05-09,destino,CHAPADÃO DO SUL,0.04,,nanica
2026-05-09,destino,CHAPADÃO DO SUL,0.038,,outras
2026-05-09,destino,CHAPADÃO DO SUL,0.144,,prata
2026-05-09,destino,CONTAGEM,32.15,,nanica
2026-05-09,destino,CONTAGEM,37.5,,prata
2026-05-09,destino,INOCÊNCIA,0.96,,nanica
2026-05-09,destino,INOCÊNCIA,0.094,,outras
2026-05-09,destino,INOCÊNCIA,0.198,,prata
2026-05-09,destino,JARDINÓPOLIS,15.0,,nanica
2026-05-09,destino,MONTES CLAROS,8.75,,prata
2026-05-09,destino,PARAÍSO DAS ÁGUAS,0.08,,nanica
2026-05-09,destino,PARAÍSO DAS ÁGUAS,0.038,,outras
2026-05-09,destino,PARAÍSO DAS ÁGUAS,0.018,,prata
2026-05-09,destino,RIBEIRÃO DAS NEVES,13.5,,nanica
2026-05-09,destino,RIBEIRÃO DAS NEVES,14.0,,prata
2026-05-09,destino,RIBEIRÃO PRETO,10.8,,prata
2026-05-09,destino,RIO DE JANEIRO,40.16,,nanica
2026-05-09,destino,RIO DE JANEIRO,83.0,,prata
2026-05-09,destino,SÃO FRANCISCO,6.0,,nanica
2026-05-09,destino,SÃO PAULO,21.0,,nanica
2026-05-09,destino,TRÊS RIOS,1.8,,nanica
2026-05-09,destino,TRÊS RIOS,0.045,,outras
2026-05-09,destino,TRÊS RIOS,1.8,,prata
2026-05-09,destino,VITÓRIA DA CONQUISTA,2.25,,nanica
2026-05-09,destino,VITÓRIA DA CONQUISTA,0.24,,outras
2026-05-09,destino,VÁRZEA PAULISTA,27.0,,nanica
2026-05-09,origem,CLARO DOS POÇÕES,19.0,,prata
2026-05-09,origem,CORINTO,13.5,,nanica
2026-05-09,origem,CÁSSIA,11.52,,prata
2026-05-09,origem,ITACARAMBI,25.8,,nanica
2026-05-09,origem,ITACARAMBI,0.045,,outras
2026-05-09,origem,ITACARAMBI,21.3,,prata
2026-05-09,origem,JANAÚBA,18.0,,prata
2026-05-09,origem,JAÍBA,98.56,,nanica
2026-05-09,origem,JAÍBA,0.24,,outras
2026-05-09,origem,LASSANCE,21.0,,nanica
2026-05-09,origem,LASSANCE,40.55,,prata
2026-05-09,origem,NOVA PORTEIRINHA,22.0,,prata
2026-05-09,origem,PIRAPORA,14.0,,prata
2026-05-09,origem,SÃO FRANCISCO,21.0,,prata
2026-05-09,origem,UBERLÂNDIA,1.08,,nanica
2026-05-09,origem,UBERLÂNDIA,0.17,,outras
2026-05-09,origem,UBERLÂNDIA,0.432,,prata
2026-05-14,destino,ARAÇATUBA,24.0,,nanica
2026-05-14,destino,ARCOS,9.45,,prata
2026-05-14,destino,BOTELHOS,9.0,,prata
2026-05-14,destino,BRASÍLIA,24.95,,nanica
2026-05-14,destino,BRASÍLIA,1.5,,outras
2026-05-14,destino,BRASÍLIA,2.0,,prata
2026-05-14,destino,BRAZÓPOLIS,13.0,,nanica
2026-05-14,destino,BRAZÓPOLIS,10.0,,prata
2026-05-14,destino,CAMPESTRE,1.5,,nanica
2026-05-14,destino,CAMPESTRE,3.0,,prata
2026-05-14,destino,CAMPINAS,122.857,,nanica
2026-05-14,destino,CAMPINAS,48.75,,prata
2026-05-14,destino,CAMPO GRANDE,24.24,,nanica
2026-05-14,destino,CARMO DE MINAS,8.0,,nanica
2026-05-14,destino,CARMO DE MINAS,10.0,,prata
2026-05-14,destino,CATALÃO,0.112,,nanica
2026-05-14,destino,CATALÃO,0.116,,outras
2026-05-14,destino,CATALÃO,0.264,,prata
2026-05-14,destino,CATANDUVA,12.0,,nanica
2026-05-14,destino,CATANDUVA,1.8,,prata
2026-05-14,destino,CONTAGEM,347.41,,nanica
2026-05-14,destino,CONTAGEM,10.515,,outras
2026-05-14,destino,CONTAGEM,200.885,,prata
2026-05-14,destino,CUMARI,0.036,,outras
2026-05-14,destino,CURVELO,64.2,,nanica
2026-05-14,destino,CURVELO,6.95,,prata
2026-05-14,destino,DIVINÓPOLIS,13.98,,prata
2026-05-14,destino,DOURADOS,19.0,,nanica
2026-05-14,destino,DOURADOS,0.72,,prata
2026-05-14,destino,FARTURA,19.2,,nanica
2026-05-14,destino,FARTURA,2.2,,prata
2026-05-14,destino,FOZ DO IGUAÇU,11.704,,prata
2026-05-14,destino,FRANCA,36.0,,nanica
2026-05-14,destino,FRANCA,14.72,,prata
2026-05-14,destino,GOIÂNIA,2.0,,outras
2026-05-14,destino,GUARANÉSIA,5.0,,prata
2026-05-14,destino,GUARATINGUETÁ,1.75,,prata
2026-05-14,destino,JALES,13.5,,nanica
2026-05-14,destino,JANAÚBA,118.85,,nanica
2026-05-14,destino,JUIZ DE FORA,9.08,,prata
2026-05-14,destino,JUNDIAÍ,36.4,,nanica
2026-05-14,destino,JUNDIAÍ,47.6,,prata
2026-05-14,destino,LORENA,1.0,,nanica
2026-05-14,destino,LORENA,1.5,,prata
2026-05-14,destino,MATEUS LEME,4.8,,prata
2026-05-14,destino,MINEIROS DO TIETÊ,3.75,,prata
2026-05-14,destino,MIRACATU,18.0,,nanica
2026-05-14,destino,MONTES CLAROS,24.06,,prata
2026-05-14,destino,NITERÓI,34.0,,prata
2026-05-14,destino,NOVA PORTEIRINHA,7.0,,prata
2026-05-14,destino,OSASCO,40.49,,nanica
2026-05-14,destino,OSASCO,1.3,,outras
2026-05-14,destino,OSASCO,42.25,,prata
2026-05-14,destino,PARAIBUNA,1.222,,nanica
2026-05-14,destino,PARAIBUNA,1.1,,prata
2026-05-14,destino,PARAOPEBA,7.0,,nanica
2026-05-14,destino,PARAOPEBA,18.0,,prata
2026-05-14,destino,PETRÓPOLIS,1.5,,prata
2026-05-14,destino,PINDAMONHANGABA,1.0,,nanica
2026-05-14,destino,PINDAMONHANGABA,1.0,,prata
2026-05-14,destino,POTIM,1.5,,nanica
2026-05-14,destino,POÇO FUNDO,4.0,,prata
2026-05-14,destino,QUIRINÓPOLIS,0.44,,nanica
2026-05-14,destino,QUIRINÓPOLIS,0.64,,prata
2026-05-14,destino,RAUL SOARES,10.0,,outras
2026-05-14,destino,RIBEIRÃO DAS NEVES,12.0,,nanica
2026-05-14,destino,RIBEIRÃO PRETO,66.89,,nanica
2026-05-14,destino,RIBEIRÃO PRETO,23.7,,prata
2026-05-14,destino,RIO DE JANEIRO,50.88,,nanica
2026-05-14,destino,RIO DE JANEIRO,277.19,,prata
2026-05-14,destino,SANTA BÁRBARA DO TUGÚRIO,4.0,,nanica
2026-05-14,destino,SANTA BÁRBARA DO TUGÚRIO,2.0,,prata
2026-05-14,destino,SANTA ISABEL,12.0,,prata
2026-05-14,destino,SANTO ANDRÉ,13.8,,prata
2026-05-14,destino,SANTO ANTÔNIO DO JARDIM,30.16,,nanica
2026-05-14,destino,SEROPÉDICA,12.0,,prata
2026-05-14,destino,SÃO BERNARDO DO CAMPO,26.885,,prata
2026-05-14,destino,SÃO FRANCISCO,4.0,,prata
2026-05-14,destino,SÃO JOSÉ DO RIO PRETO,36.03,,nanica
2026-05-14,destino,SÃO PAULO,61.931,,nanica
2026-05-14,destino,SÃO PAULO,91.998,,prata
2026-05-14,destino,TABOÃO DA SERRA,1.5,,outras
2026-05-14,destino,TABOÃO DA SERRA,13.5,,prata
2026-05-14,destino,TAQUARAÇU DE MINAS,14.0,,nanica
2026-05-14,destino,TAUBATÉ,1.25,,nanica
2026-05-14,destino,TAUBATÉ,1.25,,prata
2026-05-14,destino,TRÊS CORAÇÕES,17.0,,nanica
2026-05-14,destino,TRÊS CORAÇÕES,0.09,,outras
2026-05-14,destino,TRÊS CORAÇÕES,15.0,,prata
2026-05-14,destino,TRÊS RIOS,2.1,,nanica
2026-05-14,destino,TRÊS RIOS,0.015,,outras
2026-05-14,destino,TRÊS RIOS,1.95,,prata
2026-05-14,destino,UBERLÂNDIA,15.0,,nanica
2026-05-14,destino,UBERLÂNDIA,40.8,,outras
2026-05-14,destino,UBERLÂNDIA,59.324,,prata
2026-05-14,destino,VITÓRIA DA CONQUISTA,0.75,,nanica
2026-05-14,destino,VITÓRIA DA CONQUISTA,0.255,,outras
2026-05-14,destino,VOTORANTIM,12.8,,prata
2026-05-14,destino,VÁRZEA PAULISTA,40.6,,nanica
2026-05-14,destino,VÁRZEA PAULISTA,17.0,,prata
2026-05-14,origem,ANDRADAS,5.0,,prata
2026-05-14,origem,ARAÇUAÍ,78.3,,prata
2026-05-14,origem,BRAZÓPOLIS,5.972,,nanica
2026-05-14,origem,BRAZÓPOLIS,6.6,,prata
2026-05-14,origem,CAMPESTRE,1.5,,nanica
2026-05-14,origem,CAMPESTRE,3.0,,prata
2026-05-14,origem,CAMPINA VERDE,3.975,,outras
2026-05-14,origem,CANÁPOLIS,3.5,,outras
2026-05-14,origem,CAPITÃO ENÉAS,12.6,,nanica
2026-05-14,origem,CAPITÃO ENÉAS,16.0,,prata
2026-05-14,origem,CARMO DE MINAS,8.0,,nanica
2026-05-14,origem,CARMO DE MINAS,10.0,,prata
2026-05-14,origem,CLARO DOS POÇÕES,21.0,,prata
2026-05-14,origem,CONTAGEM,174.31,,nanica
2026-05-14,origem,CONTAGEM,6.54,,outras
2026-05-14,origem,CONTAGEM,113.485,,prata
2026-05-14,origem,CORINTO,27.6,,nanica
2026-05-14,origem,CRISTINA,3.0,,prata
2026-05-14,origem,CURVELO,109.2,,nanica
2026-05-14,origem,CURVELO,6.95,,prata
2026-05-14,origem,CÁSSIA,26.0,,prata
2026-05-14,origem,DELFINÓPOLIS,205.593,,prata
2026-05-14,origem,FRANCISCO SÁ,10.0,,prata
2026-05-14,origem,GONÇALVES,7.0,,prata
2026-05-14,origem,GUARDA-MOR,8.0,,nanica
2026-05-14,origem,GUARDA-MOR,2.0,,prata
2026-05-14,origem,ITACARAMBI,116.24,,nanica
2026-05-14,origem,ITACARAMBI,1.315,,outras
2026-05-14,origem,ITACARAMBI,6.5,,prata
2026-05-14,origem,JACINTO,12.0,,prata
2026-05-14,origem,JANAÚBA,25.2,,nanica
2026-05-14,origem,JANAÚBA,77.24,,prata
2026-05-14,origem,JAÍBA,653.286,,nanica
2026-05-14,origem,JAÍBA,1.755,,outras
2026-05-14,origem,JAÍBA,107.368,,prata
2026-05-14,origem,JEQUITIBÁ,5.0,,prata
2026-05-14,origem,JEQUITINHONHA,15.0,,prata
2026-05-14,origem,LASSANCE,38.0,,nanica
2026-05-14,origem,LASSANCE,64.5,,prata
2026-05-14,origem,MANGA,32.7,,nanica
2026-05-14,origem,MATIAS CARDOSO,10.8,,nanica
2026-05-14,origem,MATIAS CARDOSO,26.7,,prata
2026-05-14,origem,MONTES CLAROS,36.09,,prata
2026-05-14,origem,NOVA PORTEIRINHA,12.0,,nanica
2026-05-14,origem,NOVA PORTEIRINHA,66.05,,prata
2026-05-14,origem,NOVA UNIÃO,15.0,,nanica
2026-05-14,origem,PARAOPEBA,7.0,,nanica
2026-05-14,origem,PARAOPEBA,18.0,,prata
2026-05-14,origem,PEDRALVA,17.0,,nanica
2026-05-14,origem,PEDRALVA,12.0,,prata
2026-05-14,origem,PEDRAS DE MARIA DA CRUZ,13.0,,prata
2026-05-14,origem,PIAU,1.5,,prata
2026-05-14,origem,PIRAPORA,47.71,,prata
2026-05-14,origem,POÇO FUNDO,4.0,,prata
2026-05-14,origem,RAUL SOARES,10.0,,outras
2026-05-14,origem,SABARÁ,10.0,,prata
2026-05-14,origem,SANTO HIPÓLITO,19.5,,prata
2026-05-14,origem,TRÊS CORAÇÕES,17.0,,nanica
2026-05-14,origem,TRÊS CORAÇÕES,0.09,,outras
2026-05-14,origem,TRÊS CORAÇÕES,15.0,,prata
2026-05-14,origem,UBERLÂNDIA,5.552,,nanica
2026-05-14,origem,UBERLÂNDIA,40.952,,outras
2026-05-14,origem,UBERLÂNDIA,42.404,,prata
2026-05-14,origem,VERDELÂNDIA,11.502,,nanica
2026-05-14,origem,VERDELÂNDIA,23.36,,prata
2026-05-15,destino,APARECIDA DE GOIÂNIA,20.25,,prata
2026-05-15,destino,ARAÇATUBA,24.0,,nanica
2026-05-15,destino,ARAÇATUBA,6.912,,prata
2026-05-15,destino,ARCOS,11.9,,prata
2026-05-15,destino,BAURU,12.48,,prata
2026-05-15,destino,BRASÍLIA,19.0,,prata
2026-05-15,destino,BRAZÓPOLIS,29.72,,prata
2026-05-15,destino,CAMPINAS,102.72,,nanica
2026-05-15,destino,CAMPINAS,7.065,,outras
2026-05-15,destino,CAMPINAS,73.605,,prata
2026-05-15,destino,CAMPO GRANDE,67.02,,nanica
2026-05-15,destino,CAMPO GRANDE,11.58,,prata
2026-05-15,destino,CAMPOS DO JORDÃO,0.5,,nanica
2026-05-15,destino,CAMPOS DO JORDÃO,0.5,,prata
2026-05-15,destino,CARATINGA,15.0,,nanica
2026-05-15,destino,CARATINGA,10.0,,outras
2026-05-15,destino,CATALÃO,0.112,,nanica
2026-05-15,destino,CATALÃO,0.312,,outras
2026-05-15,destino,CATALÃO,0.128,,prata
2026-05-15,destino,CHAPADÃO DO CÉU,0.018,,outras
2026-05-15,destino,CHAPADÃO DO SUL,0.09,,outras
2026-05-15,destino,CHAPADÃO DO SUL,0.19,,prata
2026-05-15,destino,CONTAGEM,280.954,,nanica
2026-05-15,destino,CONTAGEM,31.742,,outras
2026-05-15,destino,CONTAGEM,402.122,,prata
2026-05-15,destino,COSTA RICA,0.019,,nanica
2026-05-15,destino,CURVELO,15.0,,nanica
2026-05-15,destino,DIADEMA,13.5,,prata
2026-05-15,destino,DOM VIÇOSO,10.0,,prata
2026-05-15,destino,DUQUE DE CAXIAS,12.0,,nanica
2026-05-15,destino,FRANCA,14.0,,nanica
2026-05-15,destino,GOIÂNIA,3.0,,outras
2026-05-15,destino,GUARULHOS,22.0,,prata
2026-05-15,destino,INOCÊNCIA,0.057,,nanica
2026-05-15,destino,INOCÊNCIA,0.018,,outras
2026-05-15,destino,INOCÊNCIA,0.038,,prata
2026-05-15,destino,IPAMERI,0.064,,nanica
2026-05-15,destino,IPAMERI,0.236,,outras
2026-05-15,destino,IPAMERI,0.064,,prata
2026-05-15,destino,ITAJUBÁ,15.0,,nanica
2026-05-15,destino,ITAJUBÁ,8.78,,prata
2026-05-15,destino,ITAPERUNA,0.5,,nanica
2026-05-15,destino,ITAPERUNA,0.5,,prata
2026-05-15,destino,ITARIRI,12.0,,nanica
2026-05-15,destino,ITARIRI,19.506,,prata
2026-05-15,destino,ITUMBIARA,1.606,,nanica
2026-05-15,destino,ITUMBIARA,0.361,,outras
2026-05-15,destino,ITUMBIARA,0.566,,prata
2026-05-15,destino,JANAÚBA,44.3,,nanica
2026-05-15,destino,JARDINÓPOLIS,18.0,,nanica
2026-05-15,destino,JORDÂNIA,0.6,,prata
2026-05-15,destino,JUNDIAÍ,23.4,,prata
2026-05-15,destino,MARINGÁ,22.8,,nanica
2026-05-15,destino,MONTES CLAROS,36.48,,nanica
2026-05-15,destino,MONTES CLAROS,1.5,,outras
2026-05-15,destino,MONTES CLAROS,39.85,,prata
2026-05-15,destino,NITERÓI,20.0,,prata
2026-05-15,destino,NOVA PORTEIRINHA,19.935,,prata
2026-05-15,destino,NOVA UNIÃO,15.0,,prata
2026-05-15,destino,OSASCO,39.42,,nanica
2026-05-15,destino,OSASCO,8.567,,prata
2026-05-15,destino,PARAIBUNA,14.79,,nanica
2026-05-15,destino,PARANAÍBA,0.038,,nanica
2026-05-15,destino,PARAOPEBA,30.0,,nanica
2026-05-15,destino,PATOS DE MINAS,0.95,,nanica
2026-05-15,destino,PATOS DE MINAS,3.5,,outras
2026-05-15,destino,PATOS DE MINAS,16.0,,prata
2026-05-15,destino,PEDRA AZUL,2.4,,prata
2026-05-15,destino,PEDRALVA,9.9,,nanica
2026-05-15,destino,PIAU,15.0,,nanica
2026-05-15,destino,PIAU,3.0,,prata
2026-05-15,destino,PIEDADE DE CARATINGA,12.0,,prata
2026-05-15,destino,PINDAMONHANGABA,3.0,,prata
2026-05-15,destino,POÇOS DE CALDAS,4.5,,prata
2026-05-15,destino,QUIRINÓPOLIS,0.874,,nanica
2026-05-15,destino,QUIRINÓPOLIS,0.355,,outras
2026-05-15,destino,QUIRINÓPOLIS,0.284,,prata
2026-05-15,destino,RIBEIRÃO DAS NEVES,15.3,,prata
2026-05-15,destino,RIBEIRÃO PRETO,133.177,,nanica
2026-05-15,destino,RIBEIRÃO PRETO,12.7,,outras
2026-05-15,destino,RIBEIRÃO PRETO,33.865,,prata
2026-05-15,destino,RIO DE JANEIRO,95.76,,nanica
2026-05-15,destino,RIO DE JANEIRO,3.3,,outras
2026-05-15,destino,RIO DE JANEIRO,433.32,,prata
2026-05-15,destino,RIO VERDE,0.779,,nanica
2026-05-15,destino,RIO VERDE,0.106,,outras
2026-05-15,destino,RIO VERDE,0.106,,prata
2026-05-15,destino,SOROCABA,12.27,,prata
2026-05-15,destino,SUZANO,11.488,,prata
2026-05-15,destino,SÃO BERNARDO DO CAMPO,23.1,,nanica
2026-05-15,destino,SÃO BERNARDO DO CAMPO,47.885,,prata
2026-05-15,destino,SÃO GONÇALO,7.0,,nanica
2026-05-15,destino,SÃO GONÇALO,19.0,,prata
2026-05-15,destino,SÃO JOSÉ DO RIO PRETO,38.088,,nanica
2026-05-15,destino,SÃO PAULO,141.08,,nanica
2026-05-15,destino,SÃO PAULO,1.8,,outras
2026-05-15,destino,SÃO PAULO,94.441,,prata
2026-05-15,destino,TAUBATÉ,15.39,,prata
2026-05-15,destino,TRÊS RIOS,1.5,,nanica
2026-05-15,destino,TRÊS RIOS,1.5,,prata
2026-05-15,destino,UBERLÂNDIA,2.0,,nanica
2026-05-15,destino,UBERLÂNDIA,2.0,,outras
2026-05-15,destino,UBERLÂNDIA,28.964,,prata
2026-05-15,destino,VÁRZEA PAULISTA,31.7,,nanica
2026-05-15,destino,VÁRZEA PAULISTA,27.5,,prata
2026-05-15,origem,ANDRADAS,4.5,,prata
2026-05-15,origem,ARAÇUAÍ,47.0,,prata
2026-05-15,origem,ARCOS,11.9,,prata
2026-05-15,origem,BALDIM,30.0,,prata
2026-05-15,origem,BOCAIÚVA,16.0,,prata
2026-05-15,origem,BRAZÓPOLIS,6.116,,nanica
2026-05-15,origem,BRAZÓPOLIS,4.26,,prata
2026-05-15,origem,CANÁPOLIS,13.0,,outras
2026-05-15,origem,CAPITÃO ENÉAS,18.9,,nanica
2026-05-15,origem,CAPITÃO ENÉAS,56.16,,prata
2026-05-15,origem,CARANGOLA,0.5,,nanica
2026-05-15,origem,CARANGOLA,0.5,,prata
2026-05-15,origem,CONTAGEM,93.154,,nanica
2026-05-15,origem,CONTAGEM,14.242,,outras
2026-05-15,origem,CONTAGEM,149.937,,prata
2026-05-15,origem,CORINTO,14.16,,prata
2026-05-15,origem,CURVELO,15.0,,nanica
2026-05-15,origem,CURVELO,12.23,,prata
2026-05-15,origem,CÁSSIA,14.5,,prata
2026-05-15,origem,DELFINÓPOLIS,9.425,,nanica
2026-05-15,origem,DELFINÓPOLIS,284.68,,prata
2026-05-15,origem,DOM VIÇOSO,10.0,,prata
2026-05-15,origem,ESPINOSA,15.0,,prata
2026-05-15,origem,IMBÉ DE MINAS,3.0,,nanica
2026-05-15,origem,IMBÉ DE MINAS,10.0,,outras
2026-05-15,origem,ITACARAMBI,115.355,,nanica
2026-05-15,origem,ITACARAMBI,6.0,,outras
2026-05-15,origem,ITACARAMBI,19.86,,prata
2026-05-15,origem,ITAOBIM,15.0,,prata
2026-05-15,origem,ITINGA,16.17,,prata
2026-05-15,origem,JANAÚBA,4.0,,nanica
2026-05-15,origem,JANAÚBA,110.0,,prata
2026-05-15,origem,JAÍBA,755.73,,nanica
2026-05-15,origem,JAÍBA,14.265,,outras
2026-05-15,origem,JAÍBA,189.253,,prata
2026-05-15,origem,JEQUITINHONHA,43.2,,prata
2026-05-15,origem,LAGOA FORMOSA,3.5,,outras
2026-05-15,origem,LASSANCE,10.395,,nanica
2026-05-15,origem,LASSANCE,74.95,,prata
2026-05-15,origem,MATIAS CARDOSO,44.0,,nanica
2026-05-15,origem,MATIAS CARDOSO,4.0,,prata
2026-05-15,origem,MONTES CLAROS,24.3,,nanica
2026-05-15,origem,MONTES CLAROS,52.02,,prata
2026-05-15,origem,NOVA PORTEIRINHA,7.0,,nanica
2026-05-15,origem,NOVA PORTEIRINHA,173.27,,prata
2026-05-15,origem,NOVA UNIÃO,30.0,,nanica
2026-05-15,origem,NOVA UNIÃO,15.0,,prata
2026-05-15,origem,PARAOPEBA,30.0,,nanica
2026-05-15,origem,PEDRALVA,34.074,,nanica
2026-05-15,origem,PEDRAS DE MARIA DA CRUZ,39.0,,prata
2026-05-15,origem,PIAU,15.0,,nanica
2026-05-15,origem,PIAU,3.3,,outras
2026-05-15,origem,PIEDADE DE CARATINGA,12.0,,nanica
2026-05-15,origem,PIRAPORA,0.95,,nanica
2026-05-15,origem,PIRAPORA,56.47,,prata
2026-05-15,origem,SÃO FRANCISCO,49.8,,prata
2026-05-15,origem,SÃO JOSÉ DO JACURI,6.0,,nanica
2026-05-15,origem,SÃO JOSÉ DO JACURI,6.0,,prata
2026-05-15,origem,UBAPORANGA,17.0,,nanica
2026-05-15,origem,UBAPORANGA,10.0,,outras
2026-05-15,origem,UBERLÂNDIA,3.549,,nanica
2026-05-15,origem,UBERLÂNDIA,3.496,,outras
2026-05-15,origem,UBERLÂNDIA,3.376,,prata
2026-05-15,origem,VERDELÂNDIA,0.3,,outras
2026-05-15,origem,VERDELÂNDIA,34.71,,prata
2026-05-15,origem,VÁRZEA DA PALMA,11.84,,nanica
2026-05-16,destino,CAMPINAS,6.0,,prata
2026-05-16,destino,CHAPADÃO DO CÉU,0.06,,nanica
2026-05-16,destino,CHAPADÃO DO CÉU,0.02,,outras
2026-05-16,destino,CHAPADÃO DO CÉU,0.018,,prata
2026-05-16,destino,CHAPADÃO DO SUL,0.04,,nanica
2026-05-16,destino,CHAPADÃO DO SUL,0.038,,outras
2026-05-16,destino,CHAPADÃO DO SUL,0.018,,prata
2026-05-16,destino,CONTAGEM,25.05,,nanica
2026-05-16,destino,CONTAGEM,0.75,,outras
2026-05-16,destino,CONTAGEM,97.17,,prata
2026-05-16,destino,INOCÊNCIA,0.84,,nanica
2026-05-16,destino,INOCÊNCIA,0.132,,outras
2026-05-16,destino,INOCÊNCIA,0.81,,prata
2026-05-16,destino,JUNDIAÍ,16.8,,nanica
2026-05-16,destino,OSASCO,7.25,,nanica
2026-05-16,destino,PARANAÍBA,0.04,,outras
2026-05-16,destino,PARANAÍBA,0.036,,prata
2026-05-16,destino,PARAÍSO DAS ÁGUAS,0.038,,outras
2026-05-16,destino,PARAÍSO DAS ÁGUAS,0.018,,prata
2026-05-16,destino,PETRÓPOLIS,10.0,,nanica
2026-05-16,destino,RIBEIRÃO DAS NEVES,24.0,,prata
2026-05-16,destino,RIBEIRÃO PRETO,12.0,,prata
2026-05-16,destino,RIO DE JANEIRO,18.0,,nanica
2026-05-16,destino,RIO DE JANEIRO,72.0,,prata
2026-05-16,destino,SÃO CAETANO DO SUL,8.1,,nanica
2026-05-16,destino,SÃO CAETANO DO SUL,4.05,,prata
2026-05-16,destino,SÃO PAULO,21.0,,nanica
2026-05-16,destino,TRÊS RIOS,5.7,,nanica
2026-05-16,destino,TRÊS RIOS,0.045,,outras
2026-05-16,destino,TRÊS RIOS,1.29,,prata
2026-05-16,destino,VITÓRIA DA CONQUISTA,0.75,,nanica
2026-05-16,destino,VITÓRIA DA CONQUISTA,0.255,,outras
2026-05-16,destino,VÁRZEA PAULISTA,13.5,,nanica
2026-05-16,origem,ARAÇUAÍ,32.0,,prata
2026-05-16,origem,CORINTO,12.0,,prata
2026-05-16,origem,CÁSSIA,6.0,,prata
2026-05-16,origem,ESPINOSA,33.0,,prata
2026-05-16,origem,ITACARAMBI,25.25,,nanica
2026-05-16,origem,JANAÚBA,30.0,,prata
2026-05-16,origem,JAÍBA,55.0,,nanica
2026-05-16,origem,JAÍBA,1.05,,outras
2026-05-16,origem,JAÍBA,18.29,,prata
2026-05-16,origem,JEQUITINHONHA,16.0,,prata
2026-05-16,origem,LASSANCE,21.0,,nanica
2026-05-16,origem,NOVA PORTEIRINHA,16.8,,nanica
2026-05-16,origem,NOVA PORTEIRINHA,10.0,,prata
2026-05-16,origem,PIRAPORA,40.17,,prata
2026-05-16,origem,PONTO DOS VOLANTES,15.0,,prata
2026-05-16,origem,UBERLÂNDIA,0.94,,nanica
2026-05-16,origem,UBERLÂNDIA,0.268,,outras
2026-05-16,origem,UBERLÂNDIA,0.9,,prata
2026-05-16,origem,VÁRZEA DA PALMA,8.1,,nanica
2026-05-16,origem,VÁRZEA DA PALMA,4.05,,prata
2026-05-18,destino,APARECIDA DE GOIÂNIA,0.75,,outras
2026-05-18,destino,ARAÇATUBA,8.25,,prata
2026-05-18,destino,BARBACENA,0.5,,outras
2026-05-18,destino,BARBACENA,1.5,,prata
2026-05-18,destino,BAURU,10.5,,prata
2026-05-18,destino,BRASÍLIA,13.0,,prata
2026-05-18,destino,BRAZÓPOLIS,15.0,,nanica
2026-05-18,destino,BRAZÓPOLIS,12.0,,prata
2026-05-18,destino,CAIEIRAS,12.0,,nanica
2026-05-18,destino,CAMPINAS,102.42,,nanica
2026-05-18,destino,CAMPINAS,1.5,,outras
2026-05-18,destino,CAMPINAS,37.08,,prata
2026-05-18,destino,CAMPO GRANDE,36.16,,nanica
2026-05-18,destino,CAMPO GRANDE,8.4,,prata
2026-05-18,destino,CARATINGA,4.0,,nanica
2026-05-18,destino,CARATINGA,7.0,,outras
2026-05-18,destino,CARATINGA,3.0,,prata
2026-05-18,destino,CARIACICA,6.0,,prata
2026-05-18,destino,CATALÃO,0.18,,nanica
2026-05-18,destino,CATALÃO,0.33,,outras
2026-05-18,destino,CATALÃO,0.26,,prata
2026-05-18,destino,CONTAGEM,197.8,,nanica
2026-05-18,destino,CONTAGEM,9.87,,outras
2026-05-18,destino,CONTAGEM,202.1,,prata
2026-05-18,destino,CRISTINA,8.0,,nanica
2026-05-18,destino,CUIABÁ,19.24,,nanica
2026-05-18,destino,CUIABÁ,3.36,,prata
2026-05-18,destino,CUMARI,0.054,,outras
2026-05-18,destino,CURVELO,15.0,,nanica
2026-05-18,destino,DIADEMA,13.5,,prata
2026-05-18,destino,DIVINÓPOLIS,10.05,,prata
2026-05-18,destino,DOURADOS,23.52,,nanica
2026-05-18,destino,DUQUE DE CAXIAS,12.0,,nanica
2026-05-18,destino,DUQUE DE CAXIAS,10.0,,prata
2026-05-18,destino,GOIÂNIA,3.0,,outras
2026-05-18,destino,GOVERNADOR VALADARES,6.0,,nanica
2026-05-18,destino,GOVERNADOR VALADARES,19.0,,outras
2026-05-18,destino,GOVERNADOR VALADARES,3.0,,prata
2026-05-18,destino,GUARANÉSIA,15.0,,prata
2026-05-18,destino,GUARULHOS,13.5,,nanica
2026-05-18,destino,GUARULHOS,25.86,,prata
2026-05-18,destino,ICONHA,9.75,,prata
2026-05-18,destino,ITARIRI,21.0,,prata
2026-05-18,destino,ITUMBIARA,1.28,,outras
2026-05-18,destino,JANAÚBA,59.88,,nanica
2026-05-18,destino,JANAÚBA,15.0,,prata
2026-05-18,destino,JUIZ DE FORA,3.0,,prata
2026-05-18,destino,JUNDIAÍ,19.6,,nanica
2026-05-18,destino,MARINGÁ,46.5,,nanica
2026-05-18,destino,MIRADOURO,11.0,,nanica
2026-05-18,destino,MIRADOURO,4.0,,prata
2026-05-18,destino,MONTES CLAROS,13.0,,nanica
2026-05-18,destino,MONTES CLAROS,1.5,,outras
2026-05-18,destino,MONTES CLAROS,102.865,,prata
2026-05-18,destino,MONTES CLAROS DE GOIÁS,15.525,,prata
2026-05-18,destino,NITERÓI,10.0,,prata
2026-05-18,destino,OSASCO,28.275,,nanica
2026-05-18,destino,OSASCO,1.95,,outras
2026-05-18,destino,OSASCO,11.475,,prata
2026-05-18,destino,PARAIBUNA,10.8,,nanica
2026-05-18,destino,PARAOPEBA,15.0,,nanica
2026-05-18,destino,PEDRALVA,38.0,,nanica
2026-05-18,destino,PIAU,5.0,,nanica
2026-05-18,destino,POUSO ALEGRE,4.335,,nanica
2026-05-18,destino,POUSO ALEGRE,0.84,,outras
2026-05-18,destino,POUSO ALEGRE,12.0,,prata
2026-05-18,destino,POÇOS DE CALDAS,21.3,,prata
2026-05-18,destino,QUIRINÓPOLIS,0.8,,nanica
2026-05-18,destino,QUIRINÓPOLIS,1.2,,prata
2026-05-18,destino,RESENDE,0.4,,nanica
2026-05-18,destino,RIBEIRÃO DAS NEVES,12.0,,nanica
2026-05-18,destino,RIBEIRÃO DAS NEVES,12.0,,prata
2026-05-18,destino,RIBEIRÃO PRETO,106.755,,nanica
2026-05-18,destino,RIBEIRÃO PRETO,11.0,,prata
2026-05-18,destino,RIO DE JANEIRO,108.9,,nanica
2026-05-18,destino,RIO DE JANEIRO,325.93,,prata
2026-05-18,destino,SANTO ANTÔNIO DO JARDIM,11.0,,nanica
2026-05-18,destino,SANTO ANTÔNIO DO JARDIM,14.0,,prata
2026-05-18,destino,SEROPÉDICA,14.0,,prata
2026-05-18,destino,SUMARÉ,7.8,,prata
2026-05-18,destino,SÃO BERNARDO DO CAMPO,13.385,,prata
2026-05-18,destino,SÃO FRANCISCO,8.0,,nanica
2026-05-18,destino,SÃO GONÇALO,18.0,,prata
2026-05-18,destino,SÃO JOSÉ DO RIO PARDO,4.0,,nanica
2026-05-18,destino,SÃO JOSÉ DO RIO PRETO,34.08,,nanica
2026-05-18,destino,SÃO JOSÉ DO RIO PRETO,9.84,,prata
2026-05-18,destino,SÃO JOSÉ DOS CAMPOS,5.321,,prata
2026-05-18,destino,SÃO PAULO,72.685,,nanica
2026-05-18,destino,SÃO PAULO,0.63,,outras
2026-05-18,destino,SÃO PAULO,77.645,,prata
2026-05-18,destino,TABOÃO DA SERRA,1.5,,outras
2026-05-18,destino,TABOÃO DA SERRA,13.5,,prata
2026-05-18,destino,TAUBATÉ,2.0,,nanica
2026-05-18,destino,TAUBATÉ,15.525,,prata
2026-05-18,destino,TOCANTINS,3.75,,nanica
2026-05-18,destino,TOCANTINS,3.75,,prata
2026-05-18,destino,TRÊS RIOS,7.5,,nanica
2026-05-18,destino,TRÊS RIOS,0.015,,outras
2026-05-18,destino,TRÊS RIOS,7.0,,prata
2026-05-18,destino,UBERABA,7.0,,prata
2026-05-18,destino,UBERLÂNDIA,12.0,,prata
2026-05-18,destino,UNAÍ,1.05,,nanica
2026-05-18,destino,UNAÍ,1.05,,prata
2026-05-18,destino,VIRGINÓPOLIS,8.0,,nanica
2026-05-18,destino,VITÓRIA DA CONQUISTA,0.9,,nanica
2026-05-18,destino,VITÓRIA DA CONQUISTA,0.24,,outras
2026-05-18,destino,VOLTA REDONDA,1.8,,nanica
2026-05-18,destino,VOLTA REDONDA,6.9,,prata
2026-05-18,destino,VÁRZEA PAULISTA,47.43,,nanica
2026-05-18,destino,VÁRZEA PAULISTA,15.0,,prata
2026-05-18,origem,ANDRADAS,11.0,,nanica
2026-05-18,origem,ANDRADAS,53.3,,prata
2026-05-18,origem,ARAÇUAÍ,51.9,,prata
2026-05-18,origem,BRAZÓPOLIS,12.8,,nanica
2026-05-18,origem,CAMPINA VERDE,3.87,,outras
2026-05-18,origem,CANÁPOLIS,5.03,,outras
2026-05-18,origem,CAPITÃO ENÉAS,41.525,,prata
2026-05-18,origem,CARMO DE MINAS,1.0,,prata
2026-05-18,origem,CONTAGEM,16.0,,prata
2026-05-18,origem,CRISTINA,2.2,,nanica
2026-05-18,origem,CRISTINA,6.9,,prata
2026-05-18,origem,CURVELO,15.0,,nanica
2026-05-18,origem,CÁSSIA,38.245,,prata
2026-05-18,origem,DELFINÓPOLIS,1.3,,outras
2026-05-18,origem,DELFINÓPOLIS,110.756,,prata
2026-05-18,origem,DOM CAVATI,3.0,,nanica
2026-05-18,origem,DOM CAVATI,6.0,,outras
2026-05-18,origem,DOM CAVATI,3.0,,prata
2026-05-18,origem,ESPINOSA,20.0,,prata
2026-05-18,origem,FRANCISCO SÁ,10.0,,prata
2026-05-18,origem,IMBÉ DE MINAS,4.0,,nanica
2026-05-18,origem,IMBÉ DE MINAS,7.0,,outras
2026-05-18,origem,IMBÉ DE MINAS,3.0,,prata
2026-05-18,origem,INHAPIM,6.0,,nanica
2026-05-18,origem,INHAPIM,19.0,,outras
2026-05-18,origem,INHAPIM,3.0,,prata
2026-05-18,origem,ITACARAMBI,46.0,,nanica
2026-05-18,origem,ITINGA,20.0,,prata
2026-05-18,origem,JANAÚBA,55.1,,nanica
2026-05-18,origem,JANAÚBA,93.57,,prata
2026-05-18,origem,JAÍBA,652.73,,nanica
2026-05-18,origem,JAÍBA,3.87,,outras
2026-05-18,origem,JAÍBA,147.765,,prata
2026-05-18,origem,JEQUITINHONHA,24.3,,prata
2026-05-18,origem,LASSANCE,41.8,,prata
2026-05-18,origem,MANGA,55.6,,nanica
2026-05-18,origem,MARILAC,3.75,,nanica
2026-05-18,origem,MARILAC,34.5,,prata
2026-05-18,origem,MATIAS CARDOSO,35.0,,nanica
2026-05-18,origem,MATIAS CARDOSO,24.0,,prata
2026-05-18,origem,MIRADOURO,11.0,,nanica
2026-05-18,origem,MIRADOURO,4.0,,prata
2026-05-18,origem,MONTES CLAROS,137.64,,prata
2026-05-18,origem,NOVA PORTEIRINHA,88.58,,prata
2026-05-18,origem,NOVA UNIÃO,58.0,,nanica
2026-05-18,origem,NOVA UNIÃO,2.0,,prata
2026-05-18,origem,PARAOPEBA,15.0,,nanica
2026-05-18,origem,PEDRALVA,65.0,,nanica
2026-05-18,origem,PEDRAS DE MARIA DA CRUZ,15.0,,prata
2026-05-18,origem,PIAU,5.0,,nanica
2026-05-18,origem,PIRAPORA,60.98,,prata
2026-05-18,origem,POUSO ALEGRE,4.335,,nanica
2026-05-18,origem,POUSO ALEGRE,0.84,,outras
2026-05-18,origem,POUSO ALEGRE,12.0,,prata
2026-05-18,origem,RIBEIRÃO DAS NEVES,39.6,,prata
2026-05-18,origem,RIO POMBA,0.5,,outras
2026-05-18,origem,RIO POMBA,1.5,,prata
2026-05-18,origem,SÃO FRANCISCO,1.05,,nanica
2026-05-18,origem,SÃO FRANCISCO,27.05,,prata
2026-05-18,origem,UBERLÂNDIA,0.98,,nanica
2026-05-18,origem,UBERLÂNDIA,0.384,,outras
2026-05-18,origem,UBERLÂNDIA,1.46,,prata
2026-05-18,origem,VERDELÂNDIA,76.715,,nanica
2026-05-18,origem,VERDELÂNDIA,2.165,,outras
2026-05-18,origem,VERDELÂNDIA,59.25,,prata
2026-05-18,origem,VIRGINÓPOLIS,8.0,,nanica
2026-05-18,origem,VÁRZEA DA PALMA,7.0,,prata
2026-05-19,destino,ANDRADAS,15.0,,prata
2026-05-19,destino,ARAÇATUBA,16.128,,prata
2026-05-19,destino,ARCOS,9.45,,prata
2026-05-19,destino,BARUERI,5.0,,nanica
2026-05-19,destino,BARUERI,9.5,,prata
2026-05-19,destino,BELO HORIZONTE,5.0,,nanica
2026-05-19,destino,BELO HORIZONTE,7.0,,prata
2026-05-19,destino,BRASÍLIA,1.8,,nanica
2026-05-19,destino,BRASÍLIA,0.3,,outras
2026-05-19,destino,BRASÍLIA,25.45,,prata
2026-05-19,destino,BRAZÓPOLIS,12.8,,prata
2026-05-19,destino,CAMPINAS,39.51,,nanica
2026-05-19,destino,CAMPINAS,2.88,,outras
2026-05-19,destino,CAMPINAS,34.98,,prata
2026-05-19,destino,CAMPO GRANDE,64.48,,nanica
2026-05-19,destino,CAMPO GRANDE,1.5,,prata
2026-05-19,destino,CARATINGA,38.0,,nanica
2026-05-19,destino,CARATINGA,2.0,,outras
2026-05-19,destino,CARATINGA,60.0,,prata
2026-05-19,destino,CARIACICA,12.0,,prata
2026-05-19,destino,CATALÃO,0.112,,nanica
2026-05-19,destino,CATALÃO,0.292,,outras
2026-05-19,destino,CATALÃO,0.128,,prata
2026-05-19,destino,COIMBRA,3.0,,prata
2026-05-19,destino,CONTAGEM,422.77,,nanica
2026-05-19,destino,CONTAGEM,13.085,,outras
2026-05-19,destino,CONTAGEM,234.15,,prata
2026-05-19,destino,CORDISBURGO,14.0,,nanica
2026-05-19,destino,CORDISBURGO,1.0,,prata
2026-05-19,destino,CRUZEIRO,2.5,,nanica
2026-05-19,destino,CRUZEIRO,3.5,,prata
2026-05-19,destino,CURVELO,2.25,,nanica
2026-05-19,destino,CURVELO,2.25,,prata
2026-05-19,destino,DIADEMA,13.5,,nanica
2026-05-19,destino,DIVINÓPOLIS,10.68,,prata
2026-05-19,destino,FRANCA,14.0,,nanica
2026-05-19,destino,FRANCA,1.5,,prata
2026-05-19,destino,GUARULHOS,13.5,,nanica
2026-05-19,destino,ICONHA,15.0,,prata
2026-05-19,destino,IPAMERI,0.064,,nanica
2026-05-19,destino,IPAMERI,0.216,,outras
2026-05-19,destino,IPAMERI,0.064,,prata
2026-05-19,destino,ITAJUBÁ,15.0,,nanica
2026-05-19,destino,ITAMOGI,2.28,,nanica
2026-05-19,destino,ITAPERUNA,0.5,,nanica
2026-05-19,destino,ITAPERUNA,0.5,,prata
2026-05-19,destino,ITARIRI,13.5,,nanica
2026-05-19,destino,ITARIRI,16.8,,prata
2026-05-19,destino,JACAREÍ,8.26,,prata
2026-05-19,destino,JANAÚBA,45.6,,nanica
2026-05-19,destino,JANAÚBA,10.0,,prata
2026-05-19,destino,JUNDIAÍ,25.3,,prata
2026-05-19,destino,LONDRINA,12.0,,nanica
2026-05-19,destino,MARIA DA FÉ,5.7,,prata
2026-05-19,destino,MARINGÁ,22.6,,nanica
2026-05-19,destino,MAUÁ,10.2,,nanica
2026-05-19,destino,MAUÁ,8.0,,prata
2026-05-19,destino,MIRACATU,34.8,,nanica
2026-05-19,destino,MONTES CLAROS,26.68,,nanica
2026-05-19,destino,MONTES CLAROS,5.0,,outras
2026-05-19,destino,MONTES CLAROS,78.35,,prata
2026-05-19,destino,NITERÓI,12.0,,prata
2026-05-19,destino,NOVA PORTEIRINHA,6.0,,prata
2026-05-19,destino,OSASCO,60.3,,nanica
2026-05-19,destino,OSASCO,15.0,,prata
2026-05-19,destino,PARAIBUNA,23.6,,nanica
2026-05-19,destino,PARAOPEBA,12.0,,nanica
2026-05-19,destino,PARAOPEBA,3.0,,prata
2026-05-19,destino,PATOS DE MINAS,20.0,,prata
2026-05-19,destino,PEDRALVA,57.0,,nanica
2026-05-19,destino,PEDRALVA,17.0,,prata
2026-05-19,destino,PIAU,1.0,,nanica
2026-05-19,destino,PIAU,6.0,,prata
2026-05-19,destino,POUSO ALEGRE,6.0,,nanica
2026-05-19,destino,QUIRINÓPOLIS,0.08,,nanica
2026-05-19,destino,QUIRINÓPOLIS,0.162,,outras
2026-05-19,destino,QUIRINÓPOLIS,0.096,,prata
2026-05-19,destino,RIBEIRÃO DAS NEVES,10.0,,nanica
2026-05-19,destino,RIBEIRÃO PRETO,129.03,,nanica
2026-05-19,destino,RIBEIRÃO PRETO,34.237,,prata
2026-05-19,destino,RIO BONITO,7.0,,prata
2026-05-19,destino,RIO DE JANEIRO,61.34,,nanica
2026-05-19,destino,RIO DE JANEIRO,8.56,,outras
2026-05-19,destino,RIO DE JANEIRO,225.964,,prata
2026-05-19,destino,SANTO ANTÔNIO DO JARDIM,4.2,,prata
2026-05-19,destino,SUZANO,11.52,,prata
2026-05-19,destino,SÃO BERNARDO DO CAMPO,26.885,,prata
2026-05-19,destino,SÃO GONÇALO,10.0,,nanica
2026-05-19,destino,SÃO JOSÉ DO RIO PRETO,36.0,,nanica
2026-05-19,destino,SÃO JOSÉ DOS CAMPOS,2.0,,nanica
2026-05-19,destino,SÃO JOSÉ DOS CAMPOS,6.0,,prata
2026-05-19,destino,SÃO PAULO,82.32,,nanica
2026-05-19,destino,SÃO PAULO,1.26,,outras
2026-05-19,destino,SÃO PAULO,160.307,,prata
2026-05-19,destino,TABOÃO DA SERRA,21.05,,prata
2026-05-19,destino,TAUBATÉ,6.0,,nanica
2026-05-19,destino,TRÊS CORAÇÕES,77.79,,nanica
2026-05-19,destino,TRÊS RIOS,2.955,,nanica
2026-05-19,destino,TRÊS RIOS,0.03,,outras
2026-05-19,destino,TRÊS RIOS,0.9,,prata
2026-05-19,destino,UBERLÂNDIA,10.0,,nanica
2026-05-19,destino,UBERLÂNDIA,0.5,,outras
2026-05-19,destino,UBERLÂNDIA,10.0,,prata
2026-05-19,destino,VIÇOSA,5.0,,prata
2026-05-19,destino,VOLTA REDONDA,3.2,,nanica
2026-05-19,destino,VOLTA REDONDA,6.88,,prata
2026-05-19,destino,VOTORANTIM,13.28,,prata
2026-05-19,destino,VÁRZEA PAULISTA,18.15,,nanica
2026-05-19,origem,ARAÇUAÍ,3.0,,nanica
2026-05-19,origem,ARAÇUAÍ,73.74,,prata
2026-05-19,origem,BELO HORIZONTE,33.43,,nanica
2026-05-19,origem,BELO HORIZONTE,4.325,,outras
2026-05-19,origem,BELO HORIZONTE,42.615,,prata
2026-05-19,origem,BOCAIÚVA,16.0,,prata
2026-05-19,origem,BRAZÓPOLIS,24.0,,nanica
2026-05-19,origem,BRAZÓPOLIS,9.4,,prata
2026-05-19,origem,BUGRE,30.0,,nanica
2026-05-19,origem,BUGRE,30.0,,prata
2026-05-19,origem,CAPITÃO ENÉAS,7.0,,nanica
2026-05-19,origem,CARANGOLA,0.5,,nanica
2026-05-19,origem,CARANGOLA,0.5,,prata
2026-05-19,origem,COIMBRA,3.0,,prata
2026-05-19,origem,CONGONHAL,9.6,,nanica
2026-05-19,origem,CONTAGEM,337.78,,nanica
2026-05-19,origem,CONTAGEM,4.26,,outras
2026-05-19,origem,CONTAGEM,68.935,,prata
2026-05-19,origem,CORDISBURGO,14.0,,nanica
2026-05-19,origem,CORDISBURGO,1.0,,prata
2026-05-19,origem,CORINTO,12.0,,nanica
2026-05-19,origem,CÁSSIA,30.45,,prata
2026-05-19,origem,DELFINÓPOLIS,18.98,,nanica
2026-05-19,origem,DELFINÓPOLIS,233.331,,prata
2026-05-19,origem,DOM CAVATI,30.0,,prata
2026-05-19,origem,ESPINOSA,10.0,,prata
2026-05-19,origem,GONÇALVES,4.0,,prata
2026-05-19,origem,IMBÉ DE MINAS,8.0,,nanica
2026-05-19,origem,IMBÉ DE MINAS,2.0,,outras
2026-05-19,origem,INDIANÓPOLIS,7.0,,nanica
2026-05-19,origem,INDIANÓPOLIS,8.0,,prata
2026-05-19,origem,ITACARAMBI,41.0,,nanica
2026-05-19,origem,ITAOBIM,15.0,,prata
2026-05-19,origem,JACINTO,12.0,,prata
2026-05-19,origem,JANAÚBA,12.0,,nanica
2026-05-19,origem,JANAÚBA,43.808,,prata
2026-05-19,origem,JAÍBA,603.74,,nanica
2026-05-19,origem,JAÍBA,8.64,,outras
2026-05-19,origem,JAÍBA,144.26,,prata
2026-05-19,origem,JEQUITINHONHA,19.304,,prata
2026-05-19,origem,LASSANCE,29.25,,nanica
2026-05-19,origem,LASSANCE,19.05,,prata
2026-05-19,origem,MANGA,23.2,,nanica
2026-05-19,origem,MARILAC,30.0,,prata
2026-05-19,origem,MATIAS CARDOSO,7.5,,nanica
2026-05-19,origem,MATIAS CARDOSO,20.0,,prata
2026-05-19,origem,MATOZINHOS,6.0,,nanica
2026-05-19,origem,MATOZINHOS,13.0,,prata
2026-05-19,origem,MONTES CLAROS,13.0,,nanica
2026-05-19,origem,MONTES CLAROS,5.0,,outras
2026-05-19,origem,MONTES CLAROS,59.75,,prata
2026-05-19,origem,NOVA PORTEIRINHA,12.0,,nanica
2026-05-19,origem,NOVA PORTEIRINHA,98.908,,prata
2026-05-19,origem,PARAOPEBA,12.0,,nanica
2026-05-19,origem,PARAOPEBA,3.0,,prata
2026-05-19,origem,PAULISTAS,17.4,,prata
2026-05-19,origem,PEDRALVA,72.5,,nanica
2026-05-19,origem,PEDRALVA,14.5,,prata
2026-05-19,origem,PIAU,3.0,,outras
2026-05-19,origem,PIRANGUÇU,6.0,,nanica
2026-05-19,origem,PIRAPORA,93.88,,prata
2026-05-19,origem,SANTOS DUMONT,4.0,,outras
2026-05-19,origem,SÃO JOÃO DA PONTE,14.0,,prata
2026-05-19,origem,UBERLÂNDIA,3.256,,nanica
2026-05-19,origem,UBERLÂNDIA,1.17,,outras
2026-05-19,origem,UBERLÂNDIA,2.288,,prata
2026-05-19,origem,VERDELÂNDIA,80.175,,nanica
2026-05-19,origem,VERDELÂNDIA,1.89,,outras
2026-05-19,origem,VERDELÂNDIA,47.19,,prata
2026-05-19,origem,VIÇOSA,5.0,,prata
2026-05-19,origem,VÁRZEA DA PALMA,1.5,,nanica
2026-05-19,origem,VÁRZEA DA PALMA,7.0,,prata
2026-05-20,destino,ANDRADAS,15.0,,prata
2026-05-20,destino,APARECIDA DE GOIÂNIA,3.6,,outras
2026-05-20,destino,APARECIDA DE GOIÂNIA,15.48,,prata
2026-05-20,destino,AREALVA,22.05,,nanica
2026-05-20,destino,AREALVA,0.75,,prata
2026-05-20,destino,AUGUSTO DE LIMA,15.0,,prata
2026-05-20,destino,BELO HORIZONTE,1.44,,nanica
2026-05-20,destino,BELO HORIZONTE,5.56,,prata
2026-05-20,destino,BRASÍLIA,17.25,,prata
2026-05-20,destino,CAIEIRAS,12.0,,nanica
2026-05-20,destino,CAIEIRAS,4.0,,prata
2026-05-20,destino,CAMPINAS,42.63,,nanica
2026-05-20,destino,CAMPINAS,0.675,,outras
2026-05-20,destino,CAMPINAS,35.87,,prata
2026-05-20,destino,CAMPO GRANDE,65.26,,nanica
2026-05-20,destino,CAMPO GRANDE,3.0,,prata
2026-05-20,destino,CARATINGA,2.0,,nanica
2026-05-20,destino,CARATINGA,8.0,,outras
2026-05-20,destino,CARATINGA,5.0,,prata
2026-05-20,destino,CASSILÂNDIA,0.036,,outras
2026-05-20,destino,CASSILÂNDIA,0.072,,prata
2026-05-20,destino,CHAPADÃO DO CÉU,0.06,,nanica
2026-05-20,destino,CHAPADÃO DO CÉU,0.018,,prata
2026-05-20,destino,CHAPADÃO DO SUL,0.04,,nanica
2026-05-20,destino,CHAPADÃO DO SUL,0.13,,outras
2026-05-20,destino,CHAPADÃO DO SUL,0.262,,prata
2026-05-20,destino,COLNIZA,7.0,,nanica
2026-05-20,destino,CONTAGEM,84.0,,nanica
2026-05-20,destino,CONTAGEM,146.86,,prata
2026-05-20,destino,COSMÓPOLIS,4.35,,nanica
2026-05-20,destino,COSMÓPOLIS,5.25,,prata
2026-05-20,destino,CURVELO,15.0,,nanica
2026-05-20,destino,DIVINÓPOLIS,4.0,,prata
2026-05-20,destino,GOVERNADOR VALADARES,4.0,,nanica
2026-05-20,destino,GOVERNADOR VALADARES,4.0,,outras
2026-05-20,destino,GOVERNADOR VALADARES,4.0,,prata
2026-05-20,destino,GUARULHOS,13.86,,prata
2026-05-20,destino,INOCÊNCIA,1.114,,nanica
2026-05-20,destino,INOCÊNCIA,0.166,,outras
2026-05-20,destino,INOCÊNCIA,1.167,,prata
2026-05-20,destino,ITARIRI,23.0,,nanica
2026-05-20,destino,ITARIRI,4.0,,prata
2026-05-20,destino,ITUMBIARA,0.1,,nanica
2026-05-20,destino,ITUMBIARA,0.121,,outras
2026-05-20,destino,ITUMBIARA,0.423,,prata
2026-05-20,destino,JALES,15.0,,nanica
2026-05-20,destino,JANAÚBA,60.12,,nanica
2026-05-20,destino,JARDINÓPOLIS,16.0,,nanica
2026-05-20,destino,JAÚ,22.2,,nanica
2026-05-20,destino,JUIZ DE FORA,7.0,,prata
2026-05-20,destino,JUNDIAÍ,36.8,,nanica
2026-05-20,destino,MARINGÁ,39.8,,nanica
2026-05-20,destino,MINEIROS DO TIETÊ,20.58,,nanica
2026-05-20,destino,MIRACATU,12.6,,prata
2026-05-20,destino,MONTES CLAROS,18.09,,nanica
2026-05-20,destino,MONTES CLAROS,3.0,,outras
2026-05-20,destino,MONTES CLAROS,18.09,,prata
2026-05-20,destino,NATÉRCIA,15.0,,nanica
2026-05-20,destino,NITERÓI,12.0,,nanica
2026-05-20,destino,NITERÓI,23.0,,prata
2026-05-20,destino,NOVA PORTEIRINHA,12.0,,prata
2026-05-20,destino,NOVA UNIÃO,15.0,,prata
2026-05-20,destino,NOVO HORIZONTE,12.0,,nanica
2026-05-20,destino,OSASCO,10.44,,prata
2026-05-20,destino,PARANAÍBA,0.04,,outras
2026-05-20,destino,PARANAÍBA,0.018,,prata
2026-05-20,destino,PARAOPEBA,15.0,,nanica
2026-05-20,destino,PARAÍSO DAS ÁGUAS,0.06,,nanica
2026-05-20,destino,PARAÍSO DAS ÁGUAS,0.018,,outras
2026-05-20,destino,PARAÍSO DAS ÁGUAS,0.018,,prata
2026-05-20,destino,PEDRALVA,10.0,,nanica
2026-05-20,destino,PETRÓPOLIS,12.0,,nanica
2026-05-20,destino,PIAU,2.0,,prata
2026-05-20,destino,PIRACICABA,21.0,,nanica
2026-05-20,destino,PIRACICABA,15.3,,prata
2026-05-20,destino,QUIRINÓPOLIS,0.2,,nanica
2026-05-20,destino,QUIRINÓPOLIS,0.088,,outras
2026-05-20,destino,QUIRINÓPOLIS,0.216,,prata
2026-05-20,destino,RIBEIRÃO DAS NEVES,0.18,,outras
2026-05-20,destino,RIBEIRÃO DAS NEVES,21.0,,prata
2026-05-20,destino,RIBEIRÃO PRETO,70.415,,nanica
2026-05-20,destino,RIBEIRÃO PRETO,7.2,,outras
2026-05-20,destino,RIBEIRÃO PRETO,23.445,,prata
2026-05-20,destino,RIO DE JANEIRO,59.37,,nanica
2026-05-20,destino,RIO DE JANEIRO,199.78,,prata
2026-05-20,destino,RIO VERDE,0.11,,nanica
2026-05-20,destino,RIO VERDE,0.045,,outras
2026-05-20,destino,RIO VERDE,0.126,,prata
2026-05-20,destino,SANTO ANTÔNIO DO JARDIM,14.0,,nanica
2026-05-20,destino,SEROPÉDICA,20.0,,prata
2026-05-20,destino,SOROCABA,11.568,,nanica
2026-05-20,destino,SUZANO,11.488,,prata
2026-05-20,destino,SÃO BERNARDO DO CAMPO,13.85,,prata
2026-05-20,destino,SÃO CAETANO DO SUL,9.0,,nanica
2026-05-20,destino,SÃO CAETANO DO SUL,3.75,,prata
2026-05-20,destino,SÃO GONÇALO,6.0,,nanica
2026-05-20,destino,SÃO GONÇALO,8.0,,prata
2026-05-20,destino,SÃO JOSÉ DO RIO PRETO,24.0,,nanica
2026-05-20,destino,SÃO PAULO,20.0,,nanica
2026-05-20,destino,SÃO PAULO,0.72,,outras
2026-05-20,destino,SÃO PAULO,50.463,,prata
2026-05-20,destino,TABOÃO DA SERRA,9.6,,prata
2026-05-20,destino,TAUBATÉ,2.0,,nanica
2026-05-20,destino,TAUBATÉ,4.0,,prata
2026-05-20,destino,TRÊS RIOS,1.245,,nanica
2026-05-20,destino,TRÊS RIOS,0.045,,outras
2026-05-20,destino,TRÊS RIOS,0.945,,prata
2026-05-20,destino,UBERLÂNDIA,13.6,,nanica
2026-05-20,destino,UBERLÂNDIA,33.264,,prata
2026-05-20,destino,VARGINHA,14.0,,prata
2026-05-20,destino,VITÓRIA DA CONQUISTA,0.75,,nanica
2026-05-20,destino,VITÓRIA DA CONQUISTA,0.315,,outras
2026-05-20,destino,VOLTA REDONDA,1.9,,nanica
2026-05-20,destino,VOLTA REDONDA,3.8,,prata
2026-05-20,destino,VÁRZEA PAULISTA,27.6,,nanica
2026-05-20,origem,ALFENAS,15.0,,prata
2026-05-20,origem,ARAÇUAÍ,25.5,,prata
2026-05-20,origem,AUGUSTO DE LIMA,15.0,,prata
2026-05-20,origem,BRAZÓPOLIS,2.0,,nanica
2026-05-20,origem,BRAZÓPOLIS,4.0,,prata
2026-05-20,origem,CANÁPOLIS,7.2,,outras
2026-05-20,origem,CAPITÃO ENÉAS,30.068,,nanica
2026-05-20,origem,CLARO DOS POÇÕES,1.44,,nanica
2026-05-20,origem,CLARO DOS POÇÕES,5.56,,prata
2026-05-20,origem,CONTAGEM,24.0,,prata
2026-05-20,origem,CRISTINA,14.0,,prata
2026-05-20,origem,CURVELO,16.59,,nanica
2026-05-20,origem,CURVELO,7.5,,prata
2026-05-20,origem,CÁSSIA,36.014,,prata
2026-05-20,origem,DELFINÓPOLIS,4.35,,nanica
2026-05-20,origem,DELFINÓPOLIS,84.581,,prata
2026-05-20,origem,ESPINOSA,26.0,,prata
2026-05-20,origem,FRANCISCO SÁ,12.6,,prata
2026-05-20,origem,GONÇALVES,4.0,,prata
2026-05-20,origem,INDIANÓPOLIS,15.0,,prata
2026-05-20,origem,INHAPIM,2.0,,nanica
2026-05-20,origem,INHAPIM,8.0,,outras
2026-05-20,origem,INHAPIM,5.0,,prata
2026-05-20,origem,ITACARAMBI,35.0,,nanica
2026-05-20,origem,ITINGA,28.0,,prata
2026-05-20,origem,JANAÚBA,4.0,,nanica
2026-05-20,origem,JANAÚBA,53.5,,prata
2026-05-20,origem,JAÍBA,561.375,,nanica
2026-05-20,origem,JAÍBA,4.77,,outras
2026-05-20,origem,JAÍBA,86.03,,prata
2026-05-20,origem,JEQUITINHONHA,10.8,,prata
2026-05-20,origem,LASSANCE,23.1,,nanica
2026-05-20,origem,LASSANCE,28.365,,prata
2026-05-20,origem,MANGA,21.6,,nanica
2026-05-20,origem,MARILAC,15.0,,prata
2026-05-20,origem,MATIAS CARDOSO,18.0,,nanica
2026-05-20,origem,MONTES CLAROS,13.5,,nanica
2026-05-20,origem,MONTES CLAROS,32.85,,prata
2026-05-20,origem,NOVA PORTEIRINHA,10.0,,nanica
2026-05-20,origem,NOVA PORTEIRINHA,59.48,,prata
2026-05-20,origem,NOVA UNIÃO,44.0,,nanica
2026-05-20,origem,NOVA UNIÃO,16.0,,prata
2026-05-20,origem,PARAOPEBA,15.0,,nanica
2026-05-20,origem,PEDRALVA,16.9,,nanica
2026-05-20,origem,PEDRALVA,3.8,,prata
2026-05-20,origem,PEDRAS DE MARIA DA CRUZ,14.0,,prata
2026-05-20,origem,PIAU,2.0,,prata
2026-05-20,origem,PIRAPORA,9.6,,nanica
2026-05-20,origem,PIRAPORA,31.3,,prata
2026-05-20,origem,SÃO DOMINGOS DAS DORES,4.0,,nanica
2026-05-20,origem,SÃO DOMINGOS DAS DORES,4.0,,outras
2026-05-20,origem,SÃO DOMINGOS DAS DORES,4.0,,prata
2026-05-20,origem,SÃO FRANCISCO,26.5,,prata
2026-05-20,origem,SÃO JOÃO BATISTA DO GLÓRIA,15.0,,prata
2026-05-20,origem,SÃO JOÃO DA PONTE,7.0,,prata
2026-05-20,origem,UBERLÂNDIA,5.684,,nanica
2026-05-20,origem,UBERLÂNDIA,0.644,,outras
2026-05-20,origem,UBERLÂNDIA,5.32,,prata
2026-05-20,origem,VERDELÂNDIA,24.245,,nanica
2026-05-20,origem,VERDELÂNDIA,3.765,,outras
2026-05-20,origem,VERDELÂNDIA,93.565,,prata
2026-05-20,origem,VÁRZEA DA PALMA,9.0,,nanica
2026-05-20,origem,VÁRZEA DA PALMA,3.75,,prata
2026-05-21,destino,AMERICANA,23.1,,nanica
2026-05-21,destino,ARCOS,9.45,,prata
2026-05-21,destino,BELO HORIZONTE,12.0,,prata
2026-05-21,destino,BOTELHOS,9.0,,prata
2026-05-21,destino,BRASÍLIA,19.575,,nanica
2026-05-21,destino,BRASÍLIA,0.75,,outras
2026-05-21,destino,BRAZÓPOLIS,1.1,,nanica
2026-05-21,destino,BRAZÓPOLIS,54.4,,prata
2026-05-21,destino,CACHOEIRA PAULISTA,0.8,,nanica
2026-05-21,destino,CACHOEIRA PAULISTA,0.8,,prata
2026-05-21,destino,CALDAS,1.332,,prata
2026-05-21,destino,CAMPINAS,97.597,,nanica
2026-05-21,destino,CAMPINAS,53.01,,prata
2026-05-21,destino,CAMPO GRANDE,42.2,,nanica
2026-05-21,destino,CAMPO GRANDE,3.3,,prata
2026-05-21,destino,CAPELINHA,7.6,,prata
2026-05-21,destino,CARATINGA,4.0,,outras
2026-05-21,destino,CARATINGA,3.0,,prata
2026-05-21,destino,CATALÃO,0.14,,nanica
2026-05-21,destino,CATALÃO,0.266,,outras
2026-05-21,destino,CATALÃO,0.096,,prata
2026-05-21,destino,CONCEIÇÃO DAS PEDRAS,1.5,,nanica
2026-05-21,destino,CONCEIÇÃO DAS PEDRAS,4.5,,prata
2026-05-21,destino,CONTAGEM,266.535,,nanica
2026-05-21,destino,CONTAGEM,15.44,,outras
2026-05-21,destino,CONTAGEM,192.801,,prata
2026-05-21,destino,CUMARI,0.09,,outras
2026-05-21,destino,CURVELO,45.0,,nanica
2026-05-21,destino,DIVINÓPOLIS,19.5,,prata
2026-05-21,destino,DOURADOS,23.52,,nanica
2026-05-21,destino,FELIXLÂNDIA,1.0,,nanica
2026-05-21,destino,FELIXLÂNDIA,2.0,,prata
2026-05-21,destino,FOZ DO IGUAÇU,10.07,,prata
2026-05-21,destino,FRANCA,22.0,,nanica
2026-05-21,destino,FRANCA,12.792,,prata
2026-05-21,destino,GOIÂNIA,3.0,,outras
2026-05-21,destino,GUARULHOS,13.5,,nanica
2026-05-21,destino,IPATINGA,8.0,,prata
2026-05-21,destino,ITAJUBÁ,4.08,,prata
2026-05-21,destino,ITAMOGI,2.28,,prata
2026-05-21,destino,JACAREÍ,13.86,,nanica
2026-05-21,destino,JANAÚBA,81.07,,nanica
2026-05-21,destino,JANAÚBA,30.0,,prata
2026-05-21,destino,JESUÂNIA,7.2,,prata
2026-05-21,destino,JUIZ DE FORA,10.0,,nanica
2026-05-21,destino,JUNDIAÍ,19.1,,prata
2026-05-21,destino,LAGOA DA PRATA,3.0,,prata
2026-05-21,destino,LORENA,0.8,,nanica
2026-05-21,destino,LORENA,0.8,,prata
2026-05-21,destino,LOUVEIRA,13.44,,nanica
2026-05-21,destino,MARINGÁ,24.0,,nanica
2026-05-21,destino,MARINGÁ,15.0,,prata
2026-05-21,destino,MATEUS LEME,5.0,,prata
2026-05-21,destino,MINEIROS,3.0,,prata
2026-05-21,destino,MIRACATU,26.6,,nanica
2026-05-21,destino,MIRACATU,11.2,,prata
2026-05-21,destino,MONTES CLAROS,8.1,,nanica
2026-05-21,destino,MONTES CLAROS,6.36,,prata
2026-05-21,destino,NITERÓI,24.0,,prata
2026-05-21,destino,OSASCO,48.16,,nanica
2026-05-21,destino,OSASCO,3.25,,outras
2026-05-21,destino,OSASCO,24.82,,prata
2026-05-21,destino,PARAIBUNA,5.67,,nanica
2026-05-21,destino,PEDRALVA,12.0,,nanica
2026-05-21,destino,PEDRALVA,10.0,,prata
2026-05-21,destino,PETRÓPOLIS,1.5,,prata
2026-05-21,destino,PINDAMONHANGABA,1.0,,nanica
2026-05-21,destino,PINDAMONHANGABA,1.0,,prata
2026-05-21,destino,PORTO VELHO,23.44,,prata
2026-05-21,destino,POTIM,1.5,,nanica
2026-05-21,destino,POÇOS DE CALDAS,10.8,,prata
2026-05-21,destino,QUIRINÓPOLIS,0.64,,nanica
2026-05-21,destino,QUIRINÓPOLIS,0.688,,prata
2026-05-21,destino,RIBEIRÃO DAS NEVES,16.52,,nanica
2026-05-21,destino,RIBEIRÃO PRETO,124.34,,nanica
2026-05-21,destino,RIBEIRÃO PRETO,20.9,,prata
2026-05-21,destino,RIO DE JANEIRO,28.88,,nanica
2026-05-21,destino,RIO DE JANEIRO,135.582,,prata
2026-05-21,destino,SANTA BÁRBARA DO TUGÚRIO,1.5,,nanica
2026-05-21,destino,SANTA BÁRBARA DO TUGÚRIO,4.5,,prata
2026-05-21,destino,SANTA ISABEL,12.8,,prata
2026-05-21,destino,SANTA RITA DE CALDAS,5.886,,prata
2026-05-21,destino,SANTO ANDRÉ,7.5,,prata
2026-05-21,destino,SANTO ANTÔNIO DO JARDIM,15.6,,nanica
2026-05-21,destino,SEROPÉDICA,14.0,,prata
2026-05-21,destino,SETE BARRAS,15.0,,nanica
2026-05-21,destino,SÃO BERNARDO DO CAMPO,49.985,,prata
2026-05-21,destino,SÃO JOSÉ DO RIO PRETO,12.0,,nanica
2026-05-21,destino,SÃO PAULO,44.185,,nanica
2026-05-21,destino,SÃO PAULO,142.525,,prata
2026-05-21,destino,TABOÃO DA SERRA,15.0,,prata
2026-05-21,destino,TAUBATÉ,1.25,,nanica
2026-05-21,destino,TAUBATÉ,1.25,,prata
2026-05-21,destino,TRÊS RIOS,1.2,,nanica
2026-05-21,destino,TRÊS RIOS,0.045,,outras
2026-05-21,destino,TRÊS RIOS,1.425,,prata
2026-05-21,destino,UBERLÂNDIA,35.472,,prata
2026-05-21,destino,VITÓRIA DA CONQUISTA,0.75,,nanica
2026-05-21,destino,VITÓRIA DA CONQUISTA,0.315,,outras
2026-05-21,destino,VOTORANTIM,10.8,,prata
2026-05-21,destino,VÁRZEA PAULISTA,40.5,,nanica
2026-05-21,origem,ANDRADAS,13.8,,prata
2026-05-21,origem,ARAÇUAÍ,48.75,,prata
2026-05-21,origem,BRAZÓPOLIS,5.35,,nanica
2026-05-21,origem,BRAZÓPOLIS,47.85,,prata
2026-05-21,origem,CAMPINA VERDE,3.75,,outras
2026-05-21,origem,CANÁPOLIS,3.75,,outras
2026-05-21,origem,CAPITÃO ENÉAS,26.96,,nanica
2026-05-21,origem,CAPITÃO ENÉAS,16.36,,prata
2026-05-21,origem,CARMO DE MINAS,15.0,,prata
2026-05-21,origem,CONCEIÇÃO DAS PEDRAS,1.5,,nanica
2026-05-21,origem,CONCEIÇÃO DAS PEDRAS,7.5,,prata
2026-05-21,origem,CONTAGEM,131.185,,nanica
2026-05-21,origem,CONTAGEM,11.69,,outras
2026-05-21,origem,CONTAGEM,75.081,,prata
2026-05-21,origem,CORINTO,15.6,,nanica
2026-05-21,origem,CORINTO,16.11,,prata
2026-05-21,origem,CRISTINA,5.0,,prata
2026-05-21,origem,CURVELO,46.0,,nanica
2026-05-21,origem,CURVELO,2.0,,prata
2026-05-21,origem,CÁSSIA,58.465,,prata
2026-05-21,origem,DELFINÓPOLIS,211.889,,prata
2026-05-21,origem,FRANCISCO SÁ,12.6,,nanica
2026-05-21,origem,GONÇALVES,2.0,,prata
2026-05-21,origem,IBITIÚRA DE MINAS,7.218,,prata
2026-05-21,origem,ITACARAMBI,37.0,,nanica
2026-05-21,origem,ITINGA,8.0,,prata
2026-05-21,origem,JANAÚBA,66.44,,prata
2026-05-21,origem,JAÍBA,641.307,,nanica
2026-05-21,origem,JAÍBA,0.315,,outras
2026-05-21,origem,JAÍBA,133.09,,prata
2026-05-21,origem,LAGOA DA PRATA,3.0,,prata
2026-05-21,origem,LASSANCE,10.5,,nanica
2026-05-21,origem,LASSANCE,13.8,,prata
2026-05-21,origem,MANGA,46.32,,nanica
2026-05-21,origem,MANHUAÇU,4.0,,outras
2026-05-21,origem,MANHUAÇU,3.0,,prata
2026-05-21,origem,MATIAS CARDOSO,17.44,,nanica
2026-05-21,origem,MATIAS CARDOSO,36.5,,prata
2026-05-21,origem,MONTES CLAROS,8.1,,nanica
2026-05-21,origem,MONTES CLAROS,18.36,,prata
2026-05-21,origem,NATÉRCIA,1.5,,nanica
2026-05-21,origem,NATÉRCIA,1.5,,prata
2026-05-21,origem,NOVA PORTEIRINHA,69.63,,prata
2026-05-21,origem,NOVA UNIÃO,13.0,,nanica
2026-05-21,origem,NOVA UNIÃO,2.0,,prata
2026-05-21,origem,PEDRALVA,13.1,,nanica
2026-05-21,origem,PEDRALVA,9.4,,prata
2026-05-21,origem,PIAU,1.5,,prata
2026-05-21,origem,PIRANGUÇU,5.67,,nanica
2026-05-21,origem,PIRAPORA,55.67,,prata
2026-05-21,origem,SANTO HIPÓLITO,20.0,,prata
2026-05-21,origem,SÃO FRANCISCO,38.0,,prata
2026-05-21,origem,SÃO JOÃO BATISTA DO GLÓRIA,9.45,,prata
2026-05-21,origem,SÃO JOÃO DA PONTE,7.0,,prata
2026-05-21,origem,UBERLÂNDIA,0.78,,nanica
2026-05-21,origem,UBERLÂNDIA,0.356,,outras
2026-05-21,origem,UBERLÂNDIA,0.784,,prata
2026-05-21,origem,VERDELÂNDIA,72.22,,nanica
2026-05-21,origem,VERDELÂNDIA,3.295,,outras
2026-05-21,origem,VERDELÂNDIA,26.897,,prata
2026-05-21,origem,VÁRZEA DA PALMA,13.5,,prata
2026-05-22,destino,AMERICANA,22.5,,nanica
2026-05-22,destino,BAURU,11.648,,prata
2026-05-22,destino,BERTÓPOLIS,1.9,,prata
2026-05-22,destino,BRASÍLIA,25.0,,prata
2026-05-22,destino,BRAZÓPOLIS,12.0,,prata
2026-05-22,destino,CAMPINAS,118.455,,nanica
2026-05-22,destino,CAMPINAS,4.65,,outras
2026-05-22,destino,CAMPINAS,73.435,,prata
2026-05-22,destino,CAMPO GRANDE,39.36,,nanica
2026-05-22,destino,CAMPO GRANDE,5.0,,prata
2026-05-22,destino,CAMPOS DO JORDÃO,0.5,,nanica
2026-05-22,destino,CAMPOS DO JORDÃO,1.2,,prata
2026-05-22,destino,CARATINGA,10.0,,nanica
2026-05-22,destino,CARATINGA,5.0,,prata
2026-05-22,destino,CARMO DE MINAS,10.0,,prata
2026-05-22,destino,CATALÃO,0.112,,nanica
2026-05-22,destino,CATALÃO,0.292,,outras
2026-05-22,destino,CATALÃO,0.128,,prata
2026-05-22,destino,CHAPADÃO DO SUL,0.054,,outras
2026-05-22,destino,CHAPADÃO DO SUL,0.19,,prata
2026-05-22,destino,CONSELHEIRO LAFAIETE,4.0,,prata
2026-05-22,destino,CONTAGEM,319.4,,nanica
2026-05-22,destino,CONTAGEM,7.2,,outras
2026-05-22,destino,CONTAGEM,245.4,,prata
2026-05-22,destino,CORONEL PACHECO,7.5,,prata
2026-05-22,destino,COSTA RICA,0.038,,nanica
2026-05-22,destino,CRISTINA,16.0,,prata
2026-05-22,destino,DIADEMA,13.5,,prata
2026-05-22,destino,DIVINÓPOLIS,4.95,,prata
2026-05-22,destino,DOURADOS,21.4,,nanica
2026-05-22,destino,FRANCA,14.0,,nanica
2026-05-22,destino,GUANHÃES,4.0,,nanica
2026-05-22,destino,GUANHÃES,11.0,,prata
2026-05-22,destino,GUARULHOS,23.139,,prata
2026-05-22,destino,INOCÊNCIA,0.057,,nanica
2026-05-22,destino,INOCÊNCIA,0.038,,prata
2026-05-22,destino,IPAMERI,0.064,,nanica
2026-05-22,destino,IPAMERI,0.216,,outras
2026-05-22,destino,IPAMERI,0.064,,prata
2026-05-22,destino,ITAJUBÁ,9.4,,prata
2026-05-22,destino,ITAPERUNA,0.5,,nanica
2026-05-22,destino,ITAPERUNA,0.5,,prata
2026-05-22,destino,ITARIRI,26.46,,nanica
2026-05-22,destino,ITARIRI,19.506,,prata
2026-05-22,destino,ITUMBIARA,0.26,,nanica
2026-05-22,destino,ITUMBIARA,0.41,,outras
2026-05-22,destino,ITUMBIARA,0.584,,prata
2026-05-22,destino,JANAÚBA,65.09,,nanica
2026-05-22,destino,JARDINÓPOLIS,24.0,,nanica
2026-05-22,destino,JUIZ DE FORA,18.75,,nanica
2026-05-22,destino,JUIZ DE FORA,3.75,,prata
2026-05-22,destino,JUNDIAÍ,21.35,,nanica
2026-05-22,destino,JUNDIAÍ,61.4,,prata
2026-05-22,destino,LORENA,1.0,,nanica
2026-05-22,destino,LORENA,3.0,,prata
2026-05-22,destino,MARINGÁ,21.8,,nanica
2026-05-22,destino,MIRACATU,11.2,,prata
2026-05-22,destino,MONTES CLAROS,13.68,,nanica
2026-05-22,destino,MONTES CLAROS,1.5,,outras
2026-05-22,destino,MONTES CLAROS,20.24,,prata
2026-05-22,destino,NITERÓI,12.0,,nanica
2026-05-22,destino,NITERÓI,16.44,,prata
2026-05-22,destino,NOVA UNIÃO,16.25,,prata
2026-05-22,destino,OSASCO,17.4,,nanica
2026-05-22,destino,PARAIBUNA,12.012,,nanica
2026-05-22,destino,PARANAÍBA,0.038,,nanica
2026-05-22,destino,PARAOPEBA,45.0,,nanica
2026-05-22,destino,PARAOPEBA,30.0,,prata
2026-05-22,destino,PATOS DE MINAS,0.95,,nanica
2026-05-22,destino,PATOS DE MINAS,14.75,,prata
2026-05-22,destino,PEDRALVA,72.1,,nanica
2026-05-22,destino,PERUÍBE,11.94,,nanica
2026-05-22,destino,PIAU,4.0,,nanica
2026-05-22,destino,PIAU,32.0,,prata
2026-05-22,destino,PIEDADE DE CARATINGA,7.0,,prata
2026-05-22,destino,PINDAMONHANGABA,3.0,,prata
2026-05-22,destino,POUSO ALEGRE,15.0,,prata
2026-05-22,destino,QUIRINÓPOLIS,0.32,,nanica
2026-05-22,destino,QUIRINÓPOLIS,0.344,,outras
2026-05-22,destino,QUIRINÓPOLIS,0.293,,prata
2026-05-22,destino,RIBEIRÃO DAS NEVES,12.0,,prata
2026-05-22,destino,RIBEIRÃO PRETO,96.875,,nanica
2026-05-22,destino,RIBEIRÃO PRETO,2.7,,outras
2026-05-22,destino,RIBEIRÃO PRETO,37.305,,prata
2026-05-22,destino,RIO DE JANEIRO,93.27,,nanica
2026-05-22,destino,RIO DE JANEIRO,0.81,,outras
2026-05-22,destino,RIO DE JANEIRO,399.998,,prata
2026-05-22,destino,RIO VERDE,0.16,,nanica
2026-05-22,destino,RIO VERDE,0.115,,outras
2026-05-22,destino,RIO VERDE,0.16,,prata
2026-05-22,destino,SANTO ANDRÉ,17.7,,prata
2026-05-22,destino,SANTO ANTÔNIO DO JARDIM,4.8,,prata
2026-05-22,destino,SOROCABA,12.5,,prata
2026-05-22,destino,SUZANO,11.488,,prata
2026-05-22,destino,SÃO BERNARDO DO CAMPO,49.42,,prata
2026-05-22,destino,SÃO FRANCISCO,4.0,,prata
2026-05-22,destino,SÃO GONÇALO,13.0,,nanica
2026-05-22,destino,SÃO GONÇALO,14.0,,prata
2026-05-22,destino,SÃO JOSÉ DO RIO PRETO,67.08,,nanica
2026-05-22,destino,SÃO JOSÉ DO RIO PRETO,10.368,,prata
2026-05-22,destino,SÃO JOSÉ DOS CAMPOS,4.4,,prata
2026-05-22,destino,SÃO PAULO,149.64,,nanica
2026-05-22,destino,SÃO PAULO,1.65,,outras
2026-05-22,destino,SÃO PAULO,74.301,,prata
2026-05-22,destino,TAUBATÉ,15.39,,prata
2026-05-22,destino,UBERLÂNDIA,16.464,,nanica
2026-05-22,destino,UBERLÂNDIA,34.264,,prata
2026-05-22,destino,UNAÍ,1.05,,nanica
2026-05-22,destino,UNAÍ,1.2,,prata
2026-05-22,destino,VOLTA REDONDA,1.0,,nanica
2026-05-22,destino,VOLTA REDONDA,13.0,,prata
2026-05-22,destino,VÁRZEA PAULISTA,31.65,,nanica
2026-05-22,destino,VÁRZEA PAULISTA,15.0,,prata
2026-05-22,origem,ARAÇUAÍ,44.0,,prata
2026-05-22,origem,BRAZÓPOLIS,2.1,,nanica
2026-05-22,origem,BRAZÓPOLIS,22.98,,prata
2026-05-22,origem,BURITIZEIRO,8.9,,prata
2026-05-22,origem,CANTAGALO,4.0,,nanica
2026-05-22,origem,CANTAGALO,11.0,,prata
2026-05-22,origem,CAPITÃO ENÉAS,13.5,,nanica
2026-05-22,origem,CAPITÃO ENÉAS,16.0,,prata
2026-05-22,origem,CARANGOLA,0.5,,nanica
2026-05-22,origem,CARANGOLA,0.5,,prata
2026-05-22,origem,CARMO DE MINAS,10.0,,prata
2026-05-22,origem,CONSOLAÇÃO,2.4,,prata
2026-05-22,origem,CONTAGEM,16.0,,nanica
2026-05-22,origem,CONTAGEM,16.0,,prata
2026-05-22,origem,CORINTO,7.425,,prata
2026-05-22,origem,CURVELO,15.0,,nanica
2026-05-22,origem,CÁSSIA,24.984,,prata
2026-05-22,origem,DELFINÓPOLIS,26.264,,nanica
2026-05-22,origem,DELFINÓPOLIS,282.571,,prata
2026-05-22,origem,ESPINOSA,30.0,,prata
2026-05-22,origem,FRANCISCO SÁ,18.75,,nanica
2026-05-22,origem,FRANCISCO SÁ,10.0,,prata
2026-05-22,origem,GONÇALVES,2.0,,prata
2026-05-22,origem,INDIANÓPOLIS,15.0,,prata
2026-05-22,origem,ITACARAMBI,37.0,,nanica
2026-05-22,origem,ITAOBIM,8.0,,prata
2026-05-22,origem,ITINGA,15.6,,prata
2026-05-22,origem,JANAÚBA,36.1,,nanica
2026-05-22,origem,JANAÚBA,70.648,,prata
2026-05-22,origem,JAÍBA,733.26,,nanica
2026-05-22,origem,JAÍBA,11.7,,outras
2026-05-22,origem,JAÍBA,157.596,,prata
2026-05-22,origem,JEQUITINHONHA,33.7,,prata
2026-05-22,origem,LASSANCE,11.55,,nanica
2026-05-22,origem,LASSANCE,78.745,,prata
2026-05-22,origem,MANGA,52.67,,nanica
2026-05-22,origem,MARILAC,15.0,,prata
2026-05-22,origem,MATIAS CARDOSO,27.0,,nanica
2026-05-22,origem,MATIAS CARDOSO,39.8,,prata
2026-05-22,origem,MONTES CLAROS,52.44,,prata
2026-05-22,origem,NOVA PORTEIRINHA,23.4,,nanica
2026-05-22,origem,NOVA PORTEIRINHA,166.063,,prata
2026-05-22,origem,NOVA UNIÃO,141.5,,nanica
2026-05-22,origem,NOVA UNIÃO,23.5,,prata
2026-05-22,origem,PARAOPEBA,45.0,,nanica
2026-05-22,origem,PARAOPEBA,30.0,,prata
2026-05-22,origem,PAULISTAS,6.0,,nanica
2026-05-22,origem,PAULISTAS,8.1,,prata
2026-05-22,origem,PEDRALVA,54.112,,nanica
2026-05-22,origem,PEDRAS DE MARIA DA CRUZ,31.2,,prata
2026-05-22,origem,PIAU,4.0,,nanica
2026-05-22,origem,PIAU,20.0,,prata
2026-05-22,origem,PIRAPORA,0.95,,nanica
2026-05-22,origem,PIRAPORA,54.39,,prata
2026-05-22,origem,SANTO HIPÓLITO,18.96,,prata
2026-05-22,origem,SENHORA DOS REMÉDIOS,4.0,,prata
2026-05-22,origem,SÃO FRANCISCO,1.05,,nanica
2026-05-22,origem,SÃO FRANCISCO,13.6,,prata
2026-05-22,origem,SÃO JOSÉ DO ALEGRE,15.0,,nanica
2026-05-22,origem,TOCANTINS,3.75,,nanica
2026-05-22,origem,TOCANTINS,3.75,,prata
2026-05-22,origem,UBAPORANGA,10.0,,nanica
2026-05-22,origem,UBAPORANGA,5.0,,prata
2026-05-22,origem,UBERLÂNDIA,2.249,,nanica
2026-05-22,origem,UBERLÂNDIA,1.431,,outras
2026-05-22,origem,UBERLÂNDIA,5.457,,prata
2026-05-22,origem,UNAÍ,6.0,,prata
2026-05-22,origem,VERDELÂNDIA,88.02,,nanica
2026-05-22,origem,VERDELÂNDIA,6.81,,outras
2026-05-22,origem,VERDELÂNDIA,93.39,,prata
2026-05-22,origem,VÁRZEA DA PALMA,8.0,,prata
2026-05-23,destino,CASSILÂNDIA,0.072,,prata
2026-05-23,destino,CHAPADÃO DO CÉU,0.06,,nanica
2026-05-23,destino,CHAPADÃO DO CÉU,0.018,,prata
2026-05-23,destino,CHAPADÃO DO SUL,0.04,,nanica
2026-05-23,destino,CHAPADÃO DO SUL,0.038,,outras
2026-05-23,destino,CHAPADÃO DO SUL,0.108,,prata
2026-05-23,destino,CONTAGEM,76.3,,nanica
2026-05-23,destino,CONTAGEM,49.025,,prata
2026-05-23,destino,CUIABÁ,15.84,,nanica
2026-05-23,destino,INOCÊNCIA,0.96,,nanica
2026-05-23,destino,INOCÊNCIA,0.148,,outras
2026-05-23,destino,INOCÊNCIA,0.198,,prata
2026-05-23,destino,NOVA ODESSA,12.0,,nanica
2026-05-23,destino,NOVA UNIÃO,16.5,,prata
2026-05-23,destino,PARANAÍBA,0.08,,outras
2026-05-23,destino,PARANAÍBA,0.054,,prata
2026-05-23,destino,PARAÍSO DAS ÁGUAS,0.02,,outras
2026-05-23,destino,PARAÍSO DAS ÁGUAS,0.018,,prata
2026-05-23,destino,RIO DE JANEIRO,33.0,,nanica
2026-05-23,destino,RIO DE JANEIRO,71.0,,prata
2026-05-23,destino,SÃO PAULO,47.08,,nanica
2026-05-23,destino,TRÊS RIOS,1.635,,nanica
2026-05-23,destino,TRÊS RIOS,0.045,,outras
2026-05-23,destino,TRÊS RIOS,1.5,,prata
2026-05-23,destino,VITÓRIA DA CONQUISTA,0.45,,nanica
2026-05-23,destino,VITÓRIA DA CONQUISTA,0.24,,outras
2026-05-23,destino,VÁRZEA PAULISTA,14.1,,nanica
2026-05-23,origem,ARAÇUAÍ,15.0,,prata
2026-05-23,origem,ITACARAMBI,33.0,,nanica
2026-05-23,origem,JANAÚBA,15.0,,prata
2026-05-23,origem,JAÍBA,123.31,,nanica
2026-05-23,origem,JAÍBA,0.24,,outras
2026-05-23,origem,JAÍBA,39.0,,prata
2026-05-23,origem,LASSANCE,21.0,,nanica
2026-05-23,origem,LASSANCE,21.0,,prata
2026-05-23,origem,MATIAS CARDOSO,21.46,,nanica
2026-05-23,origem,NOVA PORTEIRINHA,10.0,,prata
2026-05-23,origem,PIRAPORA,34.5,,prata
2026-05-23,origem,UBERLÂNDIA,1.06,,nanica
2026-05-23,origem,UBERLÂNDIA,0.286,,outras
2026-05-23,origem,UBERLÂNDIA,0.468,,prata
2026-05-23,origem,VERDELÂNDIA,1.635,,nanica
2026-05-23,origem,VERDELÂNDIA,0.045,,outras
2026-05-23,origem,VERDELÂNDIA,3.525,,prata
2026-05-25,destino,ANDRADAS,15.0,,prata
2026-05-25,destino,ARAÇATUBA,24.0,,nanica
2026-05-25,destino,ARAÇATUBA,7.5,,prata
2026-05-25,destino,BARUERI,11.55,,nanica
2026-05-25,destino,BARUERI,2.5,,prata
2026-05-25,destino,BAURU,10.5,,prata
2026-05-25,destino,BELO HORIZONTE,4.0,,nanica
2026-05-25,destino,BELO HORIZONTE,1.0,,outras
2026-05-25,destino,BELO HORIZONTE,10.0,,prata
2026-05-25,destino,BRASÍLIA,20.0,,prata
2026-05-25,destino,BRAZÓPOLIS,15.0,,nanica
2026-05-25,destino,BURITI ALEGRE,2.08,,outras
2026-05-25,destino,CAMPINAS,108.15,,nanica
2026-05-25,destino,CAMPINAS,1.35,,outras
2026-05-25,destino,CAMPINAS,49.48,,prata
2026-05-25,destino,CAMPO GRANDE,53.32,,nanica
2026-05-25,destino,CAMPO GRANDE,6.24,,prata
2026-05-25,destino,CARIACICA,6.0,,prata
2026-05-25,destino,CATALÃO,0.148,,nanica
2026-05-25,destino,CATALÃO,0.456,,outras
2026-05-25,destino,CATALÃO,0.13,,prata
2026-05-25,destino,CONGONHAL,60.0,,nanica
2026-05-25,destino,CONTAGEM,168.3,,nanica
2026-05-25,destino,CONTAGEM,3.555,,outras
2026-05-25,destino,CONTAGEM,214.32,,prata
2026-05-25,destino,COSMÓPOLIS,13.5,,nanica
2026-05-25,destino,CUIABÁ,19.24,,nanica
2026-05-25,destino,CUIABÁ,3.36,,prata
2026-05-25,destino,CUMARI,0.054,,outras
2026-05-25,destino,EXTREMA,2.0,,nanica
2026-05-25,destino,EXTREMA,5.0,,prata
2026-05-25,destino,FRANCA,14.0,,nanica
2026-05-25,destino,FRANCA,8.1,,prata
2026-05-25,destino,GOIÂNIA,1.5,,outras
2026-05-25,destino,GOVERNADOR VALADARES,6.0,,nanica
2026-05-25,destino,GOVERNADOR VALADARES,3.0,,outras
2026-05-25,destino,GOVERNADOR VALADARES,6.0,,prata
2026-05-25,destino,GUARANÉSIA,10.0,,prata
2026-05-25,destino,GUARULHOS,13.5,,nanica
2026-05-25,destino,ITAJUBÁ,2.0,,prata
2026-05-25,destino,ITUIUTABA,4.0,,outras
2026-05-25,destino,JALES,13.26,,nanica
2026-05-25,destino,JANAÚBA,81.06,,nanica
2026-05-25,destino,JANAÚBA,17.0,,prata
2026-05-25,destino,JUIZ DE FORA,5.0,,prata
2026-05-25,destino,JUNDIAÍ,23.6,,nanica
2026-05-25,destino,LIMEIRA,11.1,,nanica
2026-05-25,destino,MASSARANDUBA,21.168,,nanica
2026-05-25,destino,MONTES CLAROS,2.76,,outras
2026-05-25,destino,MONTES CLAROS,41.1,,prata
2026-05-25,destino,OSASCO,40.275,,nanica
2026-05-25,destino,OSASCO,2.6,,outras
2026-05-25,destino,OSASCO,16.24,,prata
2026-05-25,destino,PARAIBUNA,17.0,,nanica
2026-05-25,destino,PARAOPEBA,15.0,,nanica
2026-05-25,destino,PATOS DE MINAS,12.0,,prata
2026-05-25,destino,PEDRA AZUL,2.4,,prata
2026-05-25,destino,PEDRALVA,47.0,,nanica
2026-05-25,destino,PEDRALVA,10.0,,prata
2026-05-25,destino,PONTA PORÃ,23.52,,nanica
2026-05-25,destino,POUSO ALEGRE,3.615,,nanica
2026-05-25,destino,POUSO ALEGRE,0.81,,outras
2026-05-25,destino,POUSO ALEGRE,10.5,,prata
2026-05-25,destino,QUIRINÓPOLIS,1.2,,nanica
2026-05-25,destino,QUIRINÓPOLIS,1.2,,prata
2026-05-25,destino,RESENDE,0.4,,nanica
2026-05-25,destino,RIBEIRÃO DAS NEVES,24.0,,prata
2026-05-25,destino,RIBEIRÃO PRETO,81.36,,nanica
2026-05-25,destino,RIO DE JANEIRO,91.16,,nanica
2026-05-25,destino,RIO DE JANEIRO,367.0,,prata
2026-05-25,destino,SEROPÉDICA,14.0,,prata
2026-05-25,destino,SUMARÉ,7.8,,prata
2026-05-25,destino,SÃO BERNARDO DO CAMPO,13.385,,prata
2026-05-25,destino,SÃO CAETANO DO SUL,8.775,,nanica
2026-05-25,destino,SÃO CAETANO DO SUL,3.375,,prata
2026-05-25,destino,SÃO GONÇALO,11.0,,nanica
2026-05-25,destino,SÃO GONÇALO,7.0,,prata
2026-05-25,destino,SÃO JOSÉ DO RIO PRETO,24.0,,nanica
2026-05-25,destino,SÃO JOSÉ DO RIO PRETO,9.495,,prata
2026-05-25,destino,SÃO JOSÉ DOS CAMPOS,11.1,,nanica
2026-05-25,destino,SÃO PAULO,32.0,,nanica
2026-05-25,destino,SÃO PAULO,2.19,,outras
2026-05-25,destino,SÃO PAULO,111.279,,prata
2026-05-25,destino,TABOÃO DA SERRA,13.5,,nanica
2026-05-25,destino,TABOÃO DA SERRA,1.5,,outras
2026-05-25,destino,TABOÃO DA SERRA,15.0,,prata
2026-05-25,destino,TAQUARAÇU DE MINAS,10.0,,prata
2026-05-25,destino,TAUBATÉ,1.6,,nanica
2026-05-25,destino,TAUBATÉ,15.3,,prata
2026-05-25,destino,TEÓFILO OTONI,2.0,,prata
2026-05-25,destino,TOCANTINS,3.75,,nanica
2026-05-25,destino,TOCANTINS,3.75,,prata
2026-05-25,destino,TRÊS CORAÇÕES,15.0,,prata
2026-05-25,destino,TRÊS RIOS,1.395,,nanica
2026-05-25,destino,TRÊS RIOS,1.26,,prata
2026-05-25,destino,UBERLÂNDIA,1.0,,nanica
2026-05-25,destino,UBERLÂNDIA,15.5,,outras
2026-05-25,destino,UBERLÂNDIA,5.0,,prata
2026-05-25,destino,VARGINHA,8.0,,prata
2026-05-25,destino,VITÓRIA DA CONQUISTA,0.45,,nanica
2026-05-25,destino,VITÓRIA DA CONQUISTA,0.24,,outras
2026-05-25,destino,VIÇOSA,14.0,,prata
2026-05-25,destino,VOLTA REDONDA,1.0,,nanica
2026-05-25,destino,VOLTA REDONDA,2.0,,prata
2026-05-25,destino,VÁRZEA PAULISTA,36.0,,nanica
2026-05-25,destino,VÁRZEA PAULISTA,16.5,,prata
2026-05-25,origem,ANDRADAS,35.3,,prata
2026-05-25,origem,ARAÇUAÍ,74.08,,prata
2026-05-25,origem,BOM JESUS DO AMPARO,15.0,,nanica
2026-05-25,origem,BRAZÓPOLIS,1.6,,nanica
2026-05-25,origem,BRAZÓPOLIS,2.0,,prata
2026-05-25,origem,CAMPINA VERDE,3.555,,outras
2026-05-25,origem,CANÁPOLIS,7.58,,outras
2026-05-25,origem,CAPITÃO ENÉAS,41.0,,prata
2026-05-25,origem,CLARO DOS POÇÕES,19.0,,prata
2026-05-25,origem,CONGONHAL,10.0,,nanica
2026-05-25,origem,CONTAGEM,30.0,,nanica
2026-05-25,origem,CRISTINA,8.4,,nanica
2026-05-25,origem,CRISTINA,25.0,,prata
2026-05-25,origem,CÁSSIA,13.385,,prata
2026-05-25,origem,DELFINÓPOLIS,114.404,,prata
2026-05-25,origem,ESPINOSA,45.0,,prata
2026-05-25,origem,INHAPIM,6.0,,nanica
2026-05-25,origem,INHAPIM,3.0,,outras
2026-05-25,origem,INHAPIM,6.0,,prata
2026-05-25,origem,ITACARAMBI,32.0,,nanica
2026-05-25,origem,ITAMBACURI,2.0,,prata
2026-05-25,origem,JANAÚBA,76.0,,prata
2026-05-25,origem,JAÍBA,698.598,,nanica
2026-05-25,origem,JAÍBA,3.09,,outras
2026-05-25,origem,JAÍBA,104.41,,prata
2026-05-25,origem,JEQUITINHONHA,34.2,,prata
2026-05-25,origem,LASSANCE,77.6,,prata
2026-05-25,origem,MANGA,44.6,,nanica
2026-05-25,origem,MARILAC,3.75,,nanica
2026-05-25,origem,MARILAC,39.75,,prata
2026-05-25,origem,MATIAS CARDOSO,6.3,,nanica
2026-05-25,origem,MATIAS CARDOSO,53.45,,prata
2026-05-25,origem,MONTES CLAROS,102.11,,prata
2026-05-25,origem,NOVA PORTEIRINHA,4.0,,nanica
2026-05-25,origem,NOVA PORTEIRINHA,72.65,,prata
2026-05-25,origem,NOVA UNIÃO,45.0,,nanica
2026-05-25,origem,PARAOPEBA,15.0,,nanica
2026-05-25,origem,PEDRALVA,124.0,,nanica
2026-05-25,origem,PEDRALVA,20.0,,prata
2026-05-25,origem,PEDRAS DE MARIA DA CRUZ,15.0,,prata
2026-05-25,origem,PEQUI,4.0,,nanica
2026-05-25,origem,PEQUI,1.0,,outras
2026-05-25,origem,PEQUI,10.0,,prata
2026-05-25,origem,PIRAPORA,25.5,,prata
2026-05-25,origem,PONTO DOS VOLANTES,18.0,,prata
2026-05-25,origem,PORTEIRINHA,13.0,,prata
2026-05-25,origem,POUSO ALEGRE,3.615,,nanica
2026-05-25,origem,POUSO ALEGRE,0.81,,outras
2026-05-25,origem,POUSO ALEGRE,10.5,,prata
2026-05-25,origem,SÃO FRANCISCO,31.0,,prata
2026-05-25,origem,TEIXEIRAS,14.0,,prata
2026-05-25,origem,UBERLÂNDIA,2.348,,nanica
2026-05-25,origem,UBERLÂNDIA,16.01,,outras
2026-05-25,origem,UBERLÂNDIA,6.33,,prata
2026-05-25,origem,VERDELÂNDIA,66.01,,nanica
2026-05-25,origem,VERDELÂNDIA,7.55,,outras
2026-05-25,origem,VERDELÂNDIA,52.67,,prata
2026-05-25,origem,VÁRZEA DA PALMA,8.775,,nanica
2026-05-25,origem,VÁRZEA DA PALMA,3.375,,prata
2026-05-26,destino,ANDRADAS,15.0,,prata
2026-05-26,destino,APARECIDA DE GOIÂNIA,20.25,,prata
2026-05-26,destino,ARAÇATUBA,24.0,,nanica
2026-05-26,destino,BARBACENA,4.8,,nanica
2026-05-26,destino,BARBACENA,2.9,,prata
2026-05-26,destino,BOTELHOS,1.0,,nanica
2026-05-26,destino,BOTELHOS,2.0,,prata
2026-05-26,destino,BRASÍLIA,5.5,,nanica
2026-05-26,destino,BRASÍLIA,0.525,,outras
2026-05-26,destino,BRASÍLIA,47.88,,prata
2026-05-26,destino,BRAZÓPOLIS,16.8,,prata
2026-05-26,destino,CAMBUQUIRA,4.0,,prata
2026-05-26,destino,CAMPANHA,3.0,,prata
2026-05-26,destino,CAMPINAS,61.14,,nanica
2026-05-26,destino,CAMPINAS,36.8,,prata
2026-05-26,destino,CARATINGA,1.0,,nanica
2026-05-26,destino,CARATINGA,2.0,,outras
2026-05-26,destino,CARATINGA,1.0,,prata
2026-05-26,destino,CAXAMBU,2.0,,prata
2026-05-26,destino,CONGONHAL,8.0,,nanica
2026-05-26,destino,CONTAGEM,506.875,,nanica
2026-05-26,destino,CONTAGEM,42.455,,outras
2026-05-26,destino,CONTAGEM,292.26,,prata
2026-05-26,destino,CURVELO,45.0,,nanica
2026-05-26,destino,CURVELO,15.0,,prata
2026-05-26,destino,DIADEMA,13.5,,prata
2026-05-26,destino,DIVINÓPOLIS,18.06,,prata
2026-05-26,destino,ESPÍRITO SANTO DO DOURADO,6.0,,prata
2026-05-26,destino,FRANCA,2.25,,prata
2026-05-26,destino,GUARULHOS,16.5,,nanica
2026-05-26,destino,INCONFIDENTES,7.5,,prata
2026-05-26,destino,ITAJUBÁ,18.3,,nanica
2026-05-26,destino,ITAJUBÁ,6.98,,prata
2026-05-26,destino,ITAMOGI,2.28,,nanica
2026-05-26,destino,ITAPERUNA,1.0,,nanica
2026-05-26,destino,ITARIRI,15.0,,nanica
2026-05-26,destino,ITARIRI,42.652,,prata
2026-05-26,destino,ITUMBIARA,1.12,,outras
2026-05-26,destino,JALES,13.44,,nanica
2026-05-26,destino,JANAÚBA,13.5,,nanica
2026-05-26,destino,JANAÚBA,8.0,,prata
2026-05-26,destino,JUIZ DE FORA,2.0,,prata
2026-05-26,destino,JUNDIAÍ,26.6,,nanica
2026-05-26,destino,JUNDIAÍ,36.9,,prata
2026-05-26,destino,LAMBARI,1.0,,prata
2026-05-26,destino,MARIA DA FÉ,5.7,,prata
2026-05-26,destino,MARINGÁ,46.8,,nanica
2026-05-26,destino,MONTES CLAROS,14.55,,nanica
2026-05-26,destino,MONTES CLAROS,3.0,,outras
2026-05-26,destino,MONTES CLAROS,6.75,,prata
2026-05-26,destino,NITERÓI,22.0,,prata
2026-05-26,destino,NOVA PORTEIRINHA,6.0,,prata
2026-05-26,destino,NOVA UNIÃO,10.0,,prata
2026-05-26,destino,OSASCO,41.34,,nanica
2026-05-26,destino,OSASCO,17.4,,prata
2026-05-26,destino,PARAOPEBA,30.0,,nanica
2026-05-26,destino,PINDAMONHANGABA,3.0,,nanica
2026-05-26,destino,PINDAMONHANGABA,3.0,,prata
2026-05-26,destino,PIRANGUÇU,13.4,,nanica
2026-05-26,destino,PIRANGUÇU,6.2,,prata
2026-05-26,destino,PIRAPORA,45.0,,prata
2026-05-26,destino,POUSO ALEGRE,3.3,,nanica
2026-05-26,destino,POUSO ALEGRE,40.24,,prata
2026-05-26,destino,POÇOS DE CALDAS,4.8,,prata
2026-05-26,destino,RIBEIRÃO PRETO,78.132,,nanica
2026-05-26,destino,RIBEIRÃO PRETO,37.125,,prata
2026-05-26,destino,RIO DE JANEIRO,80.22,,nanica
2026-05-26,destino,RIO DE JANEIRO,5.5,,outras
2026-05-26,destino,RIO DE JANEIRO,250.2,,prata
2026-05-26,destino,SANTA RITA DO PASSA QUATRO,5.25,,prata
2026-05-26,destino,SUZANO,11.52,,prata
2026-05-26,destino,SÃO BENTO DO SAPUCAÍ,6.08,,prata
2026-05-26,destino,SÃO BERNARDO DO CAMPO,26.885,,prata
2026-05-26,destino,SÃO GONÇALO,15.0,,prata
2026-05-26,destino,SÃO JOSÉ DO RIO PRETO,12.03,,nanica
2026-05-26,destino,SÃO LOURENÇO,4.0,,prata
2026-05-26,destino,SÃO PAULO,88.5,,nanica
2026-05-26,destino,SÃO PAULO,139.514,,prata
2026-05-26,destino,TABOÃO DA SERRA,23.05,,prata
2026-05-26,destino,TAUBATÉ,3.0,,nanica
2026-05-26,destino,TAUBATÉ,2.0,,prata
2026-05-26,destino,TRÊS CORAÇÕES,29.72,,nanica
2026-05-26,destino,TRÊS CORAÇÕES,5.0,,prata
2026-05-26,destino,TRÊS RIOS,1.545,,nanica
2026-05-26,destino,TRÊS RIOS,10.135,,prata
2026-05-26,destino,UBERLÂNDIA,0.5,,nanica
2026-05-26,destino,UNAÍ,0.9,,nanica
2026-05-26,destino,UNAÍ,1.2,,prata
2026-05-26,destino,VOLTA REDONDA,1.7,,nanica
2026-05-26,destino,VOLTA REDONDA,8.0,,prata
2026-05-26,destino,VOTORANTIM,11.744,,prata
2026-05-26,destino,VÁRZEA PAULISTA,18.0,,nanica
2026-05-26,origem,ARAÇUAÍ,54.24,,prata
2026-05-26,origem,BELO HORIZONTE,32.375,,nanica
2026-05-26,origem,BELO HORIZONTE,4.34,,outras
2026-05-26,origem,BELO HORIZONTE,41.01,,prata
2026-05-26,origem,BOTELHOS,1.0,,nanica
2026-05-26,origem,BOTELHOS,2.0,,prata
2026-05-26,origem,BRAZÓPOLIS,3.3,,nanica
2026-05-26,origem,BRAZÓPOLIS,27.0,,prata
2026-05-26,origem,CANÁPOLIS,1.12,,outras
2026-05-26,origem,CAPITÃO ENÉAS,4.05,,nanica
2026-05-26,origem,CAPITÃO ENÉAS,20.75,,prata
2026-05-26,origem,CARANGOLA,1.0,,nanica
2026-05-26,origem,CONTAGEM,340.02,,nanica
2026-05-26,origem,CONTAGEM,14.115,,outras
2026-05-26,origem,CONTAGEM,102.03,,prata
2026-05-26,origem,CURVELO,75.0,,nanica
2026-05-26,origem,CURVELO,15.0,,prata
2026-05-26,origem,CÁSSIA,10.16,,prata
2026-05-26,origem,DELFINÓPOLIS,13.72,,nanica
2026-05-26,origem,DELFINÓPOLIS,334.005,,prata
2026-05-26,origem,DESTERRO DO MELO,0.6,,nanica
2026-05-26,origem,DESTERRO DO MELO,0.8,,prata
2026-05-26,origem,ESPINOSA,10.0,,prata
2026-05-26,origem,ESPÍRITO SANTO DO DOURADO,6.0,,prata
2026-05-26,origem,IMBÉ DE MINAS,24.0,,outras
2026-05-26,origem,INCONFIDENTES,7.5,,prata
2026-05-26,origem,INDIANÓPOLIS,0.5,,nanica
2026-05-26,origem,INHAPIM,1.0,,nanica
2026-05-26,origem,INHAPIM,2.0,,outras
2026-05-26,origem,INHAPIM,1.0,,prata
2026-05-26,origem,ITACARAMBI,69.5,,nanica
2026-05-26,origem,ITACARAMBI,3.0,,outras
2026-05-26,origem,ITAJUBÁ,3.3,,nanica
2026-05-26,origem,ITAJUBÁ,2.9,,prata
2026-05-26,origem,ITINGA,16.17,,prata
2026-05-26,origem,JANAÚBA,27.79,,nanica
2026-05-26,origem,JANAÚBA,53.5,,prata
2026-05-26,origem,JAÍBA,426.232,,nanica
2026-05-26,origem,JAÍBA,122.895,,prata
2026-05-26,origem,JEQUITINHONHA,22.8,,prata
2026-05-26,origem,JESUÂNIA,15.0,,prata
2026-05-26,origem,LAMBARI,4.0,,prata
2026-05-26,origem,LASSANCE,31.8,,prata
2026-05-26,origem,MANGA,21.0,,nanica
2026-05-26,origem,MARILAC,15.0,,prata
2026-05-26,origem,MATIAS CARDOSO,15.0,,nanica
2026-05-26,origem,MATIAS CARDOSO,14.0,,prata
2026-05-26,origem,MONTES CLAROS,25.05,,nanica
2026-05-26,origem,MONTES CLAROS,28.75,,prata
2026-05-26,origem,NOVA PORTEIRINHA,97.78,,prata
2026-05-26,origem,NOVA UNIÃO,58.0,,nanica
2026-05-26,origem,NOVA UNIÃO,26.25,,prata
2026-05-26,origem,PARAOPEBA,30.0,,nanica
2026-05-26,origem,PEDRALVA,30.7,,nanica
2026-05-26,origem,PEDRALVA,4.0,,prata
2026-05-26,origem,PIAU,1.0,,nanica
2026-05-26,origem,PIAU,2.0,,outras
2026-05-26,origem,PIRANGUÇU,12.4,,nanica
2026-05-26,origem,PIRANGUÇU,9.2,,prata
2026-05-26,origem,PIRAPORA,103.58,,prata
2026-05-26,origem,SANTA BÁRBARA DO TUGÚRIO,4.2,,nanica
2026-05-26,origem,SANTA BÁRBARA DO TUGÚRIO,2.1,,prata
2026-05-26,origem,SANTOS DUMONT,3.5,,outras
2026-05-26,origem,SILVIANÓPOLIS,13.24,,prata
2026-05-26,origem,SÃO FRANCISCO,0.9,,nanica
2026-05-26,origem,SÃO FRANCISCO,1.2,,prata
2026-05-26,origem,SÃO JOÃO DO PARAÍSO,9.0,,prata
2026-05-26,origem,VERDELÂNDIA,31.935,,nanica
2026-05-26,origem,VERDELÂNDIA,0.525,,outras
2026-05-26,origem,VERDELÂNDIA,73.805,,prata
2026-05-26,origem,VÁRZEA DA PALMA,1.0,,nanica
2026-05-26,origem,VÁRZEA DA PALMA,29.06,,prata
2026-05-27,destino,ARCOS,25.8,,prata
2026-05-27,destino,BARBACENA,4.0,,prata
2026-05-27,destino,BRASÍLIA,8.0,,nanica
2026-05-27,destino,BRASÍLIA,4.0,,prata
2026-05-27,destino,BRAZÓPOLIS,20.8,,prata
2026-05-27,destino,CAMPINAS,88.101,,nanica
2026-05-27,destino,CAMPINAS,22.53,,prata
2026-05-27,destino,CAMPO GRANDE,66.86,,nanica
2026-05-27,destino,CAMPO GRANDE,2.5,,prata
2026-05-27,destino,CAPELINHA,7.6,,prata
2026-05-27,destino,CASSILÂNDIA,0.036,,outras
2026-05-27,destino,CASSILÂNDIA,0.072,,prata
2026-05-27,destino,CATALÃO,0.112,,nanica
2026-05-27,destino,CATALÃO,0.312,,outras
2026-05-27,destino,CATALÃO,0.128,,prata
2026-05-27,destino,CAXAMBU,4.0,,prata
2026-05-27,destino,CHAPADÃO DO CÉU,0.06,,nanica
2026-05-27,destino,CHAPADÃO DO CÉU,0.018,,outras
2026-05-27,destino,CHAPADÃO DO CÉU,0.018,,prata
2026-05-27,destino,CHAPADÃO DO SUL,0.23,,nanica
2026-05-27,destino,CHAPADÃO DO SUL,0.092,,outras
2026-05-27,destino,CHAPADÃO DO SUL,0.244,,prata
2026-05-27,destino,CONTAGEM,107.0,,nanica
2026-05-27,destino,CONTAGEM,3.0,,outras
2026-05-27,destino,CONTAGEM,149.2,,prata
2026-05-27,destino,COSMÓPOLIS,1.8,,nanica
2026-05-27,destino,COSMÓPOLIS,3.65,,prata
2026-05-27,destino,COSTA RICA,0.038,,nanica
2026-05-27,destino,ESPÍRITO SANTO DO DOURADO,12.0,,prata
2026-05-27,destino,FARTURA,20.0,,nanica
2026-05-27,destino,GUARULHOS,13.5,,nanica
2026-05-27,destino,GUARULHOS,13.86,,prata
2026-05-27,destino,INOCÊNCIA,1.139,,nanica
2026-05-27,destino,INOCÊNCIA,0.168,,outras
2026-05-27,destino,INOCÊNCIA,1.182,,prata
2026-05-27,destino,IPAMERI,0.064,,nanica
2026-05-27,destino,IPAMERI,0.216,,outras
2026-05-27,destino,IPAMERI,0.064,,prata
2026-05-27,destino,ITARIRI,10.0,,nanica
2026-05-27,destino,ITARIRI,5.0,,prata
2026-05-27,destino,ITUMBIARA,0.105,,nanica
2026-05-27,destino,ITUMBIARA,0.116,,outras
2026-05-27,destino,ITUMBIARA,0.468,,prata
2026-05-27,destino,JANAÚBA,31.8,,nanica
2026-05-27,destino,JARDINÓPOLIS,15.0,,nanica
2026-05-27,destino,JAÚ,22.2,,nanica
2026-05-27,destino,JUNDIAÍ,32.6,,nanica
2026-05-27,destino,JUNDIAÍ,12.6,,prata
2026-05-27,destino,MARINGÁ,22.5,,nanica
2026-05-27,destino,MINEIROS DO TIETÊ,27.36,,nanica
2026-05-27,destino,MONTES CLAROS,1.5,,outras
2026-05-27,destino,MONTES CLAROS,72.395,,prata
2026-05-27,destino,NITERÓI,12.6,,nanica
2026-05-27,destino,NOVA PORTEIRINHA,12.0,,prata
2026-05-27,destino,OSASCO,38.385,,nanica
2026-05-27,destino,OSASCO,18.975,,prata
2026-05-27,destino,PARAIBUNA,12.4,,nanica
2026-05-27,destino,PARANAÍBA,0.04,,outras
2026-05-27,destino,PARANAÍBA,0.018,,prata
2026-05-27,destino,PARAÍSO DAS ÁGUAS,0.12,,nanica
2026-05-27,destino,PARAÍSO DAS ÁGUAS,0.038,,outras
2026-05-27,destino,PARAÍSO DAS ÁGUAS,0.018,,prata
2026-05-27,destino,PETRÓPOLIS,1.5,,prata
2026-05-27,destino,PIAU,8.0,,nanica
2026-05-27,destino,POUSO ALEGRE,2.2,,prata
2026-05-27,destino,QUIRINÓPOLIS,0.242,,nanica
2026-05-27,destino,QUIRINÓPOLIS,0.259,,outras
2026-05-27,destino,QUIRINÓPOLIS,0.33,,prata
2026-05-27,destino,RIBEIRÃO DAS NEVES,0.18,,outras
2026-05-27,destino,RIBEIRÃO DAS NEVES,12.0,,prata
2026-05-27,destino,RIBEIRÃO PRETO,24.395,,nanica
2026-05-27,destino,RIBEIRÃO PRETO,10.08,,prata
2026-05-27,destino,RIO DE JANEIRO,61.0,,nanica
2026-05-27,destino,RIO DE JANEIRO,260.79,,prata
2026-05-27,destino,RIO VERDE,0.095,,nanica
2026-05-27,destino,RIO VERDE,0.045,,outras
2026-05-27,destino,RIO VERDE,0.108,,prata
2026-05-27,destino,SANTO ANTÔNIO DO JARDIM,14.4,,nanica
2026-05-27,destino,SEROPÉDICA,20.0,,prata
2026-05-27,destino,SUZANO,11.488,,prata
2026-05-27,destino,SÃO BERNARDO DO CAMPO,36.6,,prata
2026-05-27,destino,SÃO FRANCISCO,6.0,,nanica
2026-05-27,destino,SÃO GONÇALO,12.0,,prata
2026-05-27,destino,SÃO JOSÉ DO RIO PRETO,24.0,,nanica
2026-05-27,destino,SÃO JOSÉ DOS CAMPOS,4.4,,prata
2026-05-27,destino,SÃO MATEUS,0.14,,prata
2026-05-27,destino,SÃO PAULO,93.635,,nanica
2026-05-27,destino,SÃO PAULO,62.69,,prata
2026-05-27,destino,TABOÃO DA SERRA,9.52,,prata
2026-05-27,destino,TRÊS CORAÇÕES,4.0,,prata
2026-05-27,destino,TRÊS RIOS,1.635,,nanica
2026-05-27,destino,TRÊS RIOS,0.045,,outras
2026-05-27,destino,TRÊS RIOS,1.395,,prata
2026-05-27,destino,UBERLÂNDIA,9.75,,nanica
2026-05-27,destino,UBERLÂNDIA,15.0,,outras
2026-05-27,destino,UBERLÂNDIA,17.514,,prata
2026-05-27,destino,VITÓRIA DA CONQUISTA,0.45,,nanica
2026-05-27,destino,VITÓRIA DA CONQUISTA,0.24,,outras
2026-05-27,destino,VÁRZEA PAULISTA,27.6,,nanica
2026-05-27,origem,ARAÇUAÍ,79.81,,prata
2026-05-27,origem,BOM JESUS DO AMPARO,15.0,,nanica
2026-05-27,origem,BRAZÓPOLIS,12.4,,nanica
2026-05-27,origem,BRAZÓPOLIS,19.4,,prata
2026-05-27,origem,CANÁPOLIS,15.0,,outras
2026-05-27,origem,CAPITÃO ENÉAS,13.5,,nanica
2026-05-27,origem,CAPITÃO ENÉAS,10.0,,prata
2026-05-27,origem,COLUNA,17.4,,prata
2026-05-27,origem,CURVELO,9.115,,prata
2026-05-27,origem,CÁSSIA,11.488,,prata
2026-05-27,origem,DELFINÓPOLIS,14.355,,nanica
2026-05-27,origem,DELFINÓPOLIS,130.284,,prata
2026-05-27,origem,ESPINOSA,35.0,,prata
2026-05-27,origem,ESPÍRITO SANTO DO DOURADO,12.0,,prata
2026-05-27,origem,GUARDA-MOR,8.0,,nanica
2026-05-27,origem,GUARDA-MOR,4.0,,prata
2026-05-27,origem,IPATINGA,0.14,,prata
2026-05-27,origem,ITACARAMBI,41.0,,nanica
2026-05-27,origem,ITAOBIM,15.0,,prata
2026-05-27,origem,ITINGA,16.0,,prata
2026-05-27,origem,JANAÚBA,4.0,,nanica
2026-05-27,origem,JANAÚBA,40.0,,prata
2026-05-27,origem,JAÍBA,581.566,,nanica
2026-05-27,origem,JAÍBA,1.965,,outras
2026-05-27,origem,JAÍBA,156.13,,prata
2026-05-27,origem,JESUÂNIA,4.0,,prata
2026-05-27,origem,LAMBARI,4.0,,prata
2026-05-27,origem,LASSANCE,12.0,,nanica
2026-05-27,origem,LASSANCE,10.8,,prata
2026-05-27,origem,MARILAC,30.0,,prata
2026-05-27,origem,MATIAS CARDOSO,15.0,,nanica
2026-05-27,origem,MATIAS CARDOSO,13.5,,prata
2026-05-27,origem,MONTES CLAROS,18.0,,prata
2026-05-27,origem,NOVA PORTEIRINHA,88.63,,prata
2026-05-27,origem,NOVA UNIÃO,25.0,,nanica
2026-05-27,origem,NOVA UNIÃO,5.0,,prata
2026-05-27,origem,OLIVEIRA FORTES,4.0,,prata
2026-05-27,origem,PARAISÓPOLIS,0.4,,prata
2026-05-27,origem,PARAOPEBA,15.0,,nanica
2026-05-27,origem,PEDRAS DE MARIA DA CRUZ,10.0,,prata
2026-05-27,origem,PIAU,8.0,,nanica
2026-05-27,origem,PIAU,1.5,,prata
2026-05-27,origem,PIRAPORA,9.75,,nanica
2026-05-27,origem,PIRAPORA,14.25,,prata
2026-05-27,origem,PONTO DOS VOLANTES,16.6,,prata
2026-05-27,origem,SANTO HIPÓLITO,20.5,,prata
2026-05-27,origem,SILVIANÓPOLIS,2.2,,prata
2026-05-27,origem,SÃO JOÃO BATISTA DO GLÓRIA,10.8,,prata
2026-05-27,origem,UBAPORANGA,3.0,,outras
2026-05-27,origem,UBERLÂNDIA,2.205,,nanica
2026-05-27,origem,UBERLÂNDIA,1.34,,outras
2026-05-27,origem,UBERLÂNDIA,2.65,,prata
2026-05-27,origem,VERDELÂNDIA,26.4,,nanica
2026-05-27,origem,VERDELÂNDIA,47.28,,prata
2026-05-28,destino,AMERICANA,22.5,,nanica
2026-05-28,destino,APARECIDA DE GOIÂNIA,0.9,,outras
2026-05-28,destino,ARCOS,10.8,,prata
2026-05-28,destino,BARBACENA,4.0,,nanica
2026-05-28,destino,BARBACENA,19.5,,prata
2026-05-28,destino,BRASÍLIA,1.2,,outras
2026-05-28,destino,CACHOEIRA PAULISTA,0.8,,nanica
2026-05-28,destino,CACHOEIRA PAULISTA,0.8,,prata
2026-05-28,destino,CAMPINAS,112.091,,nanica
2026-05-28,destino,CAMPINAS,4.395,,outras
2026-05-28,destino,CAMPINAS,43.284,,prata
2026-05-28,destino,CARATINGA,3.0,,nanica
2026-05-28,destino,CARATINGA,5.0,,outras
2026-05-28,destino,CATALÃO,0.1,,nanica
2026-05-28,destino,CATALÃO,0.096,,outras
2026-05-28,destino,CATALÃO,0.08,,prata
2026-05-28,destino,CONCEIÇÃO DAS PEDRAS,9.5,,prata
2026-05-28,destino,CONTAGEM,46.565,,nanica
2026-05-28,destino,CONTAGEM,4.675,,outras
2026-05-28,destino,CONTAGEM,100.36,,prata
2026-05-28,destino,CUMARI,0.09,,outras
2026-05-28,destino,CURVELO,30.0,,prata
2026-05-28,destino,DIADEMA,13.5,,nanica
2026-05-28,destino,DIVINÓPOLIS,20.4,,prata
2026-05-28,destino,DOURADOS,18.0,,nanica
2026-05-28,destino,FOZ DO IGUAÇU,10.716,,prata
2026-05-28,destino,FRANCA,22.0,,nanica
2026-05-28,destino,FRANCA,14.56,,prata
2026-05-28,destino,GOIÂNIA,3.5,,outras
2026-05-28,destino,GUARATINGUETÁ,1.75,,prata
2026-05-28,destino,INCONFIDENTES,2.4,,prata
2026-05-28,destino,ITAJUBÁ,10.0,,nanica
2026-05-28,destino,JANAÚBA,46.1,,nanica
2026-05-28,destino,JUIZ DE FORA,7.0,,prata
2026-05-28,destino,JUNDIAÍ,12.6,,prata
2026-05-28,destino,LORENA,1.8,,nanica
2026-05-28,destino,LORENA,2.3,,prata
2026-05-28,destino,MARINGÁ,39.7,,nanica
2026-05-28,destino,MIRACATU,12.6,,nanica
2026-05-28,destino,MIRACATU,11.2,,prata
2026-05-28,destino,MONTES CLAROS,9.012,,nanica
2026-05-28,destino,MONTES CLAROS,16.26,,prata
2026-05-28,destino,NITERÓI,46.0,,prata
2026-05-28,destino,NOVA UNIÃO,15.0,,nanica
2026-05-28,destino,OSASCO,33.8,,nanica
2026-05-28,destino,OSASCO,29.4,,prata
2026-05-28,destino,PARAIBUNA,19.176,,nanica
2026-05-28,destino,PARAOPEBA,7.0,,nanica
2026-05-28,destino,PATOS DE MINAS,12.0,,nanica
2026-05-28,destino,PEDRALVA,22.1,,nanica
2026-05-28,destino,PIAU,15.0,,nanica
2026-05-28,destino,PINDAMONHANGABA,1.0,,nanica
2026-05-28,destino,PINDAMONHANGABA,1.0,,prata
2026-05-28,destino,POTIM,2.0,,nanica
2026-05-28,destino,POÇOS DE CALDAS,4.5,,prata
2026-05-28,destino,QUIRINÓPOLIS,1.12,,nanica
2026-05-28,destino,QUIRINÓPOLIS,1.12,,prata
2026-05-28,destino,RIBEIRÃO PRETO,46.31,,nanica
2026-05-28,destino,RIBEIRÃO PRETO,10.089,,prata
2026-05-28,destino,RIO DE JANEIRO,59.084,,nanica
2026-05-28,destino,RIO DE JANEIRO,180.57,,prata
2026-05-28,destino,SANTA BÁRBARA DO TUGÚRIO,6.0,,prata
2026-05-28,destino,SANTA ISABEL,12.0,,prata
2026-05-28,destino,SANTA RITA DO SAPUCAÍ,7.0,,prata
2026-05-28,destino,SANTO ANDRÉ,13.8,,prata
2026-05-28,destino,SANTO ANTÔNIO DO JARDIM,15.6,,nanica
2026-05-28,destino,SEROPÉDICA,4.0,,nanica
2026-05-28,destino,SEROPÉDICA,10.0,,prata
2026-05-28,destino,SÃO BERNARDO DO CAMPO,28.885,,prata
2026-05-28,destino,SÃO FRANCISCO,5.0,,prata
2026-05-28,destino,SÃO JOSÉ DO RIO PRETO,56.592,,nanica
2026-05-28,destino,SÃO PAULO,70.792,,nanica
2026-05-28,destino,SÃO PAULO,89.995,,prata
2026-05-28,destino,TABOÃO DA SERRA,15.0,,prata
2026-05-28,destino,TAUBATÉ,3.25,,nanica
2026-05-28,destino,TAUBATÉ,20.25,,prata
2026-05-28,destino,TRÊS RIOS,1.71,,nanica
2026-05-28,destino,TRÊS RIOS,0.03,,outras
2026-05-28,destino,TRÊS RIOS,1.425,,prata
2026-05-28,destino,UBERLÂNDIA,2.5,,nanica
2026-05-28,destino,UBERLÂNDIA,2.5,,outras
2026-05-28,destino,UBERLÂNDIA,41.5,,prata
2026-05-28,destino,VITÓRIA DA CONQUISTA,0.195,,outras
2026-05-28,destino,VITÓRIA DA CONQUISTA,1.5,,prata
2026-05-28,destino,VOLTA REDONDA,1.5,,nanica
2026-05-28,destino,VOLTA REDONDA,3.5,,prata
2026-05-28,destino,VOTORANTIM,10.8,,prata
2026-05-28,destino,VÁRZEA PAULISTA,63.3,,nanica
2026-05-28,destino,VÁRZEA PAULISTA,18.0,,prata
2026-05-28,origem,ANDRADAS,4.5,,prata
2026-05-28,origem,ARAÇUAÍ,48.74,,prata
2026-05-28,origem,ARCOS,10.8,,prata
2026-05-28,origem,BARBACENA,15.0,,prata
2026-05-28,origem,BOCAIÚVA,16.0,,prata
2026-05-28,origem,BRAZÓPOLIS,9.45,,nanica
2026-05-28,origem,BRAZÓPOLIS,18.8,,prata
2026-05-28,origem,BRUMADINHO,15.0,,prata
2026-05-28,origem,CAMPINA VERDE,3.675,,outras
2026-05-28,origem,CANÁPOLIS,5.6,,outras
2026-05-28,origem,CAPITÃO ENÉAS,9.012,,nanica
2026-05-28,origem,CAPITÃO ENÉAS,14.23,,prata
2026-05-28,origem,CONCEIÇÃO DAS PEDRAS,11.5,,prata
2026-05-28,origem,CONTAGEM,23.44,,nanica
2026-05-28,origem,CONTAGEM,20.56,,prata
2026-05-28,origem,CORINTO,13.395,,prata
2026-05-28,origem,CURVELO,30.0,,nanica
2026-05-28,origem,CURVELO,30.0,,prata
2026-05-28,origem,CÁSSIA,10.8,,prata
2026-05-28,origem,DELFINÓPOLIS,15.0,,nanica
2026-05-28,origem,DELFINÓPOLIS,167.4,,prata
2026-05-28,origem,INCONFIDENTES,2.4,,prata
2026-05-28,origem,ITACARAMBI,63.0,,nanica
2026-05-28,origem,ITAOBIM,12.0,,prata
2026-05-28,origem,JANAÚBA,66.32,,prata
2026-05-28,origem,JAÍBA,499.672,,nanica
2026-05-28,origem,JAÍBA,4.62,,outras
2026-05-28,origem,JAÍBA,65.264,,prata
2026-05-28,origem,JEQUITINHONHA,12.0,,prata
2026-05-28,origem,LASSANCE,13.5,,nanica
2026-05-28,origem,LASSANCE,19.05,,prata
2026-05-28,origem,MANGA,14.1,,nanica
2026-05-28,origem,MATIAS CARDOSO,16.48,,nanica
2026-05-28,origem,MATIAS CARDOSO,12.675,,prata
2026-05-28,origem,MONTES CLAROS,9.012,,nanica
2026-05-28,origem,MONTES CLAROS,44.29,,prata
2026-05-28,origem,NATÉRCIA,4.0,,prata
2026-05-28,origem,NOVA PORTEIRINHA,89.91,,prata
2026-05-28,origem,PARAOPEBA,7.0,,nanica
2026-05-28,origem,PEDRALVA,44.112,,nanica
2026-05-28,origem,PEDRAS DE MARIA DA CRUZ,18.0,,prata
2026-05-28,origem,PIAU,15.0,,nanica
2026-05-28,origem,PIRANGUÇU,7.164,,nanica
2026-05-28,origem,PIRAPORA,58.53,,prata
2026-05-28,origem,SANTA BÁRBARA DO TUGÚRIO,4.0,,nanica
2026-05-28,origem,SANTA BÁRBARA DO TUGÚRIO,4.5,,prata
2026-05-28,origem,SÃO DOMINGOS DAS DORES,3.0,,nanica
2026-05-28,origem,SÃO DOMINGOS DAS DORES,5.0,,outras
2026-05-28,origem,SÃO FRANCISCO,29.0,,prata
2026-05-28,origem,TOCANTINS,1.0,,nanica
2026-05-28,origem,TOCANTINS,1.0,,outras
2026-05-28,origem,UBERLÂNDIA,3.72,,nanica
2026-05-28,origem,UBERLÂNDIA,2.686,,outras
2026-05-28,origem,UBERLÂNDIA,18.7,,prata
2026-05-28,origem,VERDELÂNDIA,11.34,,nanica
2026-05-28,origem,VERDELÂNDIA,17.48,,prata
2026-05-28,origem,VÁRZEA DA PALMA,15.6,,nanica
2026-05-29,destino,ALTEROSA,5.61,,nanica
2026-05-29,destino,ARAÇATUBA,24.0,,nanica
2026-05-29,destino,BAURU,11.34,,prata
2026-05-29,destino,BERTÓPOLIS,8.0,,prata
2026-05-29,destino,BRASÍLIA,18.0,,prata
2026-05-29,destino,BRAZÓPOLIS,32.6,,prata
2026-05-29,destino,CAMPINAS,91.17,,nanica
2026-05-29,destino,CAMPINAS,4.38,,outras
2026-05-29,destino,CAMPINAS,75.2,,prata
2026-05-29,destino,CAMPO GRANDE,71.1,,nanica
2026-05-29,destino,CAMPO GRANDE,10.38,,prata
2026-05-29,destino,CAMPOS DO JORDÃO,0.5,,nanica
2026-05-29,destino,CAMPOS DO JORDÃO,0.5,,prata
2026-05-29,destino,CATALÃO,0.112,,nanica
2026-05-29,destino,CATALÃO,0.292,,outras
2026-05-29,destino,CATALÃO,0.128,,prata
2026-05-29,destino,CHAPADÃO DO SUL,0.09,,outras
2026-05-29,destino,CHAPADÃO DO SUL,0.19,,prata
2026-05-29,destino,CONTAGEM,238.595,,nanica
2026-05-29,destino,CONTAGEM,13.84,,outras
2026-05-29,destino,CONTAGEM,246.15,,prata
2026-05-29,destino,CORONEL PACHECO,3.75,,prata
2026-05-29,destino,COSTA RICA,0.038,,nanica
2026-05-29,destino,CURVELO,29.0,,nanica
2026-05-29,destino,CURVELO,1.0,,prata
2026-05-29,destino,DIADEMA,13.5,,prata
2026-05-29,destino,DOM VIÇOSO,5.0,,prata
2026-05-29,destino,DOURADOS,23.0,,nanica
2026-05-29,destino,FRANCA,14.0,,nanica
2026-05-29,destino,GOVERNADOR VALADARES,10.0,,outras
2026-05-29,destino,GOVERNADOR VALADARES,5.0,,prata
2026-05-29,destino,GUARULHOS,23.139,,prata
2026-05-29,destino,INOCÊNCIA,0.057,,nanica
2026-05-29,destino,INOCÊNCIA,0.018,,outras
2026-05-29,destino,INOCÊNCIA,0.038,,prata
2026-05-29,destino,IPAMERI,0.064,,nanica
2026-05-29,destino,IPAMERI,0.216,,outras
2026-05-29,destino,IPAMERI,0.064,,prata
2026-05-29,destino,ITAJUBÁ,5.0,,nanica
2026-05-29,destino,ITAJUBÁ,19.08,,prata
2026-05-29,destino,ITAPERUNA,0.5,,nanica
2026-05-29,destino,ITAPERUNA,0.4,,prata
2026-05-29,destino,ITARIRI,38.46,,nanica
2026-05-29,destino,ITARIRI,15.81,,prata
2026-05-29,destino,ITUMBIARA,0.285,,nanica
2026-05-29,destino,ITUMBIARA,0.28,,outras
2026-05-29,destino,ITUMBIARA,0.621,,prata
2026-05-29,destino,JANAÚBA,121.33,,nanica
2026-05-29,destino,JANAÚBA,33.144,,prata
2026-05-29,destino,JORDÂNIA,0.6,,prata
2026-05-29,destino,JOÃO MONLEVADE,7.5,,prata
2026-05-29,destino,JUNDIAÍ,37.0,,prata
2026-05-29,destino,LIMEIRA,11.1,,nanica
2026-05-29,destino,LORENA,0.5,,nanica
2026-05-29,destino,LORENA,0.7,,prata
2026-05-29,destino,MARINGÁ,22.4,,nanica
2026-05-29,destino,MATEUS LEME,26.6,,nanica
2026-05-29,destino,MATEUS LEME,18.4,,prata
2026-05-29,destino,MIRACATU,52.6,,nanica
2026-05-29,destino,MIRACATU,61.7,,prata
2026-05-29,destino,MONTES CLAROS,23.18,,nanica
2026-05-29,destino,MONTES CLAROS,28.88,,prata
2026-05-29,destino,NITERÓI,12.0,,nanica
2026-05-29,destino,NITERÓI,28.0,,prata
2026-05-29,destino,NOVA PORTEIRINHA,4.0,,prata
2026-05-29,destino,NOVA UNIÃO,14.0,,nanica
2026-05-29,destino,NOVA UNIÃO,13.5,,prata
2026-05-29,destino,OSASCO,13.5,,nanica
2026-05-29,destino,PARANAÍBA,0.038,,nanica
2026-05-29,destino,PARAOPEBA,15.0,,nanica
2026-05-29,destino,PARAÍSO DAS ÁGUAS,0.095,,nanica
2026-05-29,destino,PATOS DE MINAS,0.95,,nanica
2026-05-29,destino,PATOS DE MINAS,18.65,,prata
2026-05-29,destino,PIAU,17.0,,nanica
2026-05-29,destino,PIAU,6.0,,prata
2026-05-29,destino,PIEDADE DE CARATINGA,10.0,,prata
2026-05-29,destino,PINDAMONHANGABA,3.0,,prata
2026-05-29,destino,PIRAPORA,5.0,,prata
2026-05-29,destino,POUSO ALEGRE,16.55,,prata
2026-05-29,destino,QUIRINÓPOLIS,0.358,,nanica
2026-05-29,destino,QUIRINÓPOLIS,0.223,,outras
2026-05-29,destino,QUIRINÓPOLIS,0.284,,prata
2026-05-29,destino,RIBEIRÃO DAS NEVES,24.0,,prata
2026-05-29,destino,RIBEIRÃO PRETO,127.039,,nanica
2026-05-29,destino,RIBEIRÃO PRETO,2.025,,outras
2026-05-29,destino,RIBEIRÃO PRETO,25.365,,prata
2026-05-29,destino,RIO DE JANEIRO,72.07,,nanica
2026-05-29,destino,RIO DE JANEIRO,3.3,,outras
2026-05-29,destino,RIO DE JANEIRO,464.63,,prata
2026-05-29,destino,RIO VERDE,0.159,,nanica
2026-05-29,destino,RIO VERDE,0.074,,outras
2026-05-29,destino,RIO VERDE,0.142,,prata
2026-05-29,destino,SANTO ANTÔNIO DO JARDIM,4.8,,prata
2026-05-29,destino,SEROPÉDICA,20.0,,prata
2026-05-29,destino,SILVIANÓPOLIS,4.64,,prata
2026-05-29,destino,SOROCABA,11.52,,nanica
2026-05-29,destino,SOROCABA,10.0,,prata
2026-05-29,destino,SUZANO,11.488,,prata
2026-05-29,destino,SÃO BERNARDO DO CAMPO,49.38,,prata
2026-05-29,destino,SÃO CAETANO DO SUL,12.0,,nanica
2026-05-29,destino,SÃO CAETANO DO SUL,4.15,,prata
2026-05-29,destino,SÃO GONÇALO,7.0,,prata
2026-05-29,destino,SÃO JOSÉ DO RIO PRETO,21.0,,nanica
2026-05-29,destino,SÃO JOSÉ DOS CAMPOS,1.6,,prata
2026-05-29,destino,SÃO PAULO,139.179,,nanica
2026-05-29,destino,SÃO PAULO,2.47,,outras
2026-05-29,destino,SÃO PAULO,87.998,,prata
2026-05-29,destino,TABOÃO DA SERRA,13.8,,nanica
2026-05-29,destino,TRÊS CORAÇÕES,16.05,,nanica
2026-05-29,destino,TRÊS CORAÇÕES,0.375,,outras
2026-05-29,destino,TRÊS CORAÇÕES,24.45,,prata
2026-05-29,destino,UBERLÂNDIA,13.0,,nanica
2026-05-29,destino,UBERLÂNDIA,33.264,,prata
2026-05-29,destino,VÁRZEA PAULISTA,31.5,,nanica
2026-05-29,destino,VÁRZEA PAULISTA,13.5,,prata
2026-05-29,origem,ARAÇUAÍ,25.0,,prata
2026-05-29,origem,BRAZÓPOLIS,1.0,,nanica
2026-05-29,origem,BRAZÓPOLIS,38.2,,prata
2026-05-29,origem,CAPITÃO ENÉAS,53.1,,nanica
2026-05-29,origem,CAPITÃO ENÉAS,23.0,,prata
2026-05-29,origem,CARANGOLA,0.5,,nanica
2026-05-29,origem,CARANGOLA,7.9,,prata
2026-05-29,origem,CLARO DOS POÇÕES,19.0,,prata
2026-05-29,origem,CONTAGEM,8.07,,nanica
2026-05-29,origem,CONTAGEM,0.915,,outras
2026-05-29,origem,CONTAGEM,10.95,,prata
2026-05-29,origem,CORINTO,12.0,,nanica
2026-05-29,origem,CORINTO,4.15,,prata
2026-05-29,origem,CURVELO,29.0,,nanica
2026-05-29,origem,CURVELO,10.0,,prata
2026-05-29,origem,CÁSSIA,4.08,,prata
2026-05-29,origem,DELFINÓPOLIS,261.411,,prata
2026-05-29,origem,DOM VIÇOSO,5.0,,prata
2026-05-29,origem,ESPINOSA,48.0,,prata
2026-05-29,origem,ESPÍRITO SANTO DO DOURADO,0.15,,prata
2026-05-29,origem,FRANCISCO SÁ,5.0,,outras
2026-05-29,origem,FRANCISCO SÁ,15.8,,prata
2026-05-29,origem,GONÇALVES,1.6,,prata
2026-05-29,origem,IMBÉ DE MINAS,10.0,,outras
2026-05-29,origem,ITACARAMBI,60.0,,nanica
2026-05-29,origem,ITAOBIM,15.0,,prata
2026-05-29,origem,ITINGA,16.0,,prata
2026-05-29,origem,JACINTO,5.0,,prata
2026-05-29,origem,JANAÚBA,12.6,,nanica
2026-05-29,origem,JANAÚBA,99.57,,prata
2026-05-29,origem,JAÍBA,853.833,,nanica
2026-05-29,origem,JAÍBA,15.48,,outras
2026-05-29,origem,JAÍBA,219.323,,prata
2026-05-29,origem,JEQUITINHONHA,58.7,,prata
2026-05-29,origem,LASSANCE,28.05,,nanica
2026-05-29,origem,LASSANCE,99.925,,prata
2026-05-29,origem,MANGA,41.79,,nanica
2026-05-29,origem,MARILAC,48.0,,prata
2026-05-29,origem,MATEUS LEME,41.6,,nanica
2026-05-29,origem,MATEUS LEME,18.4,,prata
2026-05-29,origem,MATIAS CARDOSO,29.0,,nanica
2026-05-29,origem,MATIAS CARDOSO,35.0,,prata
2026-05-29,origem,MONTES CLAROS,12.5,,nanica
2026-05-29,origem,MONTES CLAROS,61.3,,prata
2026-05-29,origem,NOVA PORTEIRINHA,116.92,,prata
2026-05-29,origem,NOVA UNIÃO,82.0,,nanica
2026-05-29,origem,NOVA UNIÃO,8.0,,prata
2026-05-29,origem,PARAOPEBA,15.0,,nanica
2026-05-29,origem,PAULISTAS,3.6,,nanica
2026-05-29,origem,PAULISTAS,12.8,,prata
2026-05-29,origem,PEDRALVA,5.0,,nanica
2026-05-29,origem,PEDRAS DE MARIA DA CRUZ,21.0,,prata
2026-05-29,origem,PIAU,17.0,,nanica
2026-05-29,origem,PIAU,3.3,,outras
2026-05-29,origem,PIAU,6.0,,prata
2026-05-29,origem,PIRAPORA,0.95,,nanica
2026-05-29,origem,PIRAPORA,94.049,,prata
2026-05-29,origem,PORTEIRINHA,13.5,,prata
2026-05-29,origem,SILVIANÓPOLIS,1.4,,prata
2026-05-29,origem,SÃO FRANCISCO,24.0,,prata
2026-05-29,origem,SÃO JOÃO BATISTA DO GLÓRIA,5.61,,nanica
2026-05-29,origem,SÃO JOÃO DA PONTE,18.0,,prata
2026-05-29,origem,TOCANTINS,0.5,,outras
2026-05-29,origem,TOCANTINS,0.5,,prata
2026-05-29,origem,TRÊS CORAÇÕES,16.05,,nanica
2026-05-29,origem,TRÊS CORAÇÕES,0.375,,outras
2026-05-29,origem,TRÊS CORAÇÕES,24.45,,prata
2026-05-29,origem,UBERLÂNDIA,1.206,,nanica
2026-05-29,origem,UBERLÂNDIA,1.193,,outras
2026-05-29,origem,UBERLÂNDIA,1.467,,prata
2026-05-29,origem,VERDELÂNDIA,0.82,,outras
2026-05-29,origem,VERDELÂNDIA,50.16,,prata
2026-05-29,origem,VÁRZEA DA PALMA,26.5,,prata
2026-05-30,destino,BARUERI,8.5,,nanica
2026-05-30,destino,BARUERI,4.5,,prata
2026-05-30,destino,CASSILÂNDIA,0.072,,prata
2026-05-30,destino,CHAPADÃO DO CÉU,0.04,,nanica
2026-05-30,destino,CHAPADÃO DO CÉU,0.018,,prata
2026-05-30,destino,CHAPADÃO DO SUL,0.04,,nanica
2026-05-30,destino,CHAPADÃO DO SUL,0.02,,outras
2026-05-30,destino,CHAPADÃO DO SUL,0.126,,prata
2026-05-30,destino,CONTAGEM,47.17,,prata
2026-05-30,destino,FRANCA,12.0,,nanica
2026-05-30,destino,INOCÊNCIA,0.9,,nanica
2026-05-30,destino,INOCÊNCIA,0.15,,outras
2026-05-30,destino,INOCÊNCIA,0.27,,prata
2026-05-30,destino,JARDINÓPOLIS,20.0,,nanica
2026-05-30,destino,JUIZ DE FORA,10.0,,prata
2026-05-30,destino,JUNDIAÍ,14.0,,nanica
2026-05-30,destino,MATEUS LEME,4.8,,prata
2026-05-30,destino,MONTES CLAROS,10.68,,nanica
2026-05-30,destino,MONTES CLAROS,2.0,,outras
2026-05-30,destino,PARANAÍBA,0.04,,outras
2026-05-30,destino,PARANAÍBA,0.036,,prata
2026-05-30,destino,PARAÍSO DAS ÁGUAS,0.08,,nanica
2026-05-30,destino,PARAÍSO DAS ÁGUAS,0.036,,outras
2026-05-30,destino,PARAÍSO DAS ÁGUAS,0.018,,prata
2026-05-30,destino,RIBEIRÃO DAS NEVES,12.0,,prata
2026-05-30,destino,RIO DE JANEIRO,34.78,,nanica
2026-05-30,destino,RIO DE JANEIRO,28.5,,prata
2026-05-30,destino,SÃO PAULO,33.96,,nanica
2026-05-30,destino,TRÊS RIOS,3.0,,nanica
2026-05-30,destino,TRÊS RIOS,0.015,,outras
2026-05-30,destino,TRÊS RIOS,1.2,,prata
2026-05-30,destino,VITÓRIA DA CONQUISTA,0.45,,nanica
2026-05-30,destino,VITÓRIA DA CONQUISTA,0.24,,outras
2026-05-30,destino,VÁRZEA PAULISTA,13.5,,nanica
2026-05-30,origem,CAPITÃO ENÉAS,5.0,,nanica
2026-05-30,origem,CAPITÃO ENÉAS,10.0,,prata
2026-05-30,origem,CLARO DOS POÇÕES,2.0,,outras
2026-05-30,origem,ITACARAMBI,44.0,,nanica
2026-05-30,origem,JAÍBA,80.87,,nanica
2026-05-30,origem,JAÍBA,0.255,,outras
2026-05-30,origem,JAÍBA,28.7,,prata
2026-05-30,origem,JEQUITINHONHA,18.0,,prata
2026-05-30,origem,LASSANCE,21.0,,nanica
2026-05-30,origem,NOVA PORTEIRINHA,13.5,,prata
2026-05-30,origem,PIRAPORA,32.97,,prata
2026-05-30,origem,UBERLÂNDIA,1.06,,nanica
2026-05-30,origem,UBERLÂNDIA,0.246,,outras
2026-05-30,origem,UBERLÂNDIA,0.54,,prata
2026-05-30,origem,VERDELÂNDIA,5.0,,prata
2026-06-01,destino,ALMENARA,2.4,,prata
2026-06-01,destino,ALTEROSA,4.864,,prata
2026-06-01,destino,ANDRADAS,15.0,,prata
2026-06-01,destino,ARAÇATUBA,24.0,,nanica
2026-06-01,destino,BAURU,10.8,,prata
2026-06-01,destino,BRASÍLIA,9.15,,prata
2026-06-01,destino,BRAZÓPOLIS,12.0,,prata
2026-06-01,destino,CAMPINAS,89.325,,nanica
2026-06-01,destino,CAMPINAS,1.185,,outras
2026-06-01,destino,CAMPINAS,28.456,,prata
2026-06-01,destino,CAMPO GRANDE,60.54,,nanica
2026-06-01,destino,CAMPO GRANDE,8.3,,prata
2026-06-01,destino,CARATINGA,5.0,,nanica
2026-06-01,destino,CARATINGA,4.0,,prata
2026-06-01,destino,CATALÃO,0.048,,nanica
2026-06-01,destino,CATALÃO,0.288,,outras
2026-06-01,destino,CATALÃO,0.078,,prata
2026-06-01,destino,CONCEIÇÃO DAS PEDRAS,5.5,,prata
2026-06-01,destino,CONTAGEM,312.593,,nanica
2026-06-01,destino,CONTAGEM,29.426,,outras
2026-06-01,destino,CONTAGEM,397.061,,prata
2026-06-01,destino,COSMÓPOLIS,10.5,,nanica
2026-06-01,destino,CUIABÁ,34.24,,nanica
2026-06-01,destino,CUIABÁ,3.36,,prata
2026-06-01,destino,CUMARI,0.054,,outras
2026-06-01,destino,DIADEMA,13.5,,prata
2026-06-01,destino,DIVINÓPOLIS,4.95,,prata
2026-06-01,destino,EXTREMA,10.0,,nanica
2026-06-01,destino,EXTREMA,5.0,,prata
2026-06-01,destino,FRANCA,14.0,,nanica
2026-06-01,destino,GOIÂNIA,1.5,,outras
2026-06-01,destino,GOVERNADOR VALADARES,3.0,,nanica
2026-06-01,destino,GOVERNADOR VALADARES,6.0,,prata
2026-06-01,destino,GUARULHOS,13.5,,nanica
2026-06-01,destino,GUARULHOS,25.5,,prata
2026-06-01,destino,ITARIRI,12.0,,nanica
2026-06-01,destino,ITARIRI,36.0,,prata
2026-06-01,destino,JANAÚBA,36.36,,nanica
2026-06-01,destino,JANAÚBA,15.0,,prata
2026-06-01,destino,JUNDIAÍ,33.6,,nanica
2026-06-01,destino,MARINGÁ,24.0,,nanica
2026-06-01,destino,MINEIROS DO TIETÊ,11.34,,nanica
2026-06-01,destino,MINEIROS DO TIETÊ,3.0,,prata
2026-06-01,destino,MIRACATU,11.3,,prata
2026-06-01,destino,MONTES CLAROS,15.12,,nanica
2026-06-01,destino,MONTES CLAROS,2.0,,outras
2026-06-01,destino,MONTES CLAROS,83.775,,prata
2026-06-01,destino,NITERÓI,10.0,,prata
2026-06-01,destino,NOVA UNIÃO,11.5,,prata
2026-06-01,destino,OSASCO,32.3,,nanica
2026-06-01,destino,OSASCO,4.29,,outras
2026-06-01,destino,OSASCO,24.505,,prata
2026-06-01,destino,PARAIBUNA,17.6,,nanica
2026-06-01,destino,PIAU,32.0,,nanica
2026-06-01,destino,PIAU,1.5,,prata
2026-06-01,destino,POUSO ALEGRE,9.335,,nanica
2026-06-01,destino,POUSO ALEGRE,0.765,,outras
2026-06-01,destino,POUSO ALEGRE,9.825,,prata
2026-06-01,destino,POÇOS DE CALDAS,4.8,,prata
2026-06-01,destino,QUIRINÓPOLIS,0.8,,nanica
2026-06-01,destino,QUIRINÓPOLIS,0.592,,prata
2026-06-01,destino,RESENDE,0.4,,nanica
2026-06-01,destino,RIBEIRÃO DAS NEVES,10.8,,nanica
2026-06-01,destino,RIBEIRÃO DAS NEVES,34.8,,prata
2026-06-01,destino,RIBEIRÃO PRETO,69.855,,nanica
2026-06-01,destino,RIBEIRÃO PRETO,9.0,,outras
2026-06-01,destino,RIO DE JANEIRO,119.49,,nanica
2026-06-01,destino,RIO DE JANEIRO,1.56,,outras
2026-06-01,destino,RIO DE JANEIRO,374.66,,prata
2026-06-01,destino,SEROPÉDICA,12.0,,prata
2026-06-01,destino,SUMARÉ,7.8,,prata
2026-06-01,destino,SÃO BERNARDO DO CAMPO,26.885,,prata
2026-06-01,destino,SÃO GONÇALO,8.0,,nanica
2026-06-01,destino,SÃO JOSÉ DO RIO PRETO,29.12,,nanica
2026-06-01,destino,SÃO JOSÉ DO RIO PRETO,16.68,,prata
2026-06-01,destino,SÃO PAULO,37.495,,nanica
2026-06-01,destino,SÃO PAULO,2.16,,outras
2026-06-01,destino,SÃO PAULO,93.05,,prata
2026-06-01,destino,TABOÃO DA SERRA,15.0,,prata
2026-06-01,destino,TAUBATÉ,2.4,,nanica
2026-06-01,destino,TAUBATÉ,15.3,,prata
2026-06-01,destino,TOCANTINS,3.75,,nanica
2026-06-01,destino,TOCANTINS,3.75,,prata
2026-06-01,destino,TRÊS RIOS,3.075,,nanica
2026-06-01,destino,TRÊS RIOS,0.03,,outras
2026-06-01,destino,UBERABA,10.8,,prata
2026-06-01,destino,UBERLÂNDIA,3.5,,outras
2026-06-01,destino,UBERLÂNDIA,45.0,,prata
2026-06-01,destino,VITÓRIA DA CONQUISTA,1.155,,nanica
2026-06-01,destino,VITÓRIA DA CONQUISTA,0.255,,outras
2026-06-01,destino,VOLTA REDONDA,1.6,,nanica
2026-06-01,destino,VOLTA REDONDA,3.55,,prata
2026-06-01,destino,VÁRZEA PAULISTA,36.0,,nanica
2026-06-01,destino,VÁRZEA PAULISTA,16.5,,prata
2026-06-01,origem,ANDRADAS,24.2,,prata
2026-06-01,origem,ARAÇUAÍ,74.08,,prata
2026-06-01,origem,BOCAIÚVA,11.0,,prata
2026-06-01,origem,BRAZÓPOLIS,7.4,,nanica
2026-06-01,origem,CAMPINA VERDE,3.465,,outras
2026-06-01,origem,CANÁPOLIS,10.5,,outras
2026-06-01,origem,CAPITÃO ENÉAS,43.3,,prata
2026-06-01,origem,CARATINGA,5.0,,nanica
2026-06-01,origem,CARATINGA,4.0,,prata
2026-06-01,origem,CLARO DOS POÇÕES,19.0,,prata
2026-06-01,origem,CONCEIÇÃO DAS PEDRAS,5.5,,prata
2026-06-01,origem,CONGONHAL,9.6,,nanica
2026-06-01,origem,CONTAGEM,210.843,,nanica
2026-06-01,origem,CONTAGEM,25.961,,outras
2026-06-01,origem,CONTAGEM,226.641,,prata
2026-06-01,origem,CRISTINA,2.0,,nanica
2026-06-01,origem,CRISTINA,3.55,,prata
2026-06-01,origem,CÁSSIA,27.8,,prata
2026-06-01,origem,DELFINÓPOLIS,12.555,,nanica
2026-06-01,origem,DELFINÓPOLIS,174.135,,prata
2026-06-01,origem,ITACARAMBI,52.0,,nanica
2026-06-01,origem,ITAJUBÁ,10.0,,nanica
2026-06-01,origem,ITAJUBÁ,5.0,,prata
2026-06-01,origem,JANAÚBA,23.1,,nanica
2026-06-01,origem,JANAÚBA,101.5,,prata
2026-06-01,origem,JAÍBA,587.38,,nanica
2026-06-01,origem,JAÍBA,8.76,,outras
2026-06-01,origem,JAÍBA,105.535,,prata
2026-06-01,origem,JEQUITINHONHA,45.0,,prata
2026-06-01,origem,LASSANCE,43.0,,prata
2026-06-01,origem,MANGA,34.72,,nanica
2026-06-01,origem,MARILAC,7.5,,nanica
2026-06-01,origem,MARILAC,7.5,,prata
2026-06-01,origem,MATIAS CARDOSO,20.0,,nanica
2026-06-01,origem,MATIAS CARDOSO,29.61,,prata
2026-06-01,origem,MONTES CLAROS,15.12,,nanica
2026-06-01,origem,MONTES CLAROS,2.0,,outras
2026-06-01,origem,MONTES CLAROS,114.805,,prata
2026-06-01,origem,NOVA PORTEIRINHA,34.0,,nanica
2026-06-01,origem,NOVA PORTEIRINHA,125.3,,prata
2026-06-01,origem,NOVA UNIÃO,15.0,,nanica
2026-06-01,origem,PEDRALVA,8.0,,nanica
2026-06-01,origem,PEDRAS DE MARIA DA CRUZ,13.5,,prata
2026-06-01,origem,PIAU,32.0,,nanica
2026-06-01,origem,PIAU,1.5,,prata
2026-06-01,origem,PIRAPORA,46.11,,prata
2026-06-01,origem,PONTO DOS VOLANTES,18.0,,prata
2026-06-01,origem,POUSO ALEGRE,4.335,,nanica
2026-06-01,origem,POUSO ALEGRE,0.765,,outras
2026-06-01,origem,POUSO ALEGRE,9.825,,prata
2026-06-01,origem,RIBEIRÃO DAS NEVES,24.0,,prata
2026-06-01,origem,SANTO HIPÓLITO,14.16,,prata
2026-06-01,origem,SÃO FRANCISCO,12.0,,prata
2026-06-01,origem,SÃO GERALDO DA PIEDADE,3.0,,nanica
2026-06-01,origem,SÃO GERALDO DA PIEDADE,6.0,,prata
2026-06-01,origem,UBERLÂNDIA,0.848,,nanica
2026-06-01,origem,UBERLÂNDIA,3.842,,outras
2026-06-01,origem,UBERLÂNDIA,45.67,,prata
2026-06-01,origem,UNAÍ,9.15,,prata
2026-06-01,origem,VERDELÂNDIA,29.94,,nanica
2026-06-01,origem,VERDELÂNDIA,0.72,,outras
2026-06-01,origem,VERDELÂNDIA,35.32,,prata
2026-06-01,origem,VÁRZEA DA PALMA,17.8,,prata
2026-06-02,destino,ABRE CAMPO,1.3,,outras
2026-06-02,destino,ABRE CAMPO,2.5,,prata
2026-06-02,destino,ANDRADAS,15.0,,prata
2026-06-02,destino,APARECIDA DE GOIÂNIA,7.23,,nanica
2026-06-02,destino,APARECIDA DE GOIÂNIA,5.4,,outras
2026-06-02,destino,APARECIDA DE GOIÂNIA,6.27,,prata
2026-06-02,destino,ARAÇATUBA,7.53,,prata
2026-06-02,destino,ARCOS,9.45,,prata
2026-06-02,destino,BARBACENA,27.25,,nanica
2026-06-02,destino,BARBACENA,2.25,,outras
2026-06-02,destino,BARBACENA,36.0,,prata
2026-06-02,destino,BARUERI,6.72,,nanica
2026-06-02,destino,BARUERI,5.77,,prata
2026-06-02,destino,BRASÍLIA,7.513,,nanica
2026-06-02,destino,BRASÍLIA,0.525,,outras
2026-06-02,destino,BRASÍLIA,81.67,,prata
2026-06-02,destino,BRAZÓPOLIS,4.0,,nanica
2026-06-02,destino,BRAZÓPOLIS,6.0,,prata
2026-06-02,destino,CAIEIRAS,15.0,,nanica
2026-06-02,destino,CAMPINAS,79.556,,nanica
2026-06-02,destino,CAMPINAS,48.685,,prata
2026-06-02,destino,CAMPO GRANDE,40.8,,nanica
2026-06-02,destino,CARATINGA,4.0,,nanica
2026-06-02,destino,CARATINGA,6.0,,outras
2026-06-02,destino,CONTAGEM,181.915,,nanica
2026-06-02,destino,CONTAGEM,8.62,,outras
2026-06-02,destino,CONTAGEM,182.8,,prata
2026-06-02,destino,CURVELO,178.25,,nanica
2026-06-02,destino,CURVELO,35.65,,prata
2026-06-02,destino,DIVINÓPOLIS,21.06,,prata
2026-06-02,destino,GUARULHOS,13.5,,nanica
2026-06-02,destino,GUARULHOS,8.996,,prata
2026-06-02,destino,IPATINGA,8.0,,prata
2026-06-02,destino,ITAJUBÁ,5.0,,nanica
2026-06-02,destino,ITAJUBÁ,12.0,,prata
2026-06-02,destino,ITAMOGI,2.28,,nanica
2026-06-02,destino,ITAPERUNA,1.0,,nanica
2026-06-02,destino,ITARIRI,13.86,,nanica
2026-06-02,destino,ITUMBIARA,2.72,,outras
2026-06-02,destino,JACAREÍ,4.998,,prata
2026-06-02,destino,JANAÚBA,33.1,,nanica
2026-06-02,destino,JANAÚBA,23.0,,prata
2026-06-02,destino,JUNDIAÍ,29.4,,nanica
2026-06-02,destino,JUNDIAÍ,25.4,,prata
2026-06-02,destino,MARIA DA FÉ,6.65,,prata
2026-06-02,destino,MARINGÁ,46.5,,nanica
2026-06-02,destino,MONTES CLAROS,15.478,,nanica
2026-06-02,destino,MONTES CLAROS,1.5,,outras
2026-06-02,destino,MONTES CLAROS,15.75,,prata
2026-06-02,destino,NOVA PORTEIRINHA,6.0,,prata
2026-06-02,destino,OSASCO,32.2,,nanica
2026-06-02,destino,OSASCO,1.05,,prata
2026-06-02,destino,PARAIBUNA,7.0,,nanica
2026-06-02,destino,PATOS DE MINAS,6.0,,prata
2026-06-02,destino,PEDRALVA,8.3,,prata
2026-06-02,destino,PIAU,65.0,,nanica
2026-06-02,destino,PIAU,33.0,,prata
2026-06-02,destino,PIRACICABA,15.0,,prata
2026-06-02,destino,PIRAPORA,3.0,,outras
2026-06-02,destino,PIRAPORA,12.0,,prata
2026-06-02,destino,RIBEIRÃO DAS NEVES,7.5,,nanica
2026-06-02,destino,RIBEIRÃO DAS NEVES,15.3,,prata
2026-06-02,destino,RIBEIRÃO PRETO,140.654,,nanica
2026-06-02,destino,RIBEIRÃO PRETO,36.825,,prata
2026-06-02,destino,RIO DE JANEIRO,60.5,,nanica
2026-06-02,destino,RIO DE JANEIRO,2.5,,outras
2026-06-02,destino,RIO DE JANEIRO,202.16,,prata
2026-06-02,destino,SALTINHO,15.0,,nanica
2026-06-02,destino,SANTO ANTÔNIO DO JARDIM,3.51,,prata
2026-06-02,destino,SUMARÉ,9.0,,prata
2026-06-02,destino,SUZANO,11.52,,prata
2026-06-02,destino,SÃO BERNARDO DO CAMPO,22.01,,prata
2026-06-02,destino,SÃO CAETANO DO SUL,9.0,,nanica
2026-06-02,destino,SÃO CAETANO DO SUL,3.75,,prata
2026-06-02,destino,SÃO GONÇALO,12.0,,prata
2026-06-02,destino,SÃO JOSÉ DO RIO PRETO,36.0,,nanica
2026-06-02,destino,SÃO JOSÉ DOS CAMPOS,7.0,,prata
2026-06-02,destino,SÃO PAULO,97.584,,nanica
2026-06-02,destino,SÃO PAULO,1.44,,outras
2026-06-02,destino,SÃO PAULO,102.115,,prata
2026-06-02,destino,TABOÃO DA SERRA,15.0,,prata
2026-06-02,destino,TAUBATÉ,2.5,,nanica
2026-06-02,destino,TAUBATÉ,3.0,,prata
2026-06-02,destino,TRÊS RIOS,3.5,,nanica
2026-06-02,destino,TRÊS RIOS,0.015,,outras
2026-06-02,destino,TRÊS RIOS,1.23,,prata
2026-06-02,destino,UBERLÂNDIA,0.3,,prata
2026-06-02,destino,UNAÍ,0.9,,nanica
2026-06-02,destino,UNAÍ,1.2,,prata
2026-06-02,destino,VOLTA REDONDA,1.4,,nanica
2026-06-02,destino,VOLTA REDONDA,5.9,,prata
2026-06-02,destino,VOTORANTIM,13.28,,prata
2026-06-02,destino,VÁRZEA PAULISTA,2.885,,nanica
2026-06-02,destino,VÁRZEA PAULISTA,15.0,,prata
2026-06-02,origem,ABRE CAMPO,1.3,,outras
2026-06-02,origem,ABRE CAMPO,2.5,,prata
2026-06-02,origem,ARAÇUAÍ,6.0,,nanica
2026-06-02,origem,ARAÇUAÍ,68.18,,prata
2026-06-02,origem,BARBACENA,27.25,,nanica
2026-06-02,origem,BARBACENA,2.25,,outras
2026-06-02,origem,BARBACENA,36.0,,prata
2026-06-02,origem,BELO HORIZONTE,15.945,,nanica
2026-06-02,origem,BELO HORIZONTE,2.62,,outras
2026-06-02,origem,BELO HORIZONTE,27.6,,prata
2026-06-02,origem,BOCAIÚVA,16.0,,prata
2026-06-02,origem,BRAZÓPOLIS,12.0,,nanica
2026-06-02,origem,BRAZÓPOLIS,22.3,,prata
2026-06-02,origem,CANÁPOLIS,2.72,,outras
2026-06-02,origem,CAPITÃO ENÉAS,12.138,,nanica
2026-06-02,origem,CAPITÃO ENÉAS,22.75,,prata
2026-06-02,origem,CARANGOLA,1.0,,nanica
2026-06-02,origem,CARATINGA,4.0,,nanica
2026-06-02,origem,CARATINGA,6.0,,outras
2026-06-02,origem,CONTAGEM,20.0,,nanica
2026-06-02,origem,CURVELO,206.0,,nanica
2026-06-02,origem,CURVELO,34.0,,prata
2026-06-02,origem,CÁSSIA,23.446,,prata
2026-06-02,origem,DELFINÓPOLIS,3.68,,nanica
2026-06-02,origem,DELFINÓPOLIS,196.89,,prata
2026-06-02,origem,DIVINÓPOLIS,10.53,,prata
2026-06-02,origem,GONÇALVES,4.0,,nanica
2026-06-02,origem,GONÇALVES,6.0,,prata
2026-06-02,origem,IGARAPÉ,4.0,,nanica
2026-06-02,origem,IGARAPÉ,1.6,,prata
2026-06-02,origem,ITACARAMBI,33.0,,nanica
2026-06-02,origem,ITINGA,8.0,,prata
2026-06-02,origem,JANAÚBA,11.0,,nanica
2026-06-02,origem,JANAÚBA,56.22,,prata
2026-06-02,origem,JAÍBA,644.864,,nanica
2026-06-02,origem,JAÍBA,8.88,,outras
2026-06-02,origem,JAÍBA,98.26,,prata
2026-06-02,origem,JEQUITINHONHA,10.8,,prata
2026-06-02,origem,LASSANCE,2.25,,nanica
2026-06-02,origem,LASSANCE,41.73,,prata
2026-06-02,origem,MARILAC,7.5,,nanica
2026-06-02,origem,MARILAC,34.5,,prata
2026-06-02,origem,MATEUS LEME,15.0,,prata
2026-06-02,origem,MATIAS CARDOSO,6.72,,nanica
2026-06-02,origem,MATIAS CARDOSO,17.29,,prata
2026-06-02,origem,MATOZINHOS,5.0,,prata
2026-06-02,origem,MONTES CLAROS,9.908,,nanica
2026-06-02,origem,MONTES CLAROS,77.53,,prata
2026-06-02,origem,NOVA PORTEIRINHA,71.833,,prata
2026-06-02,origem,NOVA UNIÃO,33.5,,nanica
2026-06-02,origem,NOVA UNIÃO,11.5,,prata
2026-06-02,origem,ONÇA DE PITANGUI,6.0,,outras
2026-06-02,origem,ONÇA DE PITANGUI,9.0,,prata
2026-06-02,origem,PARAOPEBA,15.0,,nanica
2026-06-02,origem,PIAU,71.5,,nanica
2026-06-02,origem,PIAU,2.5,,outras
2026-06-02,origem,PIAU,28.0,,prata
2026-06-02,origem,PIRANGUÇU,2.5,,nanica
2026-06-02,origem,PIRANGUÇU,3.0,,prata
2026-06-02,origem,PIRAPORA,3.0,,outras
2026-06-02,origem,PIRAPORA,93.43,,prata
2026-06-02,origem,SÃO FRANCISCO,0.9,,nanica
2026-06-02,origem,SÃO FRANCISCO,18.2,,prata
2026-06-02,origem,TAQUARAÇU DE MINAS,5.0,,nanica
2026-06-02,origem,TAQUARAÇU DE MINAS,5.0,,prata
2026-06-02,origem,UBERLÂNDIA,0.3,,prata
2026-06-02,origem,VERDELÂNDIA,22.32,,nanica
2026-06-02,origem,VERDELÂNDIA,28.44,,prata
2026-06-02,origem,VÁRZEA DA PALMA,12.0,,nanica
2026-06-02,origem,VÁRZEA DA PALMA,23.8,,prata
2026-06-03,destino,AMERICANA,23.1,,nanica
2026-06-03,destino,ANDRADAS,5.7,,prata
2026-06-03,destino,APARECIDA DE GOIÂNIA,0.9,,outras
2026-06-03,destino,AREALVA,22.5,,nanica
2026-06-03,destino,BELO HORIZONTE,4.0,,nanica
2026-06-03,destino,BELO HORIZONTE,1.0,,outras
2026-06-03,destino,BELO HORIZONTE,10.0,,prata
2026-06-03,destino,BOTELHOS,9.0,,prata
2026-06-03,destino,BRASÍLIA,1.35,,outras
2026-06-03,destino,BRAZÓPOLIS,12.0,,prata
2026-06-03,destino,CACHOEIRA PAULISTA,0.8,,nanica
2026-06-03,destino,CACHOEIRA PAULISTA,0.8,,prata
2026-06-03,destino,CAMPINAS,138.6,,nanica
2026-06-03,destino,CAMPINAS,1.44,,outras
2026-06-03,destino,CAMPINAS,64.97,,prata
2026-06-03,destino,CAMPO GRANDE,43.08,,nanica
2026-06-03,destino,CAMPO GRANDE,2.38,,prata
2026-06-03,destino,CAPELINHA,7.6,,prata
2026-06-03,destino,CASSILÂNDIA,0.072,,prata
2026-06-03,destino,CATALÃO,0.216,,nanica
2026-06-03,destino,CATALÃO,0.63,,outras
2026-06-03,destino,CATALÃO,0.396,,prata
2026-06-03,destino,CHAPADÃO DO CÉU,0.06,,nanica
2026-06-03,destino,CHAPADÃO DO CÉU,0.018,,prata
2026-06-03,destino,CHAPADÃO DO SUL,0.325,,nanica
2026-06-03,destino,CHAPADÃO DO SUL,0.092,,outras
2026-06-03,destino,CHAPADÃO DO SUL,0.352,,prata
2026-06-03,destino,CONCEIÇÃO DAS PEDRAS,3.5,,prata
2026-06-03,destino,CONTAGEM,402.84,,nanica
2026-06-03,destino,CONTAGEM,11.895,,outras
2026-06-03,destino,CONTAGEM,427.98,,prata
2026-06-03,destino,CORONEL PACHECO,3.75,,prata
2026-06-03,destino,COSMÓPOLIS,7.65,,nanica
2026-06-03,destino,COSMÓPOLIS,4.8,,prata
2026-06-03,destino,CURVELO,2.25,,nanica
2026-06-03,destino,CURVELO,34.23,,prata
2026-06-03,destino,DIVINÓPOLIS,14.5,,prata
2026-06-03,destino,DOURADOS,23.6,,nanica
2026-06-03,destino,DUQUE DE CAXIAS,12.0,,prata
2026-06-03,destino,EMBU DAS ARTES,13.5,,prata
2026-06-03,destino,FOZ DO IGUAÇU,10.716,,prata
2026-06-03,destino,FRANCA,10.35,,prata
2026-06-03,destino,GOIÂNIA,4.0,,outras
2026-06-03,destino,GOVERNADOR VALADARES,6.0,,nanica
2026-06-03,destino,GOVERNADOR VALADARES,9.0,,prata
2026-06-03,destino,GUANHÃES,4.0,,nanica
2026-06-03,destino,GUANHÃES,11.0,,prata
2026-06-03,destino,GUARULHOS,13.5,,nanica
2026-06-03,destino,GUARULHOS,13.5,,prata
2026-06-03,destino,INOCÊNCIA,1.175,,nanica
2026-06-03,destino,INOCÊNCIA,0.184,,outras
2026-06-03,destino,INOCÊNCIA,1.046,,prata
2026-06-03,destino,IPAMERI,0.064,,nanica
2026-06-03,destino,IPAMERI,0.216,,outras
2026-06-03,destino,IPAMERI,0.064,,prata
2026-06-03,destino,ITAJUBÁ,4.0,,nanica
2026-06-03,destino,ITAJUBÁ,41.58,,prata
2026-06-03,destino,ITAPERUNA,0.5,,nanica
2026-06-03,destino,ITAPERUNA,0.5,,prata
2026-06-03,destino,ITARIRI,10.0,,nanica
2026-06-03,destino,ITARIRI,5.0,,prata
2026-06-03,destino,ITUMBIARA,0.22,,nanica
2026-06-03,destino,ITUMBIARA,0.457,,outras
2026-06-03,destino,ITUMBIARA,1.134,,prata
2026-06-03,destino,JALES,14.0,,nanica
2026-06-03,destino,JANAÚBA,106.5,,nanica
2026-06-03,destino,JANAÚBA,28.0,,prata
2026-06-03,destino,JARDINÓPOLIS,18.48,,nanica
2026-06-03,destino,JAÚ,23.1,,nanica
2026-06-03,destino,JORDÂNIA,0.6,,prata
2026-06-03,destino,JUIZ DE FORA,7.0,,prata
2026-06-03,destino,JUNDIAÍ,25.2,,nanica
2026-06-03,destino,JUNDIAÍ,63.8,,prata
2026-06-03,destino,LAMBARI,1.0,,prata
2026-06-03,destino,LONDRINA,12.0,,nanica
2026-06-03,destino,LORENA,0.8,,nanica
2026-06-03,destino,LORENA,0.8,,prata
2026-06-03,destino,MARINGÁ,39.8,,nanica
2026-06-03,destino,MINEIROS DO TIETÊ,20.58,,nanica
2026-06-03,destino,MIRACATU,26.8,,nanica
2026-06-03,destino,MIRACATU,60.3,,prata
2026-06-03,destino,MONTES CLAROS,28.65,,nanica
2026-06-03,destino,MONTES CLAROS,1.5,,outras
2026-06-03,destino,MONTES CLAROS,97.59,,prata
2026-06-03,destino,NITERÓI,23.0,,prata
2026-06-03,destino,NOVA PORTEIRINHA,21.0,,prata
2026-06-03,destino,NOVA UNIÃO,15.0,,nanica
2026-06-03,destino,NOVA UNIÃO,7.0,,prata
2026-06-03,destino,OSASCO,56.235,,nanica
2026-06-03,destino,OSASCO,1.04,,outras
2026-06-03,destino,OSASCO,62.0,,prata
2026-06-03,destino,PARANAÍBA,0.04,,outras
2026-06-03,destino,PARANAÍBA,0.018,,prata
2026-06-03,destino,PARAÍSO DAS ÁGUAS,0.175,,nanica
2026-06-03,destino,PARAÍSO DAS ÁGUAS,0.076,,outras
2026-06-03,destino,PARAÍSO DAS ÁGUAS,0.018,,prata
2026-06-03,destino,PATOS DE MINAS,4.0,,nanica
2026-06-03,destino,PATOS DE MINAS,5.8,,outras
2026-06-03,destino,PATOS DE MINAS,5.0,,prata
2026-06-03,destino,PEDRALVA,11.52,,prata
2026-06-03,destino,PETRÓPOLIS,1.5,,prata
2026-06-03,destino,PIAU,50.0,,nanica
2026-06-03,destino,PIAU,3.6,,outras
2026-06-03,destino,PIAU,60.8,,prata
2026-06-03,destino,POÇOS DE CALDAS,6.3,,prata
2026-06-03,destino,QUIRINÓPOLIS,0.37,,nanica
2026-06-03,destino,QUIRINÓPOLIS,0.393,,outras
2026-06-03,destino,QUIRINÓPOLIS,0.456,,prata
2026-06-03,destino,RIBEIRÃO DAS NEVES,10.8,,nanica
2026-06-03,destino,RIBEIRÃO DAS NEVES,35.3,,prata
2026-06-03,destino,RIBEIRÃO PRETO,125.296,,nanica
2026-06-03,destino,RIBEIRÃO PRETO,47.448,,prata
2026-06-03,destino,RIO DAS PEDRAS,2.08,,nanica
2026-06-03,destino,RIO DAS PEDRAS,2.55,,prata
2026-06-03,destino,RIO DE JANEIRO,66.12,,nanica
2026-06-03,destino,RIO DE JANEIRO,3.7,,outras
2026-06-03,destino,RIO DE JANEIRO,325.614,,prata
2026-06-03,destino,RIO VERDE,0.1,,nanica
2026-06-03,destino,RIO VERDE,0.037,,outras
2026-06-03,destino,RIO VERDE,0.18,,prata
2026-06-03,destino,SANTA BÁRBARA D'OESTE,12.0,,nanica
2026-06-03,destino,SANTA BÁRBARA DO TUGÚRIO,6.0,,prata
2026-06-03,destino,SANTO ANDRÉ,13.8,,prata
2026-06-03,destino,SANTO ANTÔNIO DO JARDIM,21.628,,prata
2026-06-03,destino,SEROPÉDICA,32.0,,prata
2026-06-03,destino,SOROCABA,11.52,,nanica
2026-06-03,destino,SUZANO,22.944,,prata
2026-06-03,destino,SÃO BERNARDO DO CAMPO,19.5,,prata
2026-06-03,destino,SÃO FRANCISCO,6.0,,nanica
2026-06-03,destino,SÃO FRANCISCO,4.0,,prata
2026-06-03,destino,SÃO GONÇALO,20.0,,prata
2026-06-03,destino,SÃO JOSÉ DO RIO PRETO,34.512,,nanica
2026-06-03,destino,SÃO JOSÉ DO RIO PRETO,12.096,,prata
2026-06-03,destino,SÃO MATEUS,0.15,,prata
2026-06-03,destino,SÃO PAULO,96.72,,nanica
2026-06-03,destino,SÃO PAULO,130.895,,prata
2026-06-03,destino,TABOÃO DA SERRA,35.228,,prata
2026-06-03,destino,TAQUARAÇU DE MINAS,9.0,,prata
2026-06-03,destino,TAUBATÉ,2.5,,nanica
2026-06-03,destino,TAUBATÉ,5.0,,prata
2026-06-03,destino,TRÊS CORAÇÕES,7.0,,nanica
2026-06-03,destino,TRÊS CORAÇÕES,9.0,,prata
2026-06-03,destino,TRÊS RIOS,1.11,,nanica
2026-06-03,destino,TRÊS RIOS,0.015,,outras
2026-06-03,destino,TRÊS RIOS,1.35,,prata
2026-06-03,destino,UBERLÂNDIA,10.8,,nanica
2026-06-03,destino,UBERLÂNDIA,0.5,,outras
2026-06-03,destino,UBERLÂNDIA,38.9,,prata
2026-06-03,destino,UNAÍ,1.05,,nanica
2026-06-03,destino,UNAÍ,1.2,,prata
2026-06-03,destino,VITÓRIA DA CONQUISTA,1.155,,nanica
2026-06-03,destino,VITÓRIA DA CONQUISTA,0.255,,outras
2026-06-03,destino,VÁRZEA PAULISTA,27.6,,nanica
2026-06-03,origem,ANDRADAS,6.3,,prata
2026-06-03,origem,ARAÇUAÍ,83.414,,prata
2026-06-03,origem,BRAZÓPOLIS,4.1,,nanica
2026-06-03,origem,BRAZÓPOLIS,24.6,,prata
2026-06-03,origem,BURITIZEIRO,8.9,,prata
2026-06-03,origem,CANTAGALO,4.0,,nanica
2026-06-03,origem,CANTAGALO,11.0,,prata
2026-06-03,origem,CANÁPOLIS,6.25,,outras
2026-06-03,origem,CAPITÃO ENÉAS,39.3,,nanica
2026-06-03,origem,CAPITÃO ENÉAS,22.0,,prata
2026-06-03,origem,CARANGOLA,0.5,,nanica
2026-06-03,origem,CARANGOLA,0.5,,prata
2026-06-03,origem,CONCEIÇÃO DAS PEDRAS,6.0,,prata
2026-06-03,origem,CONTAGEM,212.79,,nanica
2026-06-03,origem,CONTAGEM,9.345,,outras
2026-06-03,origem,CONTAGEM,197.51,,prata
2026-06-03,origem,CORINTO,21.0,,prata
2026-06-03,origem,CURVELO,17.25,,nanica
2026-06-03,origem,CURVELO,34.23,,prata
2026-06-03,origem,CÁSSIA,14.036,,prata
2026-06-03,origem,DELFINÓPOLIS,9.73,,nanica
2026-06-03,origem,DELFINÓPOLIS,381.358,,prata
2026-06-03,origem,ESPINOSA,30.0,,prata
2026-06-03,origem,IPATINGA,0.15,,prata
2026-06-03,origem,ITACARAMBI,52.0,,nanica
2026-06-03,origem,ITAJUBÁ,8.0,,nanica
2026-06-03,origem,ITAJUBÁ,47.0,,prata
2026-06-03,origem,ITINGA,27.0,,prata
2026-06-03,origem,JANAÚBA,14.6,,nanica
2026-06-03,origem,JANAÚBA,144.62,,prata
2026-06-03,origem,JAÍBA,925.478,,nanica
2026-06-03,origem,JAÍBA,6.5,,outras
2026-06-03,origem,JAÍBA,208.31,,prata
2026-06-03,origem,JEQUITINHONHA,45.9,,prata
2026-06-03,origem,LAGOA FORMOSA,4.0,,nanica
2026-06-03,origem,LAGOA FORMOSA,5.8,,outras
2026-06-03,origem,LAGOA FORMOSA,5.0,,prata
2026-06-03,origem,LAMBARI,1.0,,prata
2026-06-03,origem,LASSANCE,13.5,,nanica
2026-06-03,origem,LASSANCE,79.9,,prata
2026-06-03,origem,MANGA,43.83,,nanica
2026-06-03,origem,MATIAS CARDOSO,15.0,,nanica
2026-06-03,origem,MATIAS CARDOSO,21.0,,prata
2026-06-03,origem,MONTES CLAROS,26.4,,nanica
2026-06-03,origem,MONTES CLAROS,54.5,,prata
2026-06-03,origem,NATÉRCIA,3.5,,prata
2026-06-03,origem,NOVA PORTEIRINHA,8.0,,nanica
2026-06-03,origem,NOVA PORTEIRINHA,148.211,,prata
2026-06-03,origem,NOVA UNIÃO,75.0,,nanica
2026-06-03,origem,PAULISTAS,13.0,,prata
2026-06-03,origem,PEDRALVA,25.0,,prata
2026-06-03,origem,PEQUI,4.0,,nanica
2026-06-03,origem,PEQUI,1.0,,outras
2026-06-03,origem,PEQUI,10.0,,prata
2026-06-03,origem,PIAU,50.0,,nanica
2026-06-03,origem,PIAU,7.3,,outras
2026-06-03,origem,PIAU,62.3,,prata
2026-06-03,origem,PIRAPORA,10.8,,nanica
2026-06-03,origem,PIRAPORA,86.67,,prata
2026-06-03,origem,PIUMHI,4.0,,prata
2026-06-03,origem,PORTEIRINHA,13.0,,prata
2026-06-03,origem,SÃO FRANCISCO,1.05,,nanica
2026-06-03,origem,SÃO FRANCISCO,27.2,,prata
2026-06-03,origem,SÃO GERALDO DA PIEDADE,6.0,,nanica
2026-06-03,origem,SÃO GERALDO DA PIEDADE,9.0,,prata
2026-06-03,origem,TAQUARAÇU DE MINAS,5.0,,nanica
2026-06-03,origem,TAQUARAÇU DE MINAS,0.3,,outras
2026-06-03,origem,TAQUARAÇU DE MINAS,4.0,,prata
2026-06-03,origem,UBERLÂNDIA,2.705,,nanica
2026-06-03,origem,UBERLÂNDIA,2.625,,outras
2026-06-03,origem,UBERLÂNDIA,4.254,,prata
2026-06-03,origem,VERDELÂNDIA,13.5,,nanica
2026-06-03,origem,VERDELÂNDIA,56.06,,prata
2026-06-03,origem,VÁRZEA DA PALMA,41.5,,prata
2026-06-04,destino,AMERICANA,23.1,,nanica
2026-06-04,destino,APARECIDA DE GOIÂNIA,20.25,,prata
2026-06-04,destino,BRASÍLIA,18.9,,nanica
2026-06-04,destino,CAMPINAS,21.45,,nanica
2026-06-04,destino,CAMPINAS,1.5,,outras
2026-06-04,destino,CAMPINAS,18.9,,prata
2026-06-04,destino,CAMPO GRANDE,19.5,,nanica
2026-06-04,destino,CAMPO GRANDE,3.1,,prata
2026-06-04,destino,CONTAGEM,21.0,,nanica
2026-06-04,destino,CONTAGEM,3.66,,outras
2026-06-04,destino,CONTAGEM,33.0,,prata
2026-06-04,destino,CUMARI,0.09,,outras
2026-06-04,destino,DIADEMA,13.5,,nanica
2026-06-04,destino,DIVINÓPOLIS,9.0,,prata
2026-06-04,destino,DOM CAVATI,8.0,,nanica
2026-06-04,destino,MARINGÁ,22.6,,nanica
2026-06-04,destino,MIRACATU,8.0,,prata
2026-06-04,destino,NITERÓI,12.0,,prata
2026-06-04,destino,PIEDADE DE CARATINGA,13.0,,prata
2026-06-04,destino,QUIRINÓPOLIS,0.96,,nanica
2026-06-04,destino,QUIRINÓPOLIS,1.024,,prata
2026-06-04,destino,RIBEIRÃO DAS NEVES,9.45,,nanica
2026-06-04,destino,RIBEIRÃO DAS NEVES,1.35,,outras
2026-06-04,destino,RIBEIRÃO DAS NEVES,10.8,,prata
2026-06-04,destino,RIO DE JANEIRO,86.55,,prata
2026-06-04,destino,SÃO BERNARDO DO CAMPO,26.885,,prata
2026-06-04,destino,SÃO JOSÉ DO RIO PRETO,12.0,,nanica
2026-06-04,destino,SÃO PAULO,26.96,,nanica
2026-06-04,destino,SÃO PAULO,1.35,,outras
2026-06-04,destino,SÃO PAULO,50.425,,prata
2026-06-04,destino,TRÊS RIOS,3.0,,nanica
2026-06-04,destino,TRÊS RIOS,0.15,,outras
2026-06-04,destino,TRÊS RIOS,3.0,,prata
2026-06-04,destino,UBERLÂNDIA,3.0,,outras
2026-06-04,destino,UBERLÂNDIA,10.0,,prata
2026-06-04,destino,VITÓRIA DA CONQUISTA,1.5,,nanica
2026-06-04,destino,VITÓRIA DA CONQUISTA,0.18,,outras
2026-06-04,destino,VOLTA REDONDA,1.4,,nanica
2026-06-04,destino,VOLTA REDONDA,5.5,,prata
2026-06-04,destino,VOTORANTIM,10.16,,prata
2026-06-04,destino,VÁRZEA PAULISTA,50.55,,nanica
2026-06-04,origem,ARAÇUAÍ,46.0,,prata
2026-06-04,origem,BOCAIÚVA,16.0,,prata
2026-06-04,origem,CAMPINA VERDE,3.66,,outras
2026-06-04,origem,CÁSSIA,10.16,,prata
2026-06-04,origem,DELFINÓPOLIS,14.9,,nanica
2026-06-04,origem,DELFINÓPOLIS,72.84,,prata
2026-06-04,origem,ITAOBIM,12.0,,prata
2026-06-04,origem,JAÍBA,211.55,,nanica
2026-06-04,origem,JAÍBA,4.53,,outras
2026-06-04,origem,JAÍBA,64.22,,prata
2026-06-04,origem,LASSANCE,43.35,,prata
2026-06-04,origem,MARILAC,8.0,,nanica
2026-06-04,origem,MARILAC,15.0,,prata
2026-06-04,origem,MATIAS CARDOSO,10.0,,nanica
2026-06-04,origem,MATIAS CARDOSO,13.0,,prata
2026-06-04,origem,PEDRAS DE MARIA DA CRUZ,18.0,,prata
2026-06-04,origem,UBERLÂNDIA,0.96,,nanica
2026-06-04,origem,UBERLÂNDIA,3.09,,outras
2026-06-04,origem,UBERLÂNDIA,11.024,,prata
2026-06-04,origem,VERDELÂNDIA,8.46,,nanica
2026-06-05,destino,BARUERI,10.5,,nanica
2026-06-05,destino,BARUERI,3.0,,prata
2026-06-05,destino,BRASÍLIA,40.465,,prata
2026-06-05,destino,BRAZÓPOLIS,10.0,,prata
2026-06-05,destino,CAMPINAS,135.793,,nanica
2026-06-05,destino,CAMPINAS,4.23,,outras
2026-06-05,destino,CAMPINAS,63.165,,prata
2026-06-05,destino,CAMPO GRANDE,58.2,,nanica
2026-06-05,destino,CAMPO GRANDE,7.44,,prata
2026-06-05,destino,CATALÃO,0.112,,nanica
2026-06-05,destino,CATALÃO,0.292,,outras
2026-06-05,destino,CATALÃO,0.128,,prata
2026-06-05,destino,CHAPADÃO DO SUL,0.09,,outras
2026-06-05,destino,CHAPADÃO DO SUL,0.19,,prata
2026-06-05,destino,CONTAGEM,137.5,,nanica
2026-06-05,destino,CONTAGEM,164.52,,prata
2026-06-05,destino,COSTA RICA,0.038,,nanica
2026-06-05,destino,CRISTINA,7.98,,prata
2026-06-05,destino,DUQUE DE CAXIAS,12.0,,prata
2026-06-05,destino,FRANCA,26.0,,nanica
2026-06-05,destino,GOVERNADOR VALADARES,4.0,,prata
2026-06-05,destino,GUARULHOS,9.639,,prata
2026-06-05,destino,INOCÊNCIA,0.057,,nanica
2026-06-05,destino,INOCÊNCIA,0.018,,outras
2026-06-05,destino,INOCÊNCIA,0.036,,prata
2026-06-05,destino,IPAMERI,0.064,,nanica
2026-06-05,destino,IPAMERI,0.216,,outras
2026-06-05,destino,IPAMERI,0.064,,prata
2026-06-05,destino,ITAJUBÁ,10.6,,prata
2026-06-05,destino,ITARIRI,36.46,,nanica
2026-06-05,destino,ITARIRI,15.81,,prata
2026-06-05,destino,ITUMBIARA,0.276,,nanica
2026-06-05,destino,ITUMBIARA,0.326,,outras
2026-06-05,destino,ITUMBIARA,0.666,,prata
2026-06-05,destino,JACAREÍ,14.0,,nanica
2026-06-05,destino,JANAÚBA,69.1,,nanica
2026-06-05,destino,JANAÚBA,26.0,,prata
2026-06-05,destino,JUIZ DE FORA,2.3,,nanica
2026-06-05,destino,JUIZ DE FORA,2.0,,prata
2026-06-05,destino,JUNDIAÍ,16.8,,nanica
2026-06-05,destino,JUNDIAÍ,26.6,,prata
2026-06-05,destino,LOUVEIRA,13.44,,nanica
2026-06-05,destino,MARINGÁ,63.65,,nanica
2026-06-05,destino,MIRACATU,18.2,,nanica
2026-06-05,destino,MOCOCA,50.0,,prata
2026-06-05,destino,MONTES CLAROS,36.36,,nanica
2026-06-05,destino,MONTES CLAROS,13.6,,prata
2026-06-05,destino,NITERÓI,32.0,,prata
2026-06-05,destino,NOVA PORTEIRINHA,19.935,,prata
2026-06-05,destino,NOVA UNIÃO,7.0,,prata
2026-06-05,destino,OSASCO,17.4,,prata
2026-06-05,destino,PARAIBUNA,12.012,,nanica
2026-06-05,destino,PARANAÍBA,0.038,,nanica
2026-06-05,destino,PATOS DE MINAS,0.95,,nanica
2026-06-05,destino,PATOS DE MINAS,16.25,,prata
2026-06-05,destino,PEDRALVA,12.1,,nanica
2026-06-05,destino,PEDRALVA,5.5,,prata
2026-06-05,destino,PIAU,12.0,,prata
2026-06-05,destino,PORTO VELHO,23.44,,prata
2026-06-05,destino,PRAIA GRANDE,8.0,,prata
2026-06-05,destino,QUIRINÓPOLIS,0.339,,nanica
2026-06-05,destino,QUIRINÓPOLIS,0.222,,outras
2026-06-05,destino,QUIRINÓPOLIS,0.342,,prata
2026-06-05,destino,RIBEIRÃO DAS NEVES,14.05,,nanica
2026-06-05,destino,RIBEIRÃO DAS NEVES,44.25,,prata
2026-06-05,destino,RIBEIRÃO PRETO,130.742,,nanica
2026-06-05,destino,RIBEIRÃO PRETO,11.025,,outras
2026-06-05,destino,RIBEIRÃO PRETO,13.365,,prata
2026-06-05,destino,RIO DE JANEIRO,73.75,,nanica
2026-06-05,destino,RIO DE JANEIRO,0.81,,outras
2026-06-05,destino,RIO DE JANEIRO,404.42,,prata
2026-06-05,destino,RIO VERDE,0.159,,nanica
2026-06-05,destino,RIO VERDE,0.074,,outras
2026-06-05,destino,RIO VERDE,0.162,,prata
2026-06-05,destino,SETE BARRAS,15.0,,nanica
2026-06-05,destino,SOROCABA,10.0,,prata
2026-06-05,destino,SÃO BERNARDO DO CAMPO,53.655,,prata
2026-06-05,destino,SÃO FRANCISCO,2.0,,prata
2026-06-05,destino,SÃO GONÇALO,7.0,,prata
2026-06-05,destino,SÃO JOSÉ DO RIO PRETO,33.0,,nanica
2026-06-05,destino,SÃO JOSÉ DO RIO PRETO,12.096,,prata
2026-06-05,destino,SÃO PAULO,129.94,,nanica
2026-06-05,destino,SÃO PAULO,1.5,,outras
2026-06-05,destino,SÃO PAULO,80.548,,prata
2026-06-05,destino,TABOÃO DA SERRA,15.0,,nanica
2026-06-05,destino,TAQUARAÇU DE MINAS,9.0,,prata
2026-06-05,destino,TAUBATÉ,12.27,,prata
2026-06-05,destino,TRÊS RIOS,1.29,,nanica
2026-06-05,destino,TRÊS RIOS,0.03,,outras
2026-06-05,destino,TRÊS RIOS,9.05,,prata
2026-06-05,destino,UBERABA,2.976,,prata
2026-06-05,destino,UBERLÂNDIA,3.0,,nanica
2026-06-05,destino,UBERLÂNDIA,32.74,,prata
2026-06-05,destino,VÁRZEA GRANDE,23.52,,nanica
2026-06-05,destino,VÁRZEA PAULISTA,13.5,,nanica
2026-06-05,origem,CANÁPOLIS,9.0,,outras
2026-06-05,origem,CAPITÃO ENÉAS,14.0,,nanica
2026-06-05,origem,CONCEIÇÃO DAS PEDRAS,7.7,,nanica
2026-06-05,origem,CONCEIÇÃO DAS PEDRAS,5.5,,prata
2026-06-05,origem,CÁSSIA,44.864,,prata
2026-06-05,origem,DELFINÓPOLIS,122.66,,prata
2026-06-05,origem,ESPINOSA,48.0,,prata
2026-06-05,origem,FRANCISCO SÁ,10.0,,prata
2026-06-05,origem,ITACARAMBI,87.0,,nanica
2026-06-05,origem,ITINGA,12.0,,prata
2026-06-05,origem,JACINTO,4.0,,prata
2026-06-05,origem,JANAÚBA,13.365,,nanica
2026-06-05,origem,JANAÚBA,100.18,,prata
2026-06-05,origem,JAÍBA,844.05,,nanica
2026-06-05,origem,JAÍBA,7.095,,outras
2026-06-05,origem,JAÍBA,207.073,,prata
2026-06-05,origem,JEQUITINHONHA,45.3,,prata
2026-06-05,origem,LASSANCE,14.8,,nanica
2026-06-05,origem,LASSANCE,67.6,,prata
2026-06-05,origem,LIMA DUARTE,2.3,,nanica
2026-06-05,origem,MANGA,7.0,,nanica
2026-06-05,origem,MATIAS CARDOSO,26.88,,nanica
2026-06-05,origem,MONTE SANTO DE MINAS,50.0,,prata
2026-06-05,origem,MONTES CLAROS,12.0,,nanica
2026-06-05,origem,MONTES CLAROS,48.1,,prata
2026-06-05,origem,NOVA PORTEIRINHA,13.0,,nanica
2026-06-05,origem,NOVA PORTEIRINHA,265.966,,prata
2026-06-05,origem,NOVA UNIÃO,45.5,,nanica
2026-06-05,origem,NOVA UNIÃO,29.5,,prata
2026-06-05,origem,PEDRALVA,16.412,,nanica
2026-06-05,origem,PEDRAS DE MARIA DA CRUZ,33.0,,prata
2026-06-05,origem,PIRAPORA,0.95,,nanica
2026-06-05,origem,PIRAPORA,57.496,,prata
2026-06-05,origem,PORTEIRINHA,18.0,,prata
2026-06-05,origem,SÃO FRANCISCO,44.2,,prata
2026-06-05,origem,SÃO JOÃO DA PONTE,10.0,,prata
2026-06-05,origem,UBERLÂNDIA,1.083,,nanica
2026-06-05,origem,UBERLÂNDIA,1.238,,outras
2026-06-05,origem,UBERLÂNDIA,1.588,,prata
2026-06-05,origem,UNAÍ,9.315,,prata
2026-06-05,origem,VERDELÂNDIA,11.2,,nanica
2026-06-05,origem,VERDELÂNDIA,1.5,,outras
2026-06-05,origem,VERDELÂNDIA,45.96,,prata
2026-06-05,origem,VÁRZEA DA PALMA,23.0,,prata
2026-06-06,destino,CASSILÂNDIA,0.072,,prata
2026-06-06,destino,CHAPADÃO DO CÉU,0.06,,nanica
2026-06-06,destino,CHAPADÃO DO CÉU,0.036,,prata
2026-06-06,destino,CHAPADÃO DO SUL,0.06,,nanica
2026-06-06,destino,CHAPADÃO DO SUL,0.126,,prata
2026-06-06,destino,CONTAGEM,36.0,,nanica
2026-06-06,destino,CONTAGEM,43.0,,prata
2026-06-06,destino,INOCÊNCIA,1.0,,nanica
2026-06-06,destino,INOCÊNCIA,0.094,,outras
2026-06-06,destino,INOCÊNCIA,0.198,,prata
2026-06-06,destino,JANAÚBA,17.0,,nanica
2026-06-06,destino,JARDINÓPOLIS,12.0,,nanica
2026-06-06,destino,JUNDIAÍ,48.8,,nanica
2026-06-06,destino,MATEUS LEME,4.8,,prata
2026-06-06,destino,MONTES CLAROS,10.0,,prata
2026-06-06,destino,OSASCO,13.5,,nanica
2026-06-06,destino,PARANAÍBA,0.04,,outras
2026-06-06,destino,PARANAÍBA,0.018,,prata
2026-06-06,destino,PARAÍSO DAS ÁGUAS,0.08,,nanica
2026-06-06,destino,PARAÍSO DAS ÁGUAS,0.038,,outras
2026-06-06,destino,PARAÍSO DAS ÁGUAS,0.018,,prata
2026-06-06,destino,PERUÍBE,10.0,,nanica
2026-06-06,destino,RIBEIRÃO DAS NEVES,12.0,,prata
2026-06-06,destino,RIO DE JANEIRO,47.0,,nanica
2026-06-06,destino,RIO DE JANEIRO,47.0,,prata
2026-06-06,destino,SÃO PAULO,21.0,,nanica
2026-06-06,destino,TRÊS RIOS,6.0,,nanica
2026-06-06,destino,TRÊS RIOS,0.015,,outras
2026-06-06,destino,TRÊS RIOS,1.385,,prata
2026-06-06,destino,VITÓRIA DA CONQUISTA,1.155,,nanica
2026-06-06,destino,VITÓRIA DA CONQUISTA,0.255,,outras
2026-06-06,destino,VÁRZEA PAULISTA,25.35,,nanica
2026-06-06,origem,CLARO DOS POÇÕES,19.0,,prata
2026-06-06,origem,ITACARAMBI,18.0,,nanica
2026-06-06,origem,JANAÚBA,17.0,,nanica
2026-06-06,origem,JANAÚBA,21.0,,prata
2026-06-06,origem,JAÍBA,130.305,,nanica
2026-06-06,origem,JAÍBA,0.27,,outras
2026-06-06,origem,JAÍBA,11.385,,prata
2026-06-06,origem,JEQUITINHONHA,15.0,,prata
2026-06-06,origem,LASSANCE,21.0,,nanica
2026-06-06,origem,LASSANCE,15.0,,prata
2026-06-06,origem,MATIAS CARDOSO,12.0,,nanica
2026-06-06,origem,MATOZINHOS,9.0,,nanica
2026-06-06,origem,MONTES CLAROS,13.5,,nanica
2026-06-06,origem,NOVA PORTEIRINHA,17.0,,nanica
2026-06-06,origem,NOVA PORTEIRINHA,10.0,,prata
2026-06-06,origem,PIRAPORA,26.8,,prata
2026-06-06,origem,UBERLÂNDIA,1.2,,nanica
2026-06-06,origem,UBERLÂNDIA,0.172,,outras
2026-06-06,origem,UBERLÂNDIA,0.468,,prata
2026-06-07,destino,CONTAGEM,18.015,,prata
2026-06-07,destino,SÃO CAETANO DO SUL,8.25,,nanica
2026-06-07,destino,SÃO CAETANO DO SUL,3.75,,prata
2026-06-07,origem,SÃO JOÃO BATISTA DO GLÓRIA,18.015,,prata
2026-06-07,origem,VÁRZEA DA PALMA,8.25,,nanica
2026-06-07,origem,VÁRZEA DA PALMA,3.75,,prata
2026-06-08,destino,ALMENARA,2.4,,prata
2026-06-08,destino,ANDRADAS,2.5,,nanica
2026-06-08,destino,ANDRADAS,17.5,,prata
2026-06-08,destino,ARAÇATUBA,24.0,,nanica
2026-06-08,destino,BAURU,11.34,,prata
2026-06-08,destino,BRASÍLIA,0.75,,outras
2026-06-08,destino,BRAZÓPOLIS,27.0,,prata
2026-06-08,destino,BURITI ALEGRE,0.96,,outras
2026-06-08,destino,CAMPINAS,154.335,,nanica
2026-06-08,destino,CAMPINAS,2.0,,outras
2026-06-08,destino,CAMPINAS,28.56,,prata
2026-06-08,destino,CAMPO GRANDE,58.06,,nanica
2026-06-08,destino,CAMPO GRANDE,4.54,,prata
2026-06-08,destino,CARATINGA,10.0,,nanica
2026-06-08,destino,CARATINGA,2.0,,prata
2026-06-08,destino,CATALÃO,0.048,,nanica
2026-06-08,destino,CATALÃO,0.55,,outras
2026-06-08,destino,CATALÃO,0.304,,prata
2026-06-08,destino,COLNIZA,7.0,,nanica
2026-06-08,destino,CONTAGEM,86.0,,nanica
2026-06-08,destino,CONTAGEM,4.05,,outras
2026-06-08,destino,CONTAGEM,254.87,,prata
2026-06-08,destino,COSMÓPOLIS,13.5,,nanica
2026-06-08,destino,CRISTINA,2.8,,nanica
2026-06-08,destino,CRISTINA,2.8,,prata
2026-06-08,destino,CUIABÁ,19.24,,nanica
2026-06-08,destino,CUIABÁ,3.36,,prata
2026-06-08,destino,CUMARI,0.054,,outras
2026-06-08,destino,CURVELO,2.95,,nanica
2026-06-08,destino,CURVELO,12.0,,prata
2026-06-08,destino,DIVINÓPOLIS,4.95,,prata
2026-06-08,destino,GOIÂNIA,5.4,,outras
2026-06-08,destino,GOVERNADOR VALADARES,3.0,,nanica
2026-06-08,destino,GOVERNADOR VALADARES,3.0,,outras
2026-06-08,destino,GOVERNADOR VALADARES,3.0,,prata
2026-06-08,destino,GUARULHOS,12.0,,nanica
2026-06-08,destino,ITAJUBÁ,7.0,,nanica
2026-06-08,destino,ITARIRI,29.04,,nanica
2026-06-08,destino,ITARIRI,38.72,,prata
2026-06-08,destino,ITUIUTABA,4.0,,outras
2026-06-08,destino,ITUMBIARA,1.28,,outras
2026-06-08,destino,JANAÚBA,128.45,,nanica
2026-06-08,destino,JANAÚBA,10.0,,prata
2026-06-08,destino,JAÚ,12.0,,nanica
2026-06-08,destino,JORDÂNIA,0.6,,prata
2026-06-08,destino,JUNDIAÍ,58.8,,nanica
2026-06-08,destino,JUNDIAÍ,22.25,,prata
2026-06-08,destino,LIMEIRA,11.0,,nanica
2026-06-08,destino,MARINGÁ,24.0,,nanica
2026-06-08,destino,MINEIROS DO TIETÊ,3.375,,prata
2026-06-08,destino,MONTES CLAROS,2.25,,outras
2026-06-08,destino,MONTES CLAROS,50.0,,prata
2026-06-08,destino,NITERÓI,12.0,,nanica
2026-06-08,destino,NITERÓI,20.0,,prata
2026-06-08,destino,NOVA ERA,1.0,,nanica
2026-06-08,destino,NOVA ERA,0.6,,prata
2026-06-08,destino,NOVA UNIÃO,16.0,,prata
2026-06-08,destino,OSASCO,45.72,,nanica
2026-06-08,destino,OSASCO,3.25,,outras
2026-06-08,destino,OSASCO,14.15,,prata
2026-06-08,destino,PARAIBUNA,13.814,,nanica
2026-06-08,destino,PARAOPEBA,15.0,,nanica
2026-06-08,destino,PATOS DE MINAS,42.0,,outras
2026-06-08,destino,PATOS DE MINAS,23.5,,prata
2026-06-08,destino,PEDRALVA,11.88,,prata
2026-06-08,destino,PIAU,6.5,,nanica
2026-06-08,destino,PIAU,0.5,,prata
2026-06-08,destino,PONTA PORÃ,12.0,,nanica
2026-06-08,destino,POUSO ALEGRE,3.585,,nanica
2026-06-08,destino,POUSO ALEGRE,0.572,,outras
2026-06-08,destino,POUSO ALEGRE,25.2,,prata
2026-06-08,destino,POÇOS DE CALDAS,4.8,,prata
2026-06-08,destino,QUIRINÓPOLIS,0.96,,nanica
2026-06-08,destino,QUIRINÓPOLIS,1.2,,prata
2026-06-08,destino,RESENDE,0.4,,nanica
2026-06-08,destino,RIBEIRÃO DAS NEVES,12.3,,nanica
2026-06-08,destino,RIBEIRÃO DAS NEVES,0.18,,outras
2026-06-08,destino,RIBEIRÃO DAS NEVES,35.55,,prata
2026-06-08,destino,RIBEIRÃO PRETO,91.875,,nanica
2026-06-08,destino,RIO DE JANEIRO,86.25,,nanica
2026-06-08,destino,RIO DE JANEIRO,382.38,,prata
2026-06-08,destino,SEROPÉDICA,12.0,,prata
2026-06-08,destino,SOROCABA,11.52,,nanica
2026-06-08,destino,SUMARÉ,16.8,,prata
2026-06-08,destino,SÃO BERNARDO DO CAMPO,23.1,,nanica
2026-06-08,destino,SÃO BERNARDO DO CAMPO,26.885,,prata
2026-06-08,destino,SÃO FRANCISCO,6.0,,nanica
2026-06-08,destino,SÃO GONÇALO,17.0,,prata
2026-06-08,destino,SÃO JOSÉ DO RIO PRETO,24.0,,nanica
2026-06-08,destino,SÃO JOSÉ DO RIO PRETO,9.84,,prata
2026-06-08,destino,SÃO JOÃO DA BOA VISTA,4.5,,nanica
2026-06-08,destino,SÃO JOÃO DA BOA VISTA,3.5,,prata
2026-06-08,destino,SÃO PAULO,61.14,,nanica
2026-06-08,destino,SÃO PAULO,75.75,,prata
2026-06-08,destino,TABOÃO DA SERRA,15.0,,prata
2026-06-08,destino,TAUBATÉ,14.0,,prata
2026-06-08,destino,TOCANTINS,1.98,,nanica
2026-06-08,destino,TRÊS RIOS,3.885,,nanica
2026-06-08,destino,TRÊS RIOS,1.14,,prata
2026-06-08,destino,UBERLÂNDIA,67.8,,nanica
2026-06-08,destino,UBERLÂNDIA,48.6,,outras
2026-06-08,destino,UBERLÂNDIA,98.564,,prata
2026-06-08,destino,VITÓRIA DA CONQUISTA,1.155,,nanica
2026-06-08,destino,VITÓRIA DA CONQUISTA,0.255,,outras
2026-06-08,destino,VOLTA REDONDA,1.6,,nanica
2026-06-08,destino,VOLTA REDONDA,16.03,,prata
2026-06-08,destino,VÁRZEA PAULISTA,36.0,,nanica
2026-06-08,destino,VÁRZEA PAULISTA,16.5,,prata
2026-06-08,origem,ANDRADAS,7.0,,nanica
2026-06-08,origem,ANDRADAS,28.8,,prata
2026-06-08,origem,ARAGUARI,12.0,,nanica
2026-06-08,origem,ARAGUARI,3.0,,outras
2026-06-08,origem,ARAÇUAÍ,53.08,,prata
2026-06-08,origem,AUGUSTO DE LIMA,2.95,,nanica
2026-06-08,origem,AUGUSTO DE LIMA,12.0,,prata
2026-06-08,origem,BRAZÓPOLIS,12.814,,nanica
2026-06-08,origem,BRAZÓPOLIS,30.0,,prata
2026-06-08,origem,CAMPINA VERDE,4.05,,outras
2026-06-08,origem,CANÁPOLIS,21.24,,outras
2026-06-08,origem,CAPITÃO ENÉAS,23.52,,nanica
2026-06-08,origem,CAPITÃO ENÉAS,39.0,,prata
2026-06-08,origem,CARANGOLA,1.0,,nanica
2026-06-08,origem,CARANGOLA,0.6,,prata
2026-06-08,origem,CARATINGA,10.0,,nanica
2026-06-08,origem,CARATINGA,2.0,,prata
2026-06-08,origem,CENTRALINA,6.15,,outras
2026-06-08,origem,CLARO DOS POÇÕES,19.0,,prata
2026-06-08,origem,CONTAGEM,23.0,,nanica
2026-06-08,origem,CONTAGEM,28.0,,prata
2026-06-08,origem,CRISTINA,2.0,,nanica
2026-06-08,origem,CRISTINA,3.55,,prata
2026-06-08,origem,CÁSSIA,13.385,,prata
2026-06-08,origem,DELFINÓPOLIS,152.439,,prata
2026-06-08,origem,ESPINOSA,20.0,,prata
2026-06-08,origem,FRANCISCO SÁ,22.0,,prata
2026-06-08,origem,INDIANÓPOLIS,15.0,,prata
2026-06-08,origem,ITACARAMBI,44.0,,nanica
2026-06-08,origem,ITINGA,18.0,,prata
2026-06-08,origem,JANAÚBA,49.7,,nanica
2026-06-08,origem,JANAÚBA,107.19,,prata
2026-06-08,origem,JAÍBA,779.9,,nanica
2026-06-08,origem,JAÍBA,7.935,,outras
2026-06-08,origem,JAÍBA,116.49,,prata
2026-06-08,origem,JEQUITINHONHA,33.3,,prata
2026-06-08,origem,LAGOA FORMOSA,42.0,,outras
2026-06-08,origem,LAGOA FORMOSA,11.5,,prata
2026-06-08,origem,LASSANCE,66.8,,prata
2026-06-08,origem,MANGA,42.45,,nanica
2026-06-08,origem,MARILAC,1.98,,nanica
2026-06-08,origem,MARILAC,15.0,,prata
2026-06-08,origem,MATIAS CARDOSO,56.2,,nanica
2026-06-08,origem,MATIAS CARDOSO,47.0,,prata
2026-06-08,origem,MONTE ALEGRE DE MINAS,5.0,,outras
2026-06-08,origem,MONTES CLAROS,104.64,,prata
2026-06-08,origem,NOVA PORTEIRINHA,38.6,,nanica
2026-06-08,origem,NOVA PORTEIRINHA,127.41,,prata
2026-06-08,origem,NOVA UNIÃO,15.0,,prata
2026-06-08,origem,PARAOPEBA,15.0,,nanica
2026-06-08,origem,PEDRALVA,8.0,,nanica
2026-06-08,origem,PEDRAS DE MARIA DA CRUZ,13.5,,prata
2026-06-08,origem,PIAU,6.5,,nanica
2026-06-08,origem,PIAU,0.5,,prata
2026-06-08,origem,PIRAPORA,49.65,,prata
2026-06-08,origem,PORTEIRINHA,12.0,,prata
2026-06-08,origem,POUSO ALEGRE,3.585,,nanica
2026-06-08,origem,POUSO ALEGRE,0.572,,outras
2026-06-08,origem,POUSO ALEGRE,10.2,,prata
2026-06-08,origem,RIBEIRÃO DAS NEVES,28.7,,prata
2026-06-08,origem,SÃO DOMINGOS DAS DORES,3.0,,nanica
2026-06-08,origem,SÃO DOMINGOS DAS DORES,3.0,,outras
2026-06-08,origem,SÃO DOMINGOS DAS DORES,3.0,,prata
2026-06-08,origem,SÃO FRANCISCO,14.0,,prata
2026-06-08,origem,SÃO JOÃO BATISTA DO GLÓRIA,2.8,,nanica
2026-06-08,origem,SÃO JOÃO BATISTA DO GLÓRIA,2.8,,prata
2026-06-08,origem,SÃO JOÃO DA PONTE,12.0,,prata
2026-06-08,origem,UBERLÂNDIA,56.808,,nanica
2026-06-08,origem,UBERLÂNDIA,26.204,,outras
2026-06-08,origem,UBERLÂNDIA,69.804,,prata
2026-06-08,origem,VERDELÂNDIA,7.0,,nanica
2026-06-08,origem,VERDELÂNDIA,18.0,,prata
2026-06-08,origem,VÁRZEA DA PALMA,23.0,,prata
2026-06-09,destino,ANDRADAS,15.0,,prata
2026-06-09,destino,ARAÇATUBA,12.0,,prata
2026-06-09,destino,ARCOS,4.5,,prata
2026-06-09,destino,BOTELHOS,1.5,,nanica
2026-06-09,destino,BOTELHOS,3.0,,prata
2026-06-09,destino,BRASÍLIA,22.275,,nanica
2026-06-09,destino,BRASÍLIA,0.3,,outras
2026-06-09,destino,BRASÍLIA,49.995,,prata
2026-06-09,destino,BRAZÓPOLIS,14.0,,prata
2026-06-09,destino,CAMPINAS,39.427,,nanica
2026-06-09,destino,CAMPINAS,4.38,,outras
2026-06-09,destino,CAMPINAS,74.575,,prata
2026-06-09,destino,CAMPO GRANDE,44.8,,nanica
2026-06-09,destino,CARATINGA,4.0,,nanica
2026-06-09,destino,CARATINGA,6.0,,outras
2026-06-09,destino,CARATINGA,11.0,,prata
2026-06-09,destino,CATALÃO,0.112,,nanica
2026-06-09,destino,CATALÃO,0.292,,outras
2026-06-09,destino,CATALÃO,0.128,,prata
2026-06-09,destino,CONTAGEM,269.405,,nanica
2026-06-09,destino,CONTAGEM,41.76,,outras
2026-06-09,destino,CONTAGEM,328.05,,prata
2026-06-09,destino,CRISTINA,10.0,,prata
2026-06-09,destino,CURVELO,15.0,,nanica
2026-06-09,destino,DIADEMA,13.5,,prata
2026-06-09,destino,DIVINÓPOLIS,9.12,,prata
2026-06-09,destino,DOURADOS,23.0,,nanica
2026-06-09,destino,FELIXLÂNDIA,1.0,,nanica
2026-06-09,destino,FELIXLÂNDIA,4.0,,prata
2026-06-09,destino,FRANCA,2.25,,prata
2026-06-09,destino,GUARANÉSIA,5.0,,prata
2026-06-09,destino,GUARULHOS,22.496,,prata
2026-06-09,destino,IPAMERI,0.064,,nanica
2026-06-09,destino,IPAMERI,0.216,,outras
2026-06-09,destino,IPAMERI,0.064,,prata
2026-06-09,destino,ITAJUBÁ,2.0,,nanica
2026-06-09,destino,ITAJUBÁ,9.5,,prata
2026-06-09,destino,ITAMOGI,2.8,,nanica
2026-06-09,destino,ITANHANDU,4.4,,prata
2026-06-09,destino,ITARIRI,10.0,,prata
2026-06-09,destino,ITUMBIARA,0.45,,outras
2026-06-09,destino,JACAREÍ,0.098,,outras
2026-06-09,destino,JACAREÍ,5.6,,prata
2026-06-09,destino,JALES,13.5,,nanica
2026-06-09,destino,JANAÚBA,43.79,,nanica
2026-06-09,destino,JANAÚBA,10.0,,prata
2026-06-09,destino,JUNDIAÍ,56.4,,nanica
2026-06-09,destino,JUNDIAÍ,36.5,,prata
2026-06-09,destino,LASSANCE,30.0,,prata
2026-06-09,destino,MARIA DA FÉ,4.75,,prata
2026-06-09,destino,MARINGÁ,22.7,,nanica
2026-06-09,destino,MIRACATU,33.6,,nanica
2026-06-09,destino,MONTES CLAROS,17.88,,nanica
2026-06-09,destino,MONTES CLAROS,8.1,,prata
2026-06-09,destino,NITERÓI,10.0,,prata
2026-06-09,destino,NOVA PORTEIRINHA,20.885,,prata
2026-06-09,destino,OSASCO,61.64,,prata
2026-06-09,destino,PARAIBUNA,25.0,,nanica
2026-06-09,destino,PARAOPEBA,165.0,,nanica
2026-06-09,destino,PARAOPEBA,75.0,,prata
2026-06-09,destino,PATOS DE MINAS,7.0,,prata
2026-06-09,destino,PIAU,4.0,,prata
2026-06-09,destino,PIRANGUÇU,32.0,,nanica
2026-06-09,destino,PIRANGUÇU,14.0,,prata
2026-06-09,destino,POUSO ALEGRE,15.0,,nanica
2026-06-09,destino,POUSO ALEGRE,15.0,,prata
2026-06-09,destino,QUIRINÓPOLIS,0.08,,nanica
2026-06-09,destino,QUIRINÓPOLIS,0.162,,outras
2026-06-09,destino,QUIRINÓPOLIS,0.096,,prata
2026-06-09,destino,RIBEIRÃO DAS NEVES,10.8,,prata
2026-06-09,destino,RIBEIRÃO PRETO,89.512,,nanica
2026-06-09,destino,RIBEIRÃO PRETO,37.125,,prata
2026-06-09,destino,RIO BONITO,8.0,,nanica
2026-06-09,destino,RIO BONITO,4.0,,prata
2026-06-09,destino,RIO DE JANEIRO,62.52,,nanica
2026-06-09,destino,RIO DE JANEIRO,3.25,,outras
2026-06-09,destino,RIO DE JANEIRO,286.18,,prata
2026-06-09,destino,SANTA RITA DO PASSA QUATRO,6.75,,prata
2026-06-09,destino,SANTA RITA DO SAPUCAÍ,9.5,,prata
2026-06-09,destino,SANTO ANTÔNIO DO JARDIM,4.521,,prata
2026-06-09,destino,SAPUCAÍ-MIRIM,4.0,,nanica
2026-06-09,destino,SAPUCAÍ-MIRIM,7.0,,prata
2026-06-09,destino,SUZANO,11.52,,prata
2026-06-09,destino,SÃO BENTO DO SAPUCAÍ,4.8,,prata
2026-06-09,destino,SÃO BERNARDO DO CAMPO,36.11,,prata
2026-06-09,destino,SÃO GONÇALO,14.0,,prata
2026-06-09,destino,SÃO JOSÉ DO RIO PARDO,3.5,,nanica
2026-06-09,destino,SÃO JOSÉ DO RIO PRETO,24.0,,nanica
2026-06-09,destino,SÃO JOSÉ DO RIO PRETO,12.096,,prata
2026-06-09,destino,SÃO JOSÉ DOS CAMPOS,11.1,,prata
2026-06-09,destino,SÃO PAULO,55.66,,nanica
2026-06-09,destino,SÃO PAULO,134.706,,prata
2026-06-09,destino,TABOÃO DA SERRA,10.0,,prata
2026-06-09,destino,TAUBATÉ,5.5,,nanica
2026-06-09,destino,TAUBATÉ,2.0,,prata
2026-06-09,destino,TRÊS CORAÇÕES,39.72,,nanica
2026-06-09,destino,TRÊS CORAÇÕES,33.0,,prata
2026-06-09,destino,TRÊS RIOS,3.0,,nanica
2026-06-09,destino,TRÊS RIOS,0.015,,outras
2026-06-09,destino,UBERLÂNDIA,26.424,,nanica
2026-06-09,destino,UBERLÂNDIA,10.36,,outras
2026-06-09,destino,UBERLÂNDIA,0.16,,prata
2026-06-09,destino,UNAÍ,0.9,,nanica
2026-06-09,destino,UNAÍ,1.2,,prata
2026-06-09,destino,VARGINHA,15.0,,prata
2026-06-09,destino,VOLTA REDONDA,2.0,,nanica
2026-06-09,destino,VOLTA REDONDA,6.6,,prata
2026-06-09,destino,VOTORANTIM,7.2,,prata
2026-06-09,destino,VÁRZEA PAULISTA,18.0,,prata
2026-06-09,origem,ANDRADAS,5.0,,prata
2026-06-09,origem,ARAÇUAÍ,3.0,,nanica
2026-06-09,origem,ARAÇUAÍ,86.18,,prata
2026-06-09,origem,BELO HORIZONTE,27.485,,nanica
2026-06-09,origem,BELO HORIZONTE,3.775,,outras
2026-06-09,origem,BELO HORIZONTE,36.495,,prata
2026-06-09,origem,BOTELHOS,1.5,,nanica
2026-06-09,origem,BOTELHOS,3.0,,prata
2026-06-09,origem,BRASILÂNDIA DE MINAS,11.0,,nanica
2026-06-09,origem,BRAZÓPOLIS,29.4,,nanica
2026-06-09,origem,BRAZÓPOLIS,63.0,,prata
2026-06-09,origem,CANÁPOLIS,10.0,,outras
2026-06-09,origem,CAPITÃO ENÉAS,10.7,,nanica
2026-06-09,origem,CAPITÃO ENÉAS,37.1,,prata
2026-06-09,origem,CARANGOLA,0.5,,nanica
2026-06-09,origem,CARANGOLA,0.5,,prata
2026-06-09,origem,CONGONHAL,12.6,,nanica
2026-06-09,origem,CONTAGEM,125.64,,nanica
2026-06-09,origem,CONTAGEM,15.485,,outras
2026-06-09,origem,CONTAGEM,224.555,,prata
2026-06-09,origem,CRISTINA,14.4,,prata
2026-06-09,origem,CURVELO,31.0,,nanica
2026-06-09,origem,CURVELO,4.0,,prata
2026-06-09,origem,CÁSSIA,8.996,,prata
2026-06-09,origem,DELFINÓPOLIS,20.064,,nanica
2026-06-09,origem,DELFINÓPOLIS,0.098,,outras
2026-06-09,origem,DELFINÓPOLIS,302.517,,prata
2026-06-09,origem,IMBÉ DE MINAS,4.0,,nanica
2026-06-09,origem,IMBÉ DE MINAS,4.0,,outras
2026-06-09,origem,IMBÉ DE MINAS,2.0,,prata
2026-06-09,origem,INHAPIM,15.0,,outras
2026-06-09,origem,ITACARAMBI,119.275,,nanica
2026-06-09,origem,ITACARAMBI,1.065,,outras
2026-06-09,origem,ITACARAMBI,16.275,,prata
2026-06-09,origem,ITAOBIM,16.6,,prata
2026-06-09,origem,JANAÚBA,31.8,,prata
2026-06-09,origem,JAÍBA,470.889,,nanica
2026-06-09,origem,JAÍBA,5.88,,outras
2026-06-09,origem,JAÍBA,149.955,,prata
2026-06-09,origem,JEQUITINHONHA,10.8,,prata
2026-06-09,origem,LASSANCE,86.55,,prata
2026-06-09,origem,MANGA,22.0,,nanica
2026-06-09,origem,MARILAC,15.0,,prata
2026-06-09,origem,MATOZINHOS,4.0,,prata
2026-06-09,origem,MONTES CLAROS,2.7,,nanica
2026-06-09,origem,MONTES CLAROS,59.3,,prata
2026-06-09,origem,NOVA PORTEIRINHA,148.496,,prata
2026-06-09,origem,NOVA UNIÃO,45.0,,nanica
2026-06-09,origem,PARAOPEBA,165.0,,nanica
2026-06-09,origem,PARAOPEBA,75.0,,prata
2026-06-09,origem,PEDRALVA,3.5,,nanica
2026-06-09,origem,PEDRAS DE MARIA DA CRUZ,18.0,,prata
2026-06-09,origem,PIAU,3.0,,nanica
2026-06-09,origem,PIAU,2.5,,outras
2026-06-09,origem,PIRANGUÇU,41.5,,nanica
2026-06-09,origem,PIRANGUÇU,19.5,,prata
2026-06-09,origem,PIRAPORA,49.87,,prata
2026-06-09,origem,SIMONÉSIA,2.0,,outras
2026-06-09,origem,SIMONÉSIA,2.0,,prata
2026-06-09,origem,SÃO FRANCISCO,0.9,,nanica
2026-06-09,origem,SÃO FRANCISCO,22.2,,prata
2026-06-09,origem,SÃO JOAQUIM DE BICAS,15.0,,nanica
2026-06-09,origem,SÃO JOAQUIM DE BICAS,15.0,,prata
2026-06-09,origem,UBAPORANGA,6.0,,nanica
2026-06-09,origem,UBAPORANGA,6.0,,outras
2026-06-09,origem,UBAPORANGA,10.0,,prata
2026-06-09,origem,UBERLÂNDIA,0.416,,nanica
2026-06-09,origem,UBERLÂNDIA,1.48,,outras
2026-06-09,origem,UBERLÂNDIA,0.448,,prata
2026-06-09,origem,VERDELÂNDIA,28.98,,prata
2026-06-09,origem,VÁRZEA DA PALMA,3.0,,nanica
2026-06-09,origem,VÁRZEA DA PALMA,21.0,,prata
2026-06-10,destino,AMERICANA,23.1,,prata
2026-06-10,destino,ANDRADAS,15.0,,prata
2026-06-10,destino,APARECIDA DE GOIÂNIA,17.325,,prata
2026-06-10,destino,ARAÇATUBA,24.0,,nanica
2026-06-10,destino,ARCOS,7.65,,prata
2026-06-10,destino,BARUERI,8.0,,nanica
2026-06-10,destino,BARUERI,5.0,,prata
2026-06-10,destino,BELO HORIZONTE,0.56,,nanica
2026-06-10,destino,BELO HORIZONTE,5.64,,prata
2026-06-10,destino,BOTELHOS,1.5,,prata
2026-06-10,destino,BRAZÓPOLIS,12.04,,prata
2026-06-10,destino,CACHOEIRA PAULISTA,0.8,,nanica
2026-06-10,destino,CACHOEIRA PAULISTA,0.8,,prata
2026-06-10,destino,CAIEIRAS,11.2,,nanica
2026-06-10,destino,CAIEIRAS,1.7,,prata
2026-06-10,destino,CAJATI,17.64,,prata
2026-06-10,destino,CAMPINAS,47.601,,nanica
2026-06-10,destino,CAMPINAS,37.995,,prata
2026-06-10,destino,CAMPO GRANDE,15.48,,nanica
2026-06-10,destino,CAMPO GRANDE,7.08,,prata
2026-06-10,destino,CAPELINHA,7.6,,prata
2026-06-10,destino,CARATINGA,12.0,,outras
2026-06-10,destino,CARATINGA,9.0,,prata
2026-06-10,destino,CASSILÂNDIA,0.054,,prata
2026-06-10,destino,CHAPADÃO DO CÉU,0.06,,nanica
2026-06-10,destino,CHAPADÃO DO CÉU,0.02,,outras
2026-06-10,destino,CHAPADÃO DO CÉU,0.018,,prata
2026-06-10,destino,CHAPADÃO DO SUL,0.04,,nanica
2026-06-10,destino,CHAPADÃO DO SUL,0.092,,outras
2026-06-10,destino,CHAPADÃO DO SUL,0.262,,prata
2026-06-10,destino,COIMBRA,10.0,,prata
2026-06-10,destino,CONTAGEM,69.8,,nanica
2026-06-10,destino,CONTAGEM,190.5,,prata
2026-06-10,destino,COSMÓPOLIS,4.85,,nanica
2026-06-10,destino,COSMÓPOLIS,4.8,,prata
2026-06-10,destino,COSTA RICA,0.038,,nanica
2026-06-10,destino,COSTA RICA,0.019,,outras
2026-06-10,destino,CURVELO,15.0,,nanica
2026-06-10,destino,DIADEMA,7.5,,nanica
2026-06-10,destino,DIADEMA,6.0,,prata
2026-06-10,destino,DOURADOS,22.2,,nanica
2026-06-10,destino,DOURADOS,0.72,,prata
2026-06-10,destino,DUQUE DE CAXIAS,12.0,,prata
2026-06-10,destino,FARTURA,22.1,,nanica
2026-06-10,destino,FARTURA,2.2,,prata
2026-06-10,destino,FRANCA,28.0,,nanica
2026-06-10,destino,GUARULHOS,26.16,,prata
2026-06-10,destino,INOCÊNCIA,1.215,,nanica
2026-06-10,destino,INOCÊNCIA,0.206,,outras
2026-06-10,destino,INOCÊNCIA,1.083,,prata
2026-06-10,destino,ITARIRI,26.0,,nanica
2026-06-10,destino,ITARIRI,2.8,,prata
2026-06-10,destino,ITUMBIARA,0.08,,nanica
2026-06-10,destino,ITUMBIARA,0.108,,outras
2026-06-10,destino,ITUMBIARA,0.504,,prata
2026-06-10,destino,JANAÚBA,38.0,,nanica
2026-06-10,destino,JANAÚBA,10.0,,prata
2026-06-10,destino,JARDINÓPOLIS,16.8,,nanica
2026-06-10,destino,JAÚ,21.0,,nanica
2026-06-10,destino,JESUÂNIA,5.82,,prata
2026-06-10,destino,JUNDIAÍ,30.8,,nanica
2026-06-10,destino,JUNDIAÍ,49.9,,prata
2026-06-10,destino,LORENA,0.8,,nanica
2026-06-10,destino,LORENA,0.8,,prata
2026-06-10,destino,MARINGÁ,39.8,,nanica
2026-06-10,destino,MINEIROS DO TIETÊ,20.58,,nanica
2026-06-10,destino,MIRACATU,23.94,,prata
2026-06-10,destino,MONTES CLAROS,2.25,,outras
2026-06-10,destino,MONTES CLAROS,82.08,,prata
2026-06-10,destino,NITERÓI,30.0,,prata
2026-06-10,destino,NOVA PORTEIRINHA,13.0,,prata
2026-06-10,destino,NOVA UNIÃO,14.3,,prata
2026-06-10,destino,OSASCO,18.315,,nanica
2026-06-10,destino,OSASCO,1.95,,outras
2026-06-10,destino,OSASCO,18.395,,prata
2026-06-10,destino,PARAIBUNA,10.8,,nanica
2026-06-10,destino,PARANAÍBA,0.036,,prata
2026-06-10,destino,PARAOPEBA,15.0,,nanica
2026-06-10,destino,PARAOPEBA,10.0,,prata
2026-06-10,destino,PARAÍSO DAS ÁGUAS,0.195,,nanica
2026-06-10,destino,PARAÍSO DAS ÁGUAS,0.056,,outras
2026-06-10,destino,PARAÍSO DAS ÁGUAS,0.018,,prata
2026-06-10,destino,PETRÓPOLIS,1.5,,prata
2026-06-10,destino,PIAU,15.0,,nanica
2026-06-10,destino,PINDAMONHANGABA,2.0,,nanica
2026-06-10,destino,PINDAMONHANGABA,4.0,,prata
2026-06-10,destino,PIRANGUÇU,9.2,,nanica
2026-06-10,destino,PIRANGUÇU,8.4,,prata
2026-06-10,destino,POUSO ALEGRE,2.5,,nanica
2026-06-10,destino,POUSO ALEGRE,3.8,,prata
2026-06-10,destino,POÇOS DE CALDAS,5.5,,prata
2026-06-10,destino,QUIRINÓPOLIS,0.14,,nanica
2026-06-10,destino,QUIRINÓPOLIS,0.073,,outras
2026-06-10,destino,QUIRINÓPOLIS,0.198,,prata
2026-06-10,destino,RIBEIRÃO DAS NEVES,42.525,,prata
2026-06-10,destino,RIBEIRÃO PRETO,23.31,,nanica
2026-06-10,destino,RIBEIRÃO PRETO,11.52,,prata
2026-06-10,destino,RIO DE JANEIRO,41.44,,nanica
2026-06-10,destino,RIO DE JANEIRO,263.85,,prata
2026-06-10,destino,RIO VERDE,0.08,,nanica
2026-06-10,destino,RIO VERDE,0.036,,outras
2026-06-10,destino,RIO VERDE,0.09,,prata
2026-06-10,destino,SANTO ANTÔNIO DO JARDIM,14.688,,nanica
2026-06-10,destino,SEROPÉDICA,20.0,,prata
2026-06-10,destino,SUZANO,11.456,,prata
2026-06-10,destino,SÃO BERNARDO DO CAMPO,26.885,,prata
2026-06-10,destino,SÃO JOSÉ DO RIO PRETO,15.12,,nanica
2026-06-10,destino,SÃO JOSÉ DOS CAMPOS,7.0,,prata
2026-06-10,destino,SÃO JOÃO DA MATA,6.0,,prata
2026-06-10,destino,SÃO MATEUS,0.12,,prata
2026-06-10,destino,SÃO PAULO,50.44,,nanica
2026-06-10,destino,SÃO PAULO,0.72,,outras
2026-06-10,destino,SÃO PAULO,69.976,,prata
2026-06-10,destino,TABOÃO DA SERRA,9.52,,prata
2026-06-10,destino,TAUBATÉ,2.5,,nanica
2026-06-10,destino,TAUBATÉ,5.0,,prata
2026-06-10,destino,TRÊS RIOS,1.35,,nanica
2026-06-10,destino,TRÊS RIOS,0.03,,outras
2026-06-10,destino,TRÊS RIOS,1.305,,prata
2026-06-10,destino,UBERABA,2.82,,prata
2026-06-10,destino,UBERLÂNDIA,52.57,,nanica
2026-06-10,destino,UBERLÂNDIA,109.57,,outras
2026-06-10,destino,UBERLÂNDIA,70.41,,prata
2026-06-10,destino,VITÓRIA DA CONQUISTA,1.005,,nanica
2026-06-10,destino,VITÓRIA DA CONQUISTA,0.345,,outras
2026-06-10,destino,VÁRZEA PAULISTA,13.9,,nanica
2026-06-10,destino,VÁRZEA PAULISTA,14.1,,prata
2026-06-10,origem,ALFENAS,15.0,,prata
2026-06-10,origem,ANDRADAS,7.0,,prata
2026-06-10,origem,ARAÇUAÍ,66.05,,prata
2026-06-10,origem,BRAZÓPOLIS,17.4,,nanica
2026-06-10,origem,BRAZÓPOLIS,17.4,,prata
2026-06-10,origem,CAPITÃO ENÉAS,27.44,,nanica
2026-06-10,origem,CARATINGA,7.0,,prata
2026-06-10,origem,COIMBRA,10.0,,prata
2026-06-10,origem,CONTAGEM,22.0,,prata
2026-06-10,origem,CURVELO,45.56,,nanica
2026-06-10,origem,CURVELO,17.64,,prata
2026-06-10,origem,CÁSSIA,26.07,,prata
2026-06-10,origem,DELFINÓPOLIS,12.35,,nanica
2026-06-10,origem,DELFINÓPOLIS,202.927,,prata
2026-06-10,origem,ESPINOSA,20.0,,prata
2026-06-10,origem,FRANCISCO SÁ,8.0,,prata
2026-06-10,origem,INDIANÓPOLIS,4.0,,nanica
2026-06-10,origem,INDIANÓPOLIS,7.0,,prata
2026-06-10,origem,INHAPIM,12.0,,outras
2026-06-10,origem,INHAPIM,2.0,,prata
2026-06-10,origem,IPATINGA,0.12,,prata
2026-06-10,origem,ITACARAMBI,48.865,,nanica
2026-06-10,origem,ITACARAMBI,4.23,,outras
2026-06-10,origem,ITACARAMBI,9.1,,prata
2026-06-10,origem,ITAOBIM,15.0,,prata
2026-06-10,origem,ITINGA,16.0,,prata
2026-06-10,origem,JANAÚBA,18.0,,nanica
2026-06-10,origem,JANAÚBA,56.22,,prata
2026-06-10,origem,JAÍBA,439.284,,nanica
2026-06-10,origem,JAÍBA,0.345,,outras
2026-06-10,origem,JAÍBA,240.535,,prata
2026-06-10,origem,JEQUITINHONHA,34.05,,prata
2026-06-10,origem,LASSANCE,58.35,,prata
2026-06-10,origem,MANGA,15.12,,nanica
2026-06-10,origem,MARILAC,15.0,,prata
2026-06-10,origem,MATIAS CARDOSO,7.2,,nanica
2026-06-10,origem,MONTES CLAROS,40.5,,prata
2026-06-10,origem,NOVA PORTEIRINHA,12.0,,nanica
2026-06-10,origem,NOVA PORTEIRINHA,91.6,,prata
2026-06-10,origem,NOVA UNIÃO,23.5,,nanica
2026-06-10,origem,NOVA UNIÃO,32.0,,prata
2026-06-10,origem,PARAOPEBA,15.0,,nanica
2026-06-10,origem,PARAOPEBA,10.0,,prata
2026-06-10,origem,PAULISTAS,13.0,,prata
2026-06-10,origem,PEDRAS DE MARIA DA CRUZ,19.0,,prata
2026-06-10,origem,PIAU,15.0,,nanica
2026-06-10,origem,PIAU,1.5,,prata
2026-06-10,origem,PIRANGUÇU,11.2,,nanica
2026-06-10,origem,PIRANGUÇU,12.4,,prata
2026-06-10,origem,PIRAPORA,39.34,,prata
2026-06-10,origem,SÃO FRANCISCO,13.5,,prata
2026-06-10,origem,SÃO JOÃO DA MATA,6.0,,prata
2026-06-10,origem,UBERLÂNDIA,38.418,,nanica
2026-06-10,origem,UBERLÂNDIA,110.18,,outras
2026-06-10,origem,UBERLÂNDIA,53.763,,prata
2026-06-10,origem,VERDELÂNDIA,11.52,,nanica
2026-06-10,origem,VERDELÂNDIA,0.72,,outras
2026-06-10,origem,VERDELÂNDIA,50.87,,prata
2026-06-10,origem,VÁRZEA DA PALMA,14.5,,prata
2026-06-11,destino,APARECIDA DE GOIÂNIA,0.75,,outras
2026-06-11,destino,ARCOS,12.15,,prata
2026-06-11,destino,BRASÍLIA,2.4,,outras
2026-06-11,destino,CAJURI,20.0,,prata
2026-06-11,destino,CAMPINAS,153.95,,nanica
2026-06-11,destino,CAMPINAS,37.82,,prata
2026-06-11,destino,CAMPO GRANDE,19.3,,nanica
2026-06-11,destino,CAMPO GRANDE,3.0,,prata
2026-06-11,destino,CARIACICA,31.2,,prata
2026-06-11,destino,CATALÃO,0.126,,nanica
2026-06-11,destino,CATALÃO,0.362,,outras
2026-06-11,destino,CATALÃO,0.238,,prata
2026-06-11,destino,CONCEIÇÃO DAS PEDRAS,6.0,,prata
2026-06-11,destino,CONTAGEM,281.835,,nanica
2026-06-11,destino,CONTAGEM,20.74,,outras
2026-06-11,destino,CONTAGEM,170.555,,prata
2026-06-11,destino,CORONEL PACHECO,2.0,,nanica
2026-06-11,destino,CORONEL PACHECO,1.0,,prata
2026-06-11,destino,CUMARI,0.072,,outras
2026-06-11,destino,DIVINÓPOLIS,9.63,,prata
2026-06-11,destino,EXTREMA,12.0,,nanica
2026-06-11,destino,EXTREMA,15.0,,prata
2026-06-11,destino,FOZ DO IGUAÇU,11.818,,prata
2026-06-11,destino,FRANCA,22.0,,nanica
2026-06-11,destino,FRANCA,14.56,,prata
2026-06-11,destino,GOIÂNIA,3.0,,outras
2026-06-11,destino,GUARATINGUETÁ,1.75,,prata
2026-06-11,destino,GUARULHOS,27.0,,nanica
2026-06-11,destino,GUARULHOS,13.5,,prata
2026-06-11,destino,ITAJUBÁ,11.0,,nanica
2026-06-11,destino,ITAJUBÁ,14.5,,prata
2026-06-11,destino,ITAMOGI,2.28,,prata
2026-06-11,destino,ITARIRI,10.62,,nanica
2026-06-11,destino,JANAÚBA,82.03,,nanica
2026-06-11,destino,JANAÚBA,46.0,,prata
2026-06-11,destino,JUIZ DE FORA,2.0,,prata
2026-06-11,destino,JUNDIAÍ,11.2,,nanica
2026-06-11,destino,JUNDIAÍ,23.9,,prata
2026-06-11,destino,MASSARANDUBA,21.168,,nanica
2026-06-11,destino,MIRACATU,52.2,,nanica
2026-06-11,destino,MIRACATU,12.6,,prata
2026-06-11,destino,MONTES CLAROS,4.05,,nanica
2026-06-11,destino,MONTES CLAROS,47.95,,prata
2026-06-11,destino,NITERÓI,10.0,,nanica
2026-06-11,destino,NITERÓI,43.0,,prata
2026-06-11,destino,OSASCO,13.5,,nanica
2026-06-11,destino,OSASCO,28.44,,prata
2026-06-11,destino,PATOS DE MINAS,8.0,,nanica
2026-06-11,destino,PEDRALVA,18.0,,nanica
2026-06-11,destino,PEDRALVA,27.6,,prata
2026-06-11,destino,PINDAMONHANGABA,1.0,,nanica
2026-06-11,destino,PINDAMONHANGABA,1.0,,prata
2026-06-11,destino,PIRACICABA,15.0,,prata
2026-06-11,destino,POTIM,2.0,,nanica
2026-06-11,destino,POÇOS DE CALDAS,6.0,,nanica
2026-06-11,destino,QUIRINÓPOLIS,0.32,,nanica
2026-06-11,destino,QUIRINÓPOLIS,0.48,,prata
2026-06-11,destino,RIBEIRÃO DAS NEVES,15.0,,nanica
2026-06-11,destino,RIBEIRÃO DAS NEVES,10.8,,prata
2026-06-11,destino,RIBEIRÃO PRETO,107.462,,nanica
2026-06-11,destino,RIBEIRÃO PRETO,8.46,,outras
2026-06-11,destino,RIBEIRÃO PRETO,10.11,,prata
2026-06-11,destino,RIO DE JANEIRO,154.86,,nanica
2026-06-11,destino,RIO DE JANEIRO,415.98,,prata
2026-06-11,destino,SANTA BÁRBARA DO TUGÚRIO,5.0,,prata
2026-06-11,destino,SANTO ANDRÉ,13.8,,prata
2026-06-11,destino,SANTO ANTÔNIO DO JARDIM,12.0,,nanica
2026-06-11,destino,SEROPÉDICA,14.16,,prata
2026-06-11,destino,SETE BARRAS,15.0,,nanica
2026-06-11,destino,SOROCABA,8.96,,prata
2026-06-11,destino,SUMARÉ,16.5,,nanica
2026-06-11,destino,SÃO BERNARDO DO CAMPO,46.2,,nanica
2026-06-11,destino,SÃO BERNARDO DO CAMPO,34.01,,prata
2026-06-11,destino,SÃO GONÇALO,17.0,,nanica
2026-06-11,destino,SÃO GONÇALO,0.6,,prata
2026-06-11,destino,SÃO JOSÉ DO RIO PRETO,70.464,,nanica
2026-06-11,destino,SÃO JOSÉ DO RIO PRETO,12.096,,prata
2026-06-11,destino,SÃO PAULO,53.184,,nanica
2026-06-11,destino,SÃO PAULO,91.825,,prata
2026-06-11,destino,TABOÃO DA SERRA,15.0,,nanica
2026-06-11,destino,TABOÃO DA SERRA,15.0,,prata
2026-06-11,destino,TAUBATÉ,1.25,,nanica
2026-06-11,destino,TAUBATÉ,15.95,,prata
2026-06-11,destino,TRÊS RIOS,1.5,,nanica
2026-06-11,destino,TRÊS RIOS,0.03,,outras
2026-06-11,destino,TRÊS RIOS,9.575,,prata
2026-06-11,destino,UBERLÂNDIA,35.0,,nanica
2026-06-11,destino,UBERLÂNDIA,12.7,,outras
2026-06-11,destino,UBERLÂNDIA,126.0,,prata
2026-06-11,destino,VIÇOSA,4.2,,prata
2026-06-11,destino,VOLTA REDONDA,15.0,,prata
2026-06-11,destino,VOTORANTIM,12.16,,prata
2026-06-11,destino,VÁRZEA PAULISTA,40.5,,nanica
2026-06-11,destino,VÁRZEA PAULISTA,27.6,,prata
2026-06-11,origem,ANDRADAS,6.0,,nanica
2026-06-11,origem,ARAÇUAÍ,52.5,,prata
2026-06-11,origem,ARCOS,12.15,,prata
2026-06-11,origem,BOCAIÚVA,16.0,,prata
2026-06-11,origem,BRAZÓPOLIS,4.25,,nanica
2026-06-11,origem,BRAZÓPOLIS,4.0,,prata
2026-06-11,origem,CAJURI,20.0,,prata
2026-06-11,origem,CAMPINA VERDE,3.49,,outras
2026-06-11,origem,CANÁPOLIS,8.46,,outras
2026-06-11,origem,CAPITÃO ENÉAS,11.05,,nanica
2026-06-11,origem,CAPITÃO ENÉAS,40.95,,prata
2026-06-11,origem,CENTRALINA,6.15,,outras
2026-06-11,origem,CONCEIÇÃO DAS PEDRAS,11.0,,prata
2026-06-11,origem,CONTAGEM,171.335,,nanica
2026-06-11,origem,CONTAGEM,9.75,,outras
2026-06-11,origem,CONTAGEM,84.055,,prata
2026-06-11,origem,CORONEL PACHECO,2.0,,nanica
2026-06-11,origem,CORONEL PACHECO,1.0,,prata
2026-06-11,origem,CURVELO,45.0,,nanica
2026-06-11,origem,CÁSSIA,43.96,,prata
2026-06-11,origem,DELFINÓPOLIS,146.368,,prata
2026-06-11,origem,ESPINOSA,43.0,,prata
2026-06-11,origem,IAPU,7.5,,nanica
2026-06-11,origem,IAPU,7.5,,outras
2026-06-11,origem,ITACARAMBI,100.5,,nanica
2026-06-11,origem,ITACARAMBI,0.03,,outras
2026-06-11,origem,ITACARAMBI,19.575,,prata
2026-06-11,origem,ITAJUBÁ,5.0,,nanica
2026-06-11,origem,ITAJUBÁ,7.5,,prata
2026-06-11,origem,JANAÚBA,35.0,,nanica
2026-06-11,origem,JANAÚBA,168.64,,prata
2026-06-11,origem,JAÍBA,785.148,,nanica
2026-06-11,origem,JAÍBA,117.15,,prata
2026-06-11,origem,JEQUITINHONHA,22.5,,prata
2026-06-11,origem,LASSANCE,13.5,,nanica
2026-06-11,origem,LASSANCE,23.8,,prata
2026-06-11,origem,MANGA,13.26,,nanica
2026-06-11,origem,MARILAC,21.0,,prata
2026-06-11,origem,MATIAS CARDOSO,52.0,,prata
2026-06-11,origem,MONTES CLAROS,4.05,,nanica
2026-06-11,origem,MONTES CLAROS,97.75,,prata
2026-06-11,origem,NOVA PORTEIRINHA,24.0,,nanica
2026-06-11,origem,NOVA PORTEIRINHA,139.181,,prata
2026-06-11,origem,NOVA UNIÃO,15.0,,nanica
2026-06-11,origem,PEDRALVA,36.0,,nanica
2026-06-11,origem,PEDRALVA,44.0,,prata
2026-06-11,origem,PIRAPORA,61.83,,prata
2026-06-11,origem,PORTEIRINHA,13.5,,prata
2026-06-11,origem,SÃO FRANCISCO,12.0,,prata
2026-06-11,origem,SÃO JOÃO BATISTA DO GLÓRIA,10.2,,prata
2026-06-11,origem,UBERLÂNDIA,40.446,,nanica
2026-06-11,origem,UBERLÂNDIA,13.134,,outras
2026-06-11,origem,UBERLÂNDIA,114.218,,prata
2026-06-11,origem,VERDELÂNDIA,51.18,,nanica
2026-06-11,origem,VERDELÂNDIA,51.77,,prata
2026-06-11,origem,VIÇOSA,4.2,,prata
2026-06-12,destino,ARAÇUAÍ,1.6,,prata
2026-06-12,destino,ARCOS,10.0,,prata
2026-06-12,destino,BARROSO,2.0,,nanica
2026-06-12,destino,BARROSO,5.0,,prata
2026-06-12,destino,BARUERI,10.8,,prata
2026-06-12,destino,BAURU,11.34,,prata
2026-06-12,destino,BELO HORIZONTE,4.0,,nanica
2026-06-12,destino,BELO HORIZONTE,2.0,,prata
2026-06-12,destino,BRAZÓPOLIS,33.0,,prata
2026-06-12,destino,CAIEIRAS,19.2,,nanica
2026-06-12,destino,CAMPINAS,37.305,,nanica
2026-06-12,destino,CAMPINAS,4.23,,outras
2026-06-12,destino,CAMPINAS,75.835,,prata
2026-06-12,destino,CAMPO GRANDE,54.48,,nanica
2026-06-12,destino,CAMPO GRANDE,7.08,,prata
2026-06-12,destino,CAMPOS DO JORDÃO,0.5,,nanica
2026-06-12,destino,CAMPOS DO JORDÃO,0.5,,prata
2026-06-12,destino,CARATINGA,2.5,,nanica
2026-06-12,destino,CARATINGA,2.5,,outras
2026-06-12,destino,CATALÃO,0.112,,nanica
2026-06-12,destino,CATALÃO,0.292,,outras
2026-06-12,destino,CATALÃO,0.128,,prata
2026-06-12,destino,CHAPADÃO DO SUL,0.09,,outras
2026-06-12,destino,CHAPADÃO DO SUL,0.19,,prata
2026-06-12,destino,CONTAGEM,163.0,,nanica
2026-06-12,destino,CONTAGEM,3.0,,outras
2026-06-12,destino,CONTAGEM,139.1,,prata
2026-06-12,destino,CORONEL PACHECO,3.75,,prata
2026-06-12,destino,COSTA RICA,0.038,,nanica
2026-06-12,destino,DIADEMA,13.5,,prata
2026-06-12,destino,DIVINÓPOLIS,8.7,,prata
2026-06-12,destino,DUQUE DE CAXIAS,12.0,,nanica
2026-06-12,destino,GOVERNADOR VALADARES,5.0,,prata
2026-06-12,destino,GUARANÉSIA,12.0,,prata
2026-06-12,destino,GUARULHOS,9.639,,prata
2026-06-12,destino,INOCÊNCIA,0.057,,nanica
2026-06-12,destino,INOCÊNCIA,0.036,,outras
2026-06-12,destino,INOCÊNCIA,0.038,,prata
2026-06-12,destino,IPAMERI,0.064,,nanica
2026-06-12,destino,IPAMERI,0.236,,outras
2026-06-12,destino,IPAMERI,0.064,,prata
2026-06-12,destino,IPATINGA,8.0,,prata
2026-06-12,destino,ITAJUBÁ,0.3,,nanica
2026-06-12,destino,ITAJUBÁ,10.3,,prata
2026-06-12,destino,ITAPERUNA,0.5,,nanica
2026-06-12,destino,ITAPERUNA,0.5,,prata
2026-06-12,destino,ITARIRI,12.0,,nanica
2026-06-12,destino,ITARIRI,19.566,,prata
2026-06-12,destino,ITUMBIARA,0.228,,nanica
2026-06-12,destino,ITUMBIARA,0.324,,outras
2026-06-12,destino,ITUMBIARA,0.566,,prata
2026-06-12,destino,JANAÚBA,35.0,,nanica
2026-06-12,destino,JARDINÓPOLIS,16.0,,nanica
2026-06-12,destino,JESUÂNIA,6.96,,prata
2026-06-12,destino,JUIZ DE FORA,9.22,,prata
2026-06-12,destino,JUNDIAÍ,14.0,,nanica
2026-06-12,destino,JUNDIAÍ,25.8,,prata
2026-06-12,destino,LAVRAS,0.1,,nanica
2026-06-12,destino,LAVRAS,0.2,,outras
2026-06-12,destino,LAVRAS,2.9,,prata
2026-06-12,destino,LIMEIRA,11.1,,nanica
2026-06-12,destino,LORENA,0.5,,nanica
2026-06-12,destino,LORENA,0.7,,prata
2026-06-12,destino,MARINGÁ,17.85,,nanica
2026-06-12,destino,MARINGÁ,13.6,,prata
2026-06-12,destino,MIRACATU,24.2,,nanica
2026-06-12,destino,MIRACATU,49.0,,prata
2026-06-12,destino,MONTES CLAROS,12.18,,nanica
2026-06-12,destino,MONTES CLAROS,3.0,,outras
2026-06-12,destino,MONTES CLAROS,12.09,,prata
2026-06-12,destino,NITERÓI,10.0,,prata
2026-06-12,destino,NOVA UNIÃO,8.0,,prata
2026-06-12,destino,OSASCO,17.4,,nanica
2026-06-12,destino,OSASCO,10.44,,prata
2026-06-12,destino,PARAIBUNA,12.012,,nanica
2026-06-12,destino,PARANAÍBA,0.038,,nanica
2026-06-12,destino,PARAOPEBA,45.0,,nanica
2026-06-12,destino,PARAOPEBA,15.0,,prata
2026-06-12,destino,PATOS DE MINAS,0.95,,nanica
2026-06-12,destino,PATOS DE MINAS,13.8,,prata
2026-06-12,destino,PEDRALVA,18.3,,nanica
2026-06-12,destino,PEDRALVA,1.1,,prata
2026-06-12,destino,PIAU,4.0,,nanica
2026-06-12,destino,PIAU,15.0,,prata
2026-06-12,destino,PIEDADE DE CARATINGA,12.0,,prata
2026-06-12,destino,PIRANGUÇU,9.2,,nanica
2026-06-12,destino,PIRANGUÇU,8.0,,prata
2026-06-12,destino,POUSO ALEGRE,15.0,,prata
2026-06-12,destino,POÇOS DE CALDAS,4.5,,prata
2026-06-12,destino,QUIRINÓPOLIS,0.228,,nanica
2026-06-12,destino,QUIRINÓPOLIS,0.213,,outras
2026-06-12,destino,QUIRINÓPOLIS,0.248,,prata
2026-06-12,destino,RECREIO,2.6,,prata
2026-06-12,destino,RIBEIRÃO DAS NEVES,49.6,,prata
2026-06-12,destino,RIBEIRÃO PRETO,66.199,,nanica
2026-06-12,destino,RIBEIRÃO PRETO,1.35,,outras
2026-06-12,destino,RIBEIRÃO PRETO,12.96,,prata
2026-06-12,destino,RIO DE JANEIRO,30.36,,nanica
2026-06-12,destino,RIO DE JANEIRO,3.61,,outras
2026-06-12,destino,RIO DE JANEIRO,222.12,,prata
2026-06-12,destino,RIO VERDE,0.152,,nanica
2026-06-12,destino,RIO VERDE,0.074,,outras
2026-06-12,destino,RIO VERDE,0.142,,prata
2026-06-12,destino,SANTO ANTÔNIO DO JARDIM,16.396,,prata
2026-06-12,destino,SILVIANÓPOLIS,4.64,,prata
2026-06-12,destino,SOROCABA,12.7,,prata
2026-06-12,destino,SUZANO,11.488,,prata
2026-06-12,destino,SÃO BERNARDO DO CAMPO,52.905,,prata
2026-06-12,destino,SÃO CAETANO DO SUL,8.25,,nanica
2026-06-12,destino,SÃO CAETANO DO SUL,4.5,,prata
2026-06-12,destino,SÃO FRANCISCO,6.3,,prata
2026-06-12,destino,SÃO JOSÉ DOS CAMPOS,2.0,,prata
2026-06-12,destino,SÃO PAULO,73.62,,nanica
2026-06-12,destino,SÃO PAULO,3.0,,outras
2026-06-12,destino,SÃO PAULO,144.144,,prata
2026-06-12,destino,TRÊS CORAÇÕES,11.1,,nanica
2026-06-12,destino,TRÊS CORAÇÕES,0.3,,outras
2026-06-12,destino,TRÊS CORAÇÕES,19.95,,prata
2026-06-12,destino,TRÊS RIOS,2.0,,nanica
2026-06-12,destino,TRÊS RIOS,0.06,,outras
2026-06-12,destino,TRÊS RIOS,1.5,,prata
2026-06-12,destino,UBERLÂNDIA,3.5,,nanica
2026-06-12,destino,UBERLÂNDIA,5.0,,outras
2026-06-12,destino,UBERLÂNDIA,17.664,,prata
2026-06-12,destino,UNAÍ,0.9,,nanica
2026-06-12,destino,UNAÍ,1.2,,prata
2026-06-12,destino,VOLTA REDONDA,2.4,,nanica
2026-06-12,destino,VOLTA REDONDA,6.6,,prata
2026-06-12,destino,VÁRZEA PAULISTA,31.65,,nanica
2026-06-12,origem,ANDRADAS,27.5,,prata
2026-06-12,origem,ARAÇUAÍ,72.4,,prata
2026-06-12,origem,BRAZÓPOLIS,1.52,,nanica
2026-06-12,origem,BRAZÓPOLIS,31.8,,prata
2026-06-12,origem,CAPITÃO ENÉAS,12.0,,nanica
2026-06-12,origem,CARANGOLA,0.5,,nanica
2026-06-12,origem,CARANGOLA,0.5,,prata
2026-06-12,origem,CLARO DOS POÇÕES,19.0,,prata
2026-06-12,origem,CONSOLAÇÃO,2.0,,prata
2026-06-12,origem,CÁSSIA,48.613,,prata
2026-06-12,origem,DELFINÓPOLIS,3.95,,nanica
2026-06-12,origem,DELFINÓPOLIS,333.216,,prata
2026-06-12,origem,DESTERRO DO MELO,2.0,,nanica
2026-06-12,origem,DESTERRO DO MELO,5.0,,prata
2026-06-12,origem,ESPINOSA,10.0,,prata
2026-06-12,origem,FREI INOCÊNCIO,15.0,,prata
2026-06-12,origem,ITACARAMBI,119.94,,nanica
2026-06-12,origem,ITACARAMBI,6.87,,outras
2026-06-12,origem,ITACARAMBI,23.19,,prata
2026-06-12,origem,ITINGA,20.0,,prata
2026-06-12,origem,JACINTO,5.0,,prata
2026-06-12,origem,JANAÚBA,15.0,,nanica
2026-06-12,origem,JANAÚBA,9.0,,prata
2026-06-12,origem,JAÍBA,392.134,,nanica
2026-06-12,origem,JAÍBA,8.58,,outras
2026-06-12,origem,JAÍBA,101.808,,prata
2026-06-12,origem,JEQUITINHONHA,49.8,,prata
2026-06-12,origem,LASSANCE,101.65,,prata
2026-06-12,origem,LAVRAS,0.1,,nanica
2026-06-12,origem,LAVRAS,0.2,,outras
2026-06-12,origem,LAVRAS,2.9,,prata
2026-06-12,origem,MANGA,21.0,,nanica
2026-06-12,origem,MARILAC,15.0,,prata
2026-06-12,origem,MATIAS CARDOSO,28.0,,nanica
2026-06-12,origem,MATOZINHOS,4.0,,nanica
2026-06-12,origem,MATOZINHOS,2.0,,prata
2026-06-12,origem,MONTES CLAROS,6.4,,nanica
2026-06-12,origem,MONTES CLAROS,34.92,,prata
2026-06-12,origem,NOVA PORTEIRINHA,66.22,,prata
2026-06-12,origem,NOVA UNIÃO,45.0,,nanica
2026-06-12,origem,PARAOPEBA,45.0,,nanica
2026-06-12,origem,PARAOPEBA,15.0,,prata
2026-06-12,origem,PEDRALVA,30.312,,nanica
2026-06-12,origem,PEDRALVA,1.1,,prata
2026-06-12,origem,PEDRAS DE MARIA DA CRUZ,17.0,,prata
2026-06-12,origem,PIAU,4.0,,nanica
2026-06-12,origem,PIAU,2.8,,outras
2026-06-12,origem,PIAU,15.0,,prata
2026-06-12,origem,PIRANGUÇU,9.5,,nanica
2026-06-12,origem,PIRANGUÇU,8.3,,prata
2026-06-12,origem,PIRAPORA,0.95,,nanica
2026-06-12,origem,PIRAPORA,48.82,,prata
2026-06-12,origem,SANTO HIPÓLITO,12.0,,prata
2026-06-12,origem,SÃO FRANCISCO,0.9,,nanica
2026-06-12,origem,SÃO FRANCISCO,31.2,,prata
2026-06-12,origem,TOCANTINS,2.6,,prata
2026-06-12,origem,TRÊS CORAÇÕES,11.1,,nanica
2026-06-12,origem,TRÊS CORAÇÕES,0.3,,outras
2026-06-12,origem,TRÊS CORAÇÕES,19.95,,prata
2026-06-12,origem,UBAPORANGA,2.5,,nanica
2026-06-12,origem,UBAPORANGA,2.5,,outras
2026-06-12,origem,UBERLÂNDIA,4.417,,nanica
2026-06-12,origem,UBERLÂNDIA,6.265,,outras
2026-06-12,origem,UBERLÂNDIA,4.376,,prata
2026-06-12,origem,VERDELÂNDIA,8.0,,nanica
2026-06-12,origem,VERDELÂNDIA,34.6,,prata
2026-06-12,origem,VÁRZEA DA PALMA,8.25,,nanica
2026-06-12,origem,VÁRZEA DA PALMA,4.5,,prata
2026-06-13,destino,CAMPINAS,13.0,,prata
2026-06-13,destino,CAMPO GRANDE,0.72,,prata
2026-06-13,destino,CASSILÂNDIA,0.054,,prata
2026-06-13,destino,CHAPADÃO DO CÉU,0.06,,nanica
2026-06-13,destino,CHAPADÃO DO CÉU,0.036,,prata
2026-06-13,destino,CHAPADÃO DO SUL,0.02,,outras
2026-06-13,destino,CHAPADÃO DO SUL,0.09,,prata
2026-06-13,destino,CONTAGEM,31.8,,nanica
2026-06-13,destino,INOCÊNCIA,0.82,,nanica
2026-06-13,destino,INOCÊNCIA,0.094,,outras
2026-06-13,destino,INOCÊNCIA,0.216,,prata
2026-06-13,destino,JANAÚBA,12.0,,prata
2026-06-13,destino,JUNDIAÍ,12.0,,prata
2026-06-13,destino,LOUVEIRA,13.44,,nanica
2026-06-13,destino,MATEUS LEME,4.8,,prata
2026-06-13,destino,MIRACATU,16.5,,nanica
2026-06-13,destino,MONTES CLAROS,10.75,,prata
2026-06-13,destino,OSASCO,13.5,,nanica
2026-06-13,destino,PARANAÍBA,0.04,,outras
2026-06-13,destino,PARANAÍBA,0.036,,prata
2026-06-13,destino,PARAÍSO DAS ÁGUAS,0.04,,nanica
2026-06-13,destino,PARAÍSO DAS ÁGUAS,0.018,,outras
2026-06-13,destino,PARAÍSO DAS ÁGUAS,0.036,,prata
2026-06-13,destino,RIO DE JANEIRO,76.5,,prata
2026-06-13,destino,SÃO PAULO,24.5,,nanica
2026-06-13,destino,SÃO PAULO,4.8,,prata
2026-06-13,destino,TRÊS RIOS,1.065,,nanica
2026-06-13,destino,TRÊS RIOS,0.045,,outras
2026-06-13,destino,TRÊS RIOS,6.0,,prata
2026-06-13,destino,VITÓRIA DA CONQUISTA,0.795,,nanica
2026-06-13,destino,VITÓRIA DA CONQUISTA,0.24,,outras
2026-06-13,destino,VÁRZEA PAULISTA,11.49,,nanica
2026-06-13,origem,ARAÇUAÍ,20.0,,prata
2026-06-13,origem,ITACARAMBI,22.065,,nanica
2026-06-13,origem,ITACARAMBI,0.045,,outras
2026-06-13,origem,ITACARAMBI,6.0,,prata
2026-06-13,origem,JANAÚBA,41.5,,prata
2026-06-13,origem,JAÍBA,39.225,,nanica
2026-06-13,origem,JAÍBA,0.24,,outras
2026-06-13,origem,JAÍBA,6.72,,prata
2026-06-13,origem,LASSANCE,24.5,,nanica
2026-06-13,origem,LASSANCE,25.8,,prata
2026-06-13,origem,MATIAS CARDOSO,16.5,,nanica
2026-06-13,origem,NOVA PORTEIRINHA,10.8,,nanica
2026-06-13,origem,PIRAPORA,28.55,,prata
2026-06-13,origem,UBERLÂNDIA,0.92,,nanica
2026-06-13,origem,UBERLÂNDIA,0.172,,outras
2026-06-13,origem,UBERLÂNDIA,0.468,,prata
2026-06-13,origem,VÁRZEA DA PALMA,12.0,,prata
2026-06-14,destino,RIO DE JANEIRO,21.0,,prata
2026-06-14,origem,LASSANCE,21.0,,prata
2026-06-15,destino,ALTEROSA,3.008,,prata
2026-06-15,destino,ALTO RIO DOCE,0.1,,nanica
2026-06-15,destino,ALTO RIO DOCE,0.6,,prata
2026-06-15,destino,ARAÇATUBA,24.0,,nanica
2026-06-15,destino,BAURU,11.34,,prata
2026-06-15,destino,BRAZÓPOLIS,12.0,,prata
2026-06-15,destino,CAMPESTRE,4.8,,prata
2026-06-15,destino,CAMPINAS,110.932,,nanica
2026-06-15,destino,CAMPINAS,1.5,,outras
2026-06-15,destino,CAMPINAS,32.52,,prata
2026-06-15,destino,CAMPO GRANDE,37.84,,nanica
2026-06-15,destino,CAMPO GRANDE,8.4,,prata
2026-06-15,destino,CARATINGA,5.0,,outras
2026-06-15,destino,CATALÃO,0.091,,nanica
2026-06-15,destino,CATALÃO,0.692,,outras
2026-06-15,destino,CATALÃO,0.26,,prata
2026-06-15,destino,CONTAGEM,149.7,,nanica
2026-06-15,destino,CONTAGEM,171.87,,prata
2026-06-15,destino,COSMÓPOLIS,13.5,,prata
2026-06-15,destino,CRISTINA,22.0,,nanica
2026-06-15,destino,CRISTINA,3.0,,outras
2026-06-15,destino,CRISTINA,17.0,,prata
2026-06-15,destino,CUIABÁ,19.24,,nanica
2026-06-15,destino,CUIABÁ,3.36,,prata
2026-06-15,destino,CUMARI,0.036,,outras
2026-06-15,destino,DIVINÓPOLIS,0.5,,nanica
2026-06-15,destino,DIVINÓPOLIS,2.0,,prata
2026-06-15,destino,FRANCA,14.0,,nanica
2026-06-15,destino,GOIÂNIA,1.2,,outras
2026-06-15,destino,GOVERNADOR VALADARES,3.0,,nanica
2026-06-15,destino,GOVERNADOR VALADARES,4.0,,outras
2026-06-15,destino,GOVERNADOR VALADARES,2.0,,prata
2026-06-15,destino,ITAJUBÁ,1.08,,prata
2026-06-15,destino,ITARIRI,26.13,,nanica
2026-06-15,destino,ITARIRI,38.5,,prata
2026-06-15,destino,ITUIUTABA,1.6,,outras
2026-06-15,destino,ITUMBIARA,1.12,,outras
2026-06-15,destino,JANAÚBA,59.36,,nanica
2026-06-15,destino,JANAÚBA,23.0,,prata
2026-06-15,destino,JI-PARANÁ,18.0,,nanica
2026-06-15,destino,JORDÂNIA,0.6,,prata
2026-06-15,destino,JUIZ DE FORA,10.0,,prata
2026-06-15,destino,JUNDIAÍ,16.8,,nanica
2026-06-15,destino,JUNDIAÍ,32.0,,prata
2026-06-15,destino,MARINGÁ,22.5,,nanica
2026-06-15,destino,MIRACATU,12.6,,prata
2026-06-15,destino,MONTES CLAROS,11.0,,nanica
2026-06-15,destino,MONTES CLAROS,37.5,,prata
2026-06-15,destino,NOVA UNIÃO,15.0,,prata
2026-06-15,destino,OSASCO,12.325,,nanica
2026-06-15,destino,OSASCO,2.6,,outras
2026-06-15,destino,OSASCO,16.19,,prata
2026-06-15,destino,PARAIBUNA,7.0,,nanica
2026-06-15,destino,PARAOPEBA,15.0,,nanica
2026-06-15,destino,PEDRA AZUL,2.4,,prata
2026-06-15,destino,PEDRALVA,11.52,,prata
2026-06-15,destino,POUSO ALEGRE,3.06,,nanica
2026-06-15,destino,POUSO ALEGRE,0.735,,outras
2026-06-15,destino,POUSO ALEGRE,10.125,,prata
2026-06-15,destino,POÇOS DE CALDAS,15.0,,prata
2026-06-15,destino,QUIRINÓPOLIS,1.2,,prata
2026-06-15,destino,RESENDE,0.6,,nanica
2026-06-15,destino,RIBEIRÃO DAS NEVES,13.05,,nanica
2026-06-15,destino,RIBEIRÃO DAS NEVES,0.18,,outras
2026-06-15,destino,RIBEIRÃO DAS NEVES,13.5,,prata
2026-06-15,destino,RIBEIRÃO PRETO,100.91,,nanica
2026-06-15,destino,RIBEIRÃO PRETO,6.57,,prata
2026-06-15,destino,RIO DE JANEIRO,93.17,,nanica
2026-06-15,destino,RIO DE JANEIRO,1.56,,outras
2026-06-15,destino,RIO DE JANEIRO,337.64,,prata
2026-06-15,destino,SANTO ANTÔNIO DO JARDIM,11.0,,nanica
2026-06-15,destino,SANTO ANTÔNIO DO JARDIM,4.0,,prata
2026-06-15,destino,SOROCABA,11.52,,nanica
2026-06-15,destino,SUMARÉ,15.0,,nanica
2026-06-15,destino,SUMARÉ,7.8,,prata
2026-06-15,destino,SÃO BERNARDO DO CAMPO,13.385,,prata
2026-06-15,destino,SÃO GONÇALO,27.0,,prata
2026-06-15,destino,SÃO JOSÉ DO RIO PRETO,24.0,,nanica
2026-06-15,destino,SÃO JOSÉ DO RIO PRETO,9.84,,prata
2026-06-15,destino,SÃO JOÃO DA BOA VISTA,8.0,,nanica
2026-06-15,destino,SÃO PAULO,78.824,,nanica
2026-06-15,destino,SÃO PAULO,0.72,,outras
2026-06-15,destino,SÃO PAULO,70.463,,prata
2026-06-15,destino,TABOÃO DA SERRA,15.0,,prata
2026-06-15,destino,TAUBATÉ,12.5,,prata
2026-06-15,destino,TRÊS RIOS,0.99,,nanica
2026-06-15,destino,TRÊS RIOS,0.015,,outras
2026-06-15,destino,TRÊS RIOS,3.75,,prata
2026-06-15,destino,UBERLÂNDIA,10.0,,nanica
2026-06-15,destino,UBERLÂNDIA,11.0,,outras
2026-06-15,destino,UBERLÂNDIA,45.0,,prata
2026-06-15,destino,UBÁ,2.5,,nanica
2026-06-15,destino,UBÁ,2.5,,outras
2026-06-15,destino,UBÁ,5.0,,prata
2026-06-15,destino,VITÓRIA DA CONQUISTA,1.35,,nanica
2026-06-15,destino,VITÓRIA DA CONQUISTA,0.345,,outras
2026-06-15,destino,VOLTA REDONDA,3.8,,nanica
2026-06-15,destino,VOLTA REDONDA,0.6,,outras
2026-06-15,destino,VOLTA REDONDA,1.0,,prata
2026-06-15,destino,VÁRZEA PAULISTA,36.6,,nanica
2026-06-15,origem,ANDRADAS,19.0,,nanica
2026-06-15,origem,ANDRADAS,26.8,,prata
2026-06-15,origem,ARAÇUAÍ,51.0,,prata
2026-06-15,origem,CANÁPOLIS,2.72,,outras
2026-06-15,origem,CAPITÃO ENÉAS,35.5,,prata
2026-06-15,origem,CENTRALINA,1.2,,outras
2026-06-15,origem,CONTAGEM,20.0,,nanica
2026-06-15,origem,CORINTO,21.0,,prata
2026-06-15,origem,CRISTINA,26.4,,nanica
2026-06-15,origem,CRISTINA,3.6,,outras
2026-06-15,origem,CRISTINA,6.0,,prata
2026-06-15,origem,CURVELO,30.0,,nanica
2026-06-15,origem,CÁSSIA,20.5,,prata
2026-06-15,origem,DELFINÓPOLIS,142.431,,prata
2026-06-15,origem,DESTERRO DO MELO,0.1,,nanica
2026-06-15,origem,DESTERRO DO MELO,0.6,,prata
2026-06-15,origem,DIVINÓPOLIS,0.5,,nanica
2026-06-15,origem,DIVINÓPOLIS,2.0,,prata
2026-06-15,origem,ESPINOSA,35.0,,prata
2026-06-15,origem,FRANCISCO SÁ,10.0,,prata
2026-06-15,origem,INDIANÓPOLIS,45.0,,prata
2026-06-15,origem,INHAPIM,3.0,,nanica
2026-06-15,origem,INHAPIM,4.0,,outras
2026-06-15,origem,INHAPIM,2.0,,prata
2026-06-15,origem,ITACARAMBI,73.0,,nanica
2026-06-15,origem,JANAÚBA,20.79,,nanica
2026-06-15,origem,JANAÚBA,110.48,,prata
2026-06-15,origem,JAÍBA,618.136,,nanica
2026-06-15,origem,JAÍBA,1.845,,outras
2026-06-15,origem,JAÍBA,88.2,,prata
2026-06-15,origem,JEQUITINHONHA,34.8,,prata
2026-06-15,origem,LASSANCE,42.0,,prata
2026-06-15,origem,MATIAS CARDOSO,15.0,,nanica
2026-06-15,origem,MATIAS CARDOSO,40.0,,prata
2026-06-15,origem,MONTES CLAROS,72.64,,prata
2026-06-15,origem,NOVA PORTEIRINHA,59.02,,prata
2026-06-15,origem,NOVA UNIÃO,67.7,,nanica
2026-06-15,origem,NOVA UNIÃO,22.3,,prata
2026-06-15,origem,PARAOPEBA,15.0,,nanica
2026-06-15,origem,PEDRALVA,7.0,,nanica
2026-06-15,origem,PEDRALVA,12.0,,prata
2026-06-15,origem,PEDRAS DE MARIA DA CRUZ,18.0,,prata
2026-06-15,origem,PIAU,2.5,,nanica
2026-06-15,origem,PIAU,2.5,,outras
2026-06-15,origem,PIRAPORA,28.17,,prata
2026-06-15,origem,PONTO DOS VOLANTES,18.0,,prata
2026-06-15,origem,POUSO ALEGRE,3.06,,nanica
2026-06-15,origem,POUSO ALEGRE,0.735,,outras
2026-06-15,origem,POUSO ALEGRE,10.125,,prata
2026-06-15,origem,RIBEIRÃO DAS NEVES,15.0,,nanica
2026-06-15,origem,RIBEIRÃO DAS NEVES,15.0,,prata
2026-06-15,origem,SÃO JOÃO DA PONTE,12.0,,prata
2026-06-15,origem,UBAPORANGA,5.0,,outras
2026-06-15,origem,UBERLÂNDIA,0.091,,nanica
2026-06-15,origem,UBERLÂNDIA,11.728,,outras
2026-06-15,origem,UBERLÂNDIA,16.46,,prata
2026-06-15,origem,UBÁ,5.0,,prata
2026-06-15,origem,VERDELÂNDIA,47.615,,nanica
2026-06-15,origem,VERDELÂNDIA,5.075,,outras
2026-06-15,origem,VERDELÂNDIA,79.795,,prata
2026-06-16,destino,ANDRADAS,15.0,,prata
2026-06-16,destino,ARAÇATUBA,7.86,,prata
2026-06-16,destino,ARCOS,9.45,,prata
2026-06-16,destino,BRASÍLIA,9.375,,nanica
2026-06-16,destino,BRASÍLIA,0.3,,outras
2026-06-16,destino,BRASÍLIA,63.83,,prata
2026-06-16,destino,BRAZÓPOLIS,22.0,,nanica
2026-06-16,destino,BRAZÓPOLIS,30.4,,prata
2026-06-16,destino,CAETANÓPOLIS,10.0,,prata
2026-06-16,destino,CAMPESTRE,1.5,,nanica
2026-06-16,destino,CAMPESTRE,3.0,,prata
2026-06-16,destino,CAMPINAS,74.525,,nanica
2026-06-16,destino,CAMPINAS,0.675,,outras
2026-06-16,destino,CAMPINAS,48.05,,prata
2026-06-16,destino,CAMPO GRANDE,66.16,,nanica
2026-06-16,destino,CAMPO GRANDE,3.1,,prata
2026-06-16,destino,CARATINGA,15.0,,nanica
2026-06-16,destino,CARATINGA,7.0,,outras
2026-06-16,destino,CARATINGA,8.0,,prata
2026-06-16,destino,CATALÃO,0.112,,nanica
2026-06-16,destino,CATALÃO,0.292,,outras
2026-06-16,destino,CATALÃO,0.128,,prata
2026-06-16,destino,CONTAGEM,202.315,,nanica
2026-06-16,destino,CONTAGEM,42.66,,outras
2026-06-16,destino,CONTAGEM,244.045,,prata
2026-06-16,destino,CRISTINA,8.0,,nanica
2026-06-16,destino,CURVELO,2.25,,nanica
2026-06-16,destino,CURVELO,2.25,,prata
2026-06-16,destino,DIVINÓPOLIS,7.5,,prata
2026-06-16,destino,DOURADOS,23.0,,nanica
2026-06-16,destino,DUQUE DE CAXIAS,12.0,,prata
2026-06-16,destino,GOIÂNIA,21.0,,prata
2026-06-16,destino,GUARANÉSIA,10.0,,prata
2026-06-16,destino,GUARULHOS,9.0,,nanica
2026-06-16,destino,GUARULHOS,13.86,,prata
2026-06-16,destino,ICONHA,10.5,,prata
2026-06-16,destino,IPAMERI,0.064,,nanica
2026-06-16,destino,IPAMERI,0.216,,outras
2026-06-16,destino,IPAMERI,0.064,,prata
2026-06-16,destino,IPATINGA,40.0,,nanica
2026-06-16,destino,ITAPERUNA,0.5,,nanica
2026-06-16,destino,ITAPERUNA,0.5,,prata
2026-06-16,destino,JACAREÍ,7.84,,prata
2026-06-16,destino,JALES,13.5,,nanica
2026-06-16,destino,JANAÚBA,71.6,,nanica
2026-06-16,destino,JANAÚBA,17.0,,prata
2026-06-16,destino,JUNDIAÍ,36.8,,nanica
2026-06-16,destino,JUNDIAÍ,35.8,,prata
2026-06-16,destino,JUNDIÁ,12.7,,prata
2026-06-16,destino,LONDRINA,7.05,,prata
2026-06-16,destino,MARIA DA FÉ,5.32,,prata
2026-06-16,destino,MARINGÁ,39.8,,nanica
2026-06-16,destino,MINEIROS DO TIETÊ,3.75,,prata
2026-06-16,destino,MONTES CLAROS,14.0,,nanica
2026-06-16,destino,MONTES CLAROS,4.0,,outras
2026-06-16,destino,MONTES CLAROS,45.0,,prata
2026-06-16,destino,NOVA PORTEIRINHA,12.0,,prata
2026-06-16,destino,OSASCO,30.9,,nanica
2026-06-16,destino,OSASCO,13.5,,prata
2026-06-16,destino,PARAIBUNA,16.6,,nanica
2026-06-16,destino,PARAOPEBA,27.0,,nanica
2026-06-16,destino,PARAOPEBA,3.0,,prata
2026-06-16,destino,PATOS DE MINAS,0.38,,nanica
2026-06-16,destino,PATOS DE MINAS,5.7,,prata
2026-06-16,destino,PEDRALVA,32.0,,nanica
2026-06-16,destino,POÇOS DE CALDAS,1.5,,prata
2026-06-16,destino,QUIRINÓPOLIS,0.08,,nanica
2026-06-16,destino,QUIRINÓPOLIS,0.162,,outras
2026-06-16,destino,QUIRINÓPOLIS,0.096,,prata
2026-06-16,destino,RIBEIRÃO DAS NEVES,10.8,,nanica
2026-06-16,destino,RIBEIRÃO DAS NEVES,12.0,,prata
2026-06-16,destino,RIBEIRÃO PRETO,59.775,,nanica
2026-06-16,destino,RIBEIRÃO PRETO,37.575,,prata
2026-06-16,destino,RIO DE JANEIRO,92.3,,nanica
2026-06-16,destino,RIO DE JANEIRO,4.0,,outras
2026-06-16,destino,RIO DE JANEIRO,161.96,,prata
2026-06-16,destino,SANTA RITA DO PASSA QUATRO,6.3,,prata
2026-06-16,destino,SANTO ANTÔNIO DO JARDIM,4.468,,prata
2026-06-16,destino,SEROPÉDICA,32.0,,prata
2026-06-16,destino,SUMARÉ,9.0,,prata
2026-06-16,destino,SUZANO,13.68,,prata
2026-06-16,destino,SÃO BERNARDO DO CAMPO,23.4,,nanica
2026-06-16,destino,SÃO BERNARDO DO CAMPO,22.61,,prata
2026-06-16,destino,SÃO JOSÉ DO RIO PRETO,24.0,,nanica
2026-06-16,destino,SÃO JOSÉ DO RIO PRETO,12.096,,prata
2026-06-16,destino,SÃO PAULO,52.4,,nanica
2026-06-16,destino,SÃO PAULO,192.708,,prata
2026-06-16,destino,TAUBATÉ,3.5,,nanica
2026-06-16,destino,TAUBATÉ,2.3,,prata
2026-06-16,destino,TRÊS CORAÇÕES,45.0,,nanica
2026-06-16,destino,TRÊS CORAÇÕES,28.0,,prata
2026-06-16,destino,TRÊS RIOS,1.155,,nanica
2026-06-16,destino,TRÊS RIOS,0.03,,outras
2026-06-16,destino,TRÊS RIOS,2.535,,prata
2026-06-16,destino,UBERLÂNDIA,0.8,,nanica
2026-06-16,destino,UBERLÂNDIA,0.8,,outras
2026-06-16,destino,UBERLÂNDIA,12.8,,prata
2026-06-16,destino,UNAÍ,0.9,,nanica
2026-06-16,destino,UNAÍ,1.2,,prata
2026-06-16,destino,VOLTA REDONDA,8.0,,prata
2026-06-16,destino,VOTORANTIM,11.744,,prata
2026-06-16,origem,ANDRADAS,11.5,,prata
2026-06-16,origem,ARAÇUAÍ,40.6,,nanica
2026-06-16,origem,ARAÇUAÍ,39.94,,prata
2026-06-16,origem,BELO HORIZONTE,24.07,,nanica
2026-06-16,origem,BELO HORIZONTE,3.355,,outras
2026-06-16,origem,BELO HORIZONTE,31.665,,prata
2026-06-16,origem,BRAZÓPOLIS,7.0,,nanica
2026-06-16,origem,BRAZÓPOLIS,20.4,,prata
2026-06-16,origem,BUGRE,40.0,,nanica
2026-06-16,origem,CAETANÓPOLIS,10.0,,prata
2026-06-16,origem,CAMPESTRE,1.5,,nanica
2026-06-16,origem,CAMPESTRE,3.0,,prata
2026-06-16,origem,CAMPINA VERDE,3.15,,outras
2026-06-16,origem,CAPITÃO ENÉAS,26.365,,nanica
2026-06-16,origem,CAPITÃO ENÉAS,16.0,,prata
2026-06-16,origem,CARANGOLA,0.5,,nanica
2026-06-16,origem,CARANGOLA,0.5,,prata
2026-06-16,origem,CLARO DOS POÇÕES,2.0,,outras
2026-06-16,origem,CLARO DOS POÇÕES,8.0,,prata
2026-06-16,origem,CONGONHAL,9.6,,nanica
2026-06-16,origem,CONTAGEM,97.995,,nanica
2026-06-16,origem,CONTAGEM,7.905,,outras
2026-06-16,origem,CONTAGEM,94.08,,prata
2026-06-16,origem,CURVELO,30.0,,nanica
2026-06-16,origem,CÁSSIA,45.36,,prata
2026-06-16,origem,DELFINÓPOLIS,257.88,,prata
2026-06-16,origem,FRANCISCO SÁ,22.0,,prata
2026-06-16,origem,IAPU,30.0,,nanica
2026-06-16,origem,IAPU,7.0,,outras
2026-06-16,origem,IAPU,8.0,,prata
2026-06-16,origem,INDIANÓPOLIS,15.5,,nanica
2026-06-16,origem,INDIANÓPOLIS,8.0,,outras
2026-06-16,origem,INDIANÓPOLIS,2.0,,prata
2026-06-16,origem,ITACARAMBI,55.0,,nanica
2026-06-16,origem,JANAÚBA,49.8,,prata
2026-06-16,origem,JAÍBA,469.445,,nanica
2026-06-16,origem,JAÍBA,5.925,,outras
2026-06-16,origem,JAÍBA,67.365,,prata
2026-06-16,origem,JEQUITINHONHA,64.5,,prata
2026-06-16,origem,LASSANCE,8.65,,nanica
2026-06-16,origem,LASSANCE,78.65,,prata
2026-06-16,origem,MANGA,23.1,,nanica
2026-06-16,origem,MARILAC,10.5,,prata
2026-06-16,origem,MATIAS CARDOSO,28.8,,nanica
2026-06-16,origem,MATIAS CARDOSO,18.9,,prata
2026-06-16,origem,MONTES CLAROS,14.0,,nanica
2026-06-16,origem,MONTES CLAROS,2.0,,outras
2026-06-16,origem,MONTES CLAROS,70.0,,prata
2026-06-16,origem,NOVA PONTE,8.0,,prata
2026-06-16,origem,NOVA PORTEIRINHA,123.996,,prata
2026-06-16,origem,NOVA UNIÃO,15.0,,nanica
2026-06-16,origem,PARAOPEBA,27.0,,nanica
2026-06-16,origem,PARAOPEBA,3.0,,prata
2026-06-16,origem,PEDRALVA,55.0,,nanica
2026-06-16,origem,PEDRALVA,10.0,,prata
2026-06-16,origem,PEDRAS DE MARIA DA CRUZ,17.0,,prata
2026-06-16,origem,PIAU,4.0,,outras
2026-06-16,origem,PIRANGUÇU,3.5,,nanica
2026-06-16,origem,PIRANGUÇU,2.3,,prata
2026-06-16,origem,PIRAPORA,0.38,,nanica
2026-06-16,origem,PIRAPORA,77.72,,prata
2026-06-16,origem,PONTO DOS VOLANTES,14.42,,prata
2026-06-16,origem,SANTO HIPÓLITO,15.6,,prata
2026-06-16,origem,SÃO FRANCISCO,0.9,,nanica
2026-06-16,origem,SÃO FRANCISCO,1.2,,prata
2026-06-16,origem,SÃO JOSÉ DO ALEGRE,7.0,,nanica
2026-06-16,origem,UBAPORANGA,13.0,,nanica
2026-06-16,origem,UBAPORANGA,15.0,,outras
2026-06-16,origem,UBERLÂNDIA,1.056,,nanica
2026-06-16,origem,UBERLÂNDIA,1.47,,outras
2026-06-16,origem,UBERLÂNDIA,1.088,,prata
2026-06-16,origem,VERDELÂNDIA,22.53,,nanica
2026-06-16,origem,VERDELÂNDIA,0.33,,outras
2026-06-16,origem,VERDELÂNDIA,49.555,,prata
2026-06-16,origem,VÁRZEA DA PALMA,3.0,,nanica
2026-06-16,origem,VÁRZEA DA PALMA,7.85,,prata
2026-06-17,destino,BARBACENA,2.0,,nanica
2026-06-17,destino,BARBACENA,2.0,,prata
2026-06-17,destino,BARUERI,14.15,,nanica
2026-06-17,destino,BRASÍLIA,4.5,,outras
2026-06-17,destino,BRASÍLIA,37.75,,prata
2026-06-17,destino,CAIEIRAS,11.2,,nanica
2026-06-17,destino,CAIEIRAS,1.7,,prata
2026-06-17,destino,CAMPESTRE,1.1,,nanica
2026-06-17,destino,CAMPESTRE,1.0,,prata
2026-06-17,destino,CAMPINAS,43.696,,nanica
2026-06-17,destino,CAMPINAS,18.5,,prata
2026-06-17,destino,CAMPO GRANDE,44.64,,nanica
2026-06-17,destino,CAPELINHA,7.6,,prata
2026-06-17,destino,CARATINGA,12.0,,nanica
2026-06-17,destino,CASSILÂNDIA,0.018,,outras
2026-06-17,destino,CASSILÂNDIA,0.054,,prata
2026-06-17,destino,CHAPADÃO DO CÉU,0.06,,nanica
2026-06-17,destino,CHAPADÃO DO CÉU,0.036,,prata
2026-06-17,destino,CHAPADÃO DO SUL,0.04,,nanica
2026-06-17,destino,CHAPADÃO DO SUL,0.074,,outras
2026-06-17,destino,CHAPADÃO DO SUL,0.352,,prata
2026-06-17,destino,CONTAGEM,116.4,,nanica
2026-06-17,destino,CONTAGEM,1.0,,outras
2026-06-17,destino,CONTAGEM,83.5,,prata
2026-06-17,destino,COSMÓPOLIS,10.2,,prata
2026-06-17,destino,COSTA RICA,0.095,,nanica
2026-06-17,destino,DIADEMA,13.5,,prata
2026-06-17,destino,DIVINÓPOLIS,4.95,,prata
2026-06-17,destino,ESPÍRITO SANTO DO DOURADO,4.0,,prata
2026-06-17,destino,EXTREMA,6.0,,nanica
2026-06-17,destino,EXTREMA,9.0,,prata
2026-06-17,destino,FRANCA,12.672,,prata
2026-06-17,destino,GUANHÃES,4.0,,nanica
2026-06-17,destino,GUANHÃES,11.0,,prata
2026-06-17,destino,GUARULHOS,9.642,,prata
2026-06-17,destino,INOCÊNCIA,1.097,,nanica
2026-06-17,destino,INOCÊNCIA,0.094,,outras
2026-06-17,destino,INOCÊNCIA,1.125,,prata
2026-06-17,destino,ITUMBIARA,0.15,,nanica
2026-06-17,destino,ITUMBIARA,0.112,,outras
2026-06-17,destino,ITUMBIARA,0.648,,prata
2026-06-17,destino,JARDINÓPOLIS,16.0,,nanica
2026-06-17,destino,JAÚ,22.2,,nanica
2026-06-17,destino,LONDRINA,23.0,,nanica
2026-06-17,destino,MARINGÁ,24.0,,nanica
2026-06-17,destino,MINEIROS DO TIETÊ,20.0,,nanica
2026-06-17,destino,MIRACATU,12.6,,prata
2026-06-17,destino,NOVA PORTEIRINHA,12.0,,prata
2026-06-17,destino,NOVA UNIÃO,13.8,,prata
2026-06-17,destino,OSASCO,17.4,,nanica
2026-06-17,destino,OSASCO,24.94,,prata
2026-06-17,destino,PARAIBUNA,10.8,,nanica
2026-06-17,destino,PARANAÍBA,0.04,,outras
2026-06-17,destino,PARANAÍBA,0.018,,prata
2026-06-17,destino,PARAOPEBA,45.0,,nanica
2026-06-17,destino,PARAOPEBA,30.0,,prata
2026-06-17,destino,PARAÍSO DAS ÁGUAS,0.08,,nanica
2026-06-17,destino,PIAU,19.0,,prata
2026-06-17,destino,PIRACICABA,12.0,,nanica
2026-06-17,destino,POUSO ALEGRE,0.015,,prata
2026-06-17,destino,QUIRINÓPOLIS,0.15,,nanica
2026-06-17,destino,QUIRINÓPOLIS,0.084,,outras
2026-06-17,destino,QUIRINÓPOLIS,0.36,,prata
2026-06-17,destino,RIBEIRÃO DAS NEVES,10.8,,nanica
2026-06-17,destino,RIBEIRÃO DAS NEVES,34.8,,prata
2026-06-17,destino,RIBEIRÃO PRETO,47.382,,nanica
2026-06-17,destino,RIBEIRÃO PRETO,9.0,,outras
2026-06-17,destino,RIBEIRÃO PRETO,11.52,,prata
2026-06-17,destino,RIO DAS PEDRAS,4.8,,prata
2026-06-17,destino,RIO DE JANEIRO,9.0,,nanica
2026-06-17,destino,RIO DE JANEIRO,3.0,,outras
2026-06-17,destino,RIO DE JANEIRO,137.9,,prata
2026-06-17,destino,RIO VERDE,0.1,,nanica
2026-06-17,destino,RIO VERDE,0.054,,outras
2026-06-17,destino,RIO VERDE,0.144,,prata
2026-06-17,destino,SEROPÉDICA,6.0,,nanica
2026-06-17,destino,SEROPÉDICA,6.0,,prata
2026-06-17,destino,SUZANO,11.488,,prata
2026-06-17,destino,SÃO BERNARDO DO CAMPO,26.885,,prata
2026-06-17,destino,SÃO CAETANO DO SUL,8.25,,nanica
2026-06-17,destino,SÃO CAETANO DO SUL,3.75,,prata
2026-06-17,destino,SÃO FRANCISCO,6.0,,nanica
2026-06-17,destino,SÃO JOSÉ DO RIO PRETO,0.03,,nanica
2026-06-17,destino,SÃO JOSÉ DO RIO PRETO,0.015,,outras
2026-06-17,destino,SÃO JOSÉ DO RIO PRETO,21.03,,prata
2026-06-17,destino,SÃO MATEUS,0.09,,prata
2026-06-17,destino,SÃO PAULO,16.152,,nanica
2026-06-17,destino,SÃO PAULO,37.916,,prata
2026-06-17,destino,TABOÃO DA SERRA,15.3,,prata
2026-06-17,destino,TAUBATÉ,2.5,,nanica
2026-06-17,destino,TAUBATÉ,5.0,,prata
2026-06-17,destino,TRÊS RIOS,1.005,,nanica
2026-06-17,destino,TRÊS RIOS,0.015,,outras
2026-06-17,destino,TRÊS RIOS,1.2,,prata
2026-06-17,destino,UBERLÂNDIA,14.6,,nanica
2026-06-17,destino,UBERLÂNDIA,18.186,,outras
2026-06-17,destino,UBERLÂNDIA,30.0,,prata
2026-06-17,destino,VARGINHA,8.0,,prata
2026-06-17,destino,VITÓRIA DA CONQUISTA,1.5,,nanica
2026-06-17,destino,VITÓRIA DA CONQUISTA,1.005,,prata
2026-06-17,destino,VÁRZEA PAULISTA,13.5,,nanica
2026-06-17,origem,ANDRADAS,1.4,,prata
2026-06-17,origem,ARAÇUAÍ,34.8,,prata
2026-06-17,origem,BALDIM,8.0,,nanica
2026-06-17,origem,BRAZÓPOLIS,13.3,,nanica
2026-06-17,origem,BRAZÓPOLIS,5.0,,prata
2026-06-17,origem,CAMPESTRE,1.1,,nanica
2026-06-17,origem,CAMPESTRE,1.0,,prata
2026-06-17,origem,CANTAGALO,4.0,,nanica
2026-06-17,origem,CANTAGALO,11.0,,prata
2026-06-17,origem,CANÁPOLIS,9.0,,outras
2026-06-17,origem,CORINTO,9.6,,nanica
2026-06-17,origem,CÁSSIA,24.988,,prata
2026-06-17,origem,DELFINÓPOLIS,141.265,,prata
2026-06-17,origem,DESTERRO DO MELO,2.0,,nanica
2026-06-17,origem,DESTERRO DO MELO,2.0,,prata
2026-06-17,origem,ESPINOSA,20.0,,prata
2026-06-17,origem,ESPÍRITO SANTO DO DOURADO,4.015,,prata
2026-06-17,origem,IGARAPÉ,12.0,,nanica
2026-06-17,origem,IPATINGA,0.09,,prata
2026-06-17,origem,ITACARAMBI,29.0,,nanica
2026-06-17,origem,ITAJUBÁ,6.0,,nanica
2026-06-17,origem,ITAJUBÁ,9.0,,prata
2026-06-17,origem,JANAÚBA,43.0,,prata
2026-06-17,origem,JAÍBA,361.12,,nanica
2026-06-17,origem,JAÍBA,41.745,,prata
2026-06-17,origem,JEQUITINHONHA,15.9,,prata
2026-06-17,origem,LASSANCE,37.8,,prata
2026-06-17,origem,MARILAC,18.0,,prata
2026-06-17,origem,MATEUS LEME,12.0,,nanica
2026-06-17,origem,MATIAS CARDOSO,18.5,,nanica
2026-06-17,origem,MATIAS CARDOSO,12.0,,prata
2026-06-17,origem,MATOZINHOS,4.0,,prata
2026-06-17,origem,MOGI MIRIM,8.0,,prata
2026-06-17,origem,NOVA PONTE,0.736,,outras
2026-06-17,origem,NOVA PORTEIRINHA,6.0,,nanica
2026-06-17,origem,NOVA PORTEIRINHA,49.0,,prata
2026-06-17,origem,NOVA UNIÃO,3.5,,nanica
2026-06-17,origem,NOVA UNIÃO,1.0,,outras
2026-06-17,origem,NOVA UNIÃO,10.5,,prata
2026-06-17,origem,PARAOPEBA,45.0,,nanica
2026-06-17,origem,PARAOPEBA,30.0,,prata
2026-06-17,origem,PIAU,3.0,,outras
2026-06-17,origem,PIAU,15.0,,prata
2026-06-17,origem,PIEDADE DE CARATINGA,12.0,,nanica
2026-06-17,origem,PIRAPORA,22.8,,prata
2026-06-17,origem,SANTO HIPÓLITO,20.0,,prata
2026-06-17,origem,SÃO FRANCISCO,25.0,,prata
2026-06-17,origem,SÃO JOÃO BATISTA DO GLÓRIA,14.0,,prata
2026-06-17,origem,UBERLÂNDIA,6.772,,nanica
2026-06-17,origem,UBERLÂNDIA,17.926,,outras
2026-06-17,origem,UBERLÂNDIA,32.737,,prata
2026-06-17,origem,VERDELÂNDIA,25.935,,nanica
2026-06-17,origem,VERDELÂNDIA,4.53,,outras
2026-06-17,origem,VERDELÂNDIA,38.0,,prata
2026-06-17,origem,VÁRZEA DA PALMA,8.25,,nanica
2026-06-17,origem,VÁRZEA DA PALMA,6.75,,prata
2026-06-18,destino,AMERICANA,21.0,,nanica
2026-06-18,destino,APARECIDA DE GOIÂNIA,16.89,,nanica
2026-06-18,destino,APARECIDA DE GOIÂNIA,3.75,,outras
2026-06-18,destino,ARAÇATUBA,24.0,,nanica
2026-06-18,destino,BELO HORIZONTE,5.0,,nanica
2026-06-18,destino,BELO HORIZONTE,1.0,,outras
2026-06-18,destino,BELO HORIZONTE,15.0,,prata
2026-06-18,destino,BOTELHOS,10.0,,prata
2026-06-18,destino,BRASÍLIA,2.5,,outras
2026-06-18,destino,CACHOEIRA PAULISTA,0.8,,nanica
2026-06-18,destino,CACHOEIRA PAULISTA,0.8,,prata
2026-06-18,destino,CAMPINAS,110.03,,nanica
2026-06-18,destino,CAMPINAS,1.5,,outras
2026-06-18,destino,CAMPINAS,71.4,,prata
2026-06-18,destino,CAMPO GRANDE,32.8,,nanica
2026-06-18,destino,CAMPO GRANDE,3.1,,prata
2026-06-18,destino,CARIACICA,6.0,,prata
2026-06-18,destino,CARMO DE MINAS,10.0,,prata
2026-06-18,destino,CATALÃO,0.204,,nanica
2026-06-18,destino,CATALÃO,0.408,,outras
2026-06-18,destino,CATALÃO,0.48,,prata
2026-06-18,destino,CONCEIÇÃO DAS PEDRAS,3.4,,nanica
2026-06-18,destino,CONCEIÇÃO DAS PEDRAS,1.5,,prata
2026-06-18,destino,CONTAGEM,189.065,,nanica
2026-06-18,destino,CONTAGEM,9.24,,outras
2026-06-18,destino,CONTAGEM,177.405,,prata
2026-06-18,destino,CORONEL PACHECO,15.0,,nanica
2026-06-18,destino,CUMARI,0.072,,outras
2026-06-18,destino,DIADEMA,13.5,,prata
2026-06-18,destino,DIVINÓPOLIS,21.66,,prata
2026-06-18,destino,FOZ DO IGUAÇU,11.704,,prata
2026-06-18,destino,FRANCA,22.0,,nanica
2026-06-18,destino,FRANCA,14.56,,prata
2026-06-18,destino,GOIÂNIA,3.0,,outras
2026-06-18,destino,JANAÚBA,53.9,,nanica
2026-06-18,destino,JESUÂNIA,7.2,,prata
2026-06-18,destino,JUIZ DE FORA,9.768,,prata
2026-06-18,destino,JUNDIAÍ,25.8,,prata
2026-06-18,destino,LORENA,0.8,,nanica
2026-06-18,destino,LORENA,0.8,,prata
2026-06-18,destino,MONTES CLAROS,3.0,,nanica
2026-06-18,destino,MONTES CLAROS,1.5,,outras
2026-06-18,destino,MONTES CLAROS,98.5,,prata
2026-06-18,destino,NITERÓI,34.0,,prata
2026-06-18,destino,NOVA PORTEIRINHA,6.0,,prata
2026-06-18,destino,OSASCO,19.54,,nanica
2026-06-18,destino,OSASCO,0.52,,outras
2026-06-18,destino,OSASCO,45.6,,prata
2026-06-18,destino,PARAOPEBA,15.0,,nanica
2026-06-18,destino,PARÁ DE MINAS,15.0,,prata
2026-06-18,destino,PATOS DE MINAS,11.0,,nanica
2026-06-18,destino,PATOS DE MINAS,1.5,,outras
2026-06-18,destino,PATOS DE MINAS,9.0,,prata
2026-06-18,destino,PEDRALVA,15.0,,nanica
2026-06-18,destino,PETRÓPOLIS,1.5,,prata
2026-06-18,destino,PIAU,5.0,,prata
2026-06-18,destino,PIEDADE,10.8,,prata
2026-06-18,destino,PINDAMONHANGABA,1.0,,nanica
2026-06-18,destino,PINDAMONHANGABA,1.0,,prata
2026-06-18,destino,PIRAPORA,12.0,,prata
2026-06-18,destino,POTIM,2.0,,nanica
2026-06-18,destino,POÇOS DE CALDAS,6.3,,prata
2026-06-18,destino,QUIRINÓPOLIS,0.704,,prata
2026-06-18,destino,RIBEIRÃO DAS NEVES,122.67,,nanica
2026-06-18,destino,RIBEIRÃO DAS NEVES,7.533,,outras
2026-06-18,destino,RIBEIRÃO DAS NEVES,220.818,,prata
2026-06-18,destino,RIBEIRÃO PRETO,57.51,,nanica
2026-06-18,destino,RIBEIRÃO PRETO,9.252,,prata
2026-06-18,destino,RIO DE JANEIRO,44.0,,nanica
2026-06-18,destino,RIO DE JANEIRO,209.88,,prata
2026-06-18,destino,SANTA BÁRBARA DO TUGÚRIO,3.4,,nanica
2026-06-18,destino,SANTA BÁRBARA DO TUGÚRIO,2.5,,prata
2026-06-18,destino,SANTO ANDRÉ,13.8,,prata
2026-06-18,destino,SANTO ANTÔNIO DO JARDIM,15.6,,nanica
2026-06-18,destino,SEROPÉDICA,14.4,,prata
2026-06-18,destino,SÃO BERNARDO DO CAMPO,21.0,,prata
2026-06-18,destino,SÃO FRANCISCO,2.7,,prata
2026-06-18,destino,SÃO GONÇALO,14.0,,prata
2026-06-18,destino,SÃO JOSÉ DO RIO PRETO,12.0,,nanica
2026-06-18,destino,SÃO JOSÉ DOS CAMPOS,12.0,,prata
2026-06-18,destino,SÃO PAULO,66.97,,nanica
2026-06-18,destino,SÃO PAULO,122.03,,prata
2026-06-18,destino,TABOÃO DA SERRA,15.0,,nanica
2026-06-18,destino,TABOÃO DA SERRA,15.0,,prata
2026-06-18,destino,TAUBATÉ,1.25,,nanica
2026-06-18,destino,TAUBATÉ,15.25,,prata
2026-06-18,destino,TRÊS RIOS,1.425,,nanica
2026-06-18,destino,TRÊS RIOS,0.11,,outras
2026-06-18,destino,TRÊS RIOS,1.545,,prata
2026-06-18,destino,UBERLÂNDIA,5.0,,outras
2026-06-18,destino,UBERLÂNDIA,16.0,,prata
2026-06-18,destino,VARGINHA,12.0,,prata
2026-06-18,destino,VOLTA REDONDA,22.0,,prata
2026-06-18,destino,VOTORANTIM,12.222,,prata
2026-06-18,destino,VÁRZEA PAULISTA,50.49,,nanica
2026-06-18,destino,VÁRZEA PAULISTA,1.8,,prata
2026-06-18,origem,ANDRADAS,6.3,,prata
2026-06-18,origem,ARAÇUAÍ,71.52,,prata
2026-06-18,origem,BOCAIÚVA,16.0,,prata
2026-06-18,origem,BRAZÓPOLIS,5.85,,nanica
2026-06-18,origem,BRAZÓPOLIS,13.85,,prata
2026-06-18,origem,BURITIZEIRO,8.64,,prata
2026-06-18,origem,CAPITÃO ENÉAS,13.44,,nanica
2026-06-18,origem,CAPITÃO ENÉAS,23.28,,prata
2026-06-18,origem,CARMO DE MINAS,10.0,,prata
2026-06-18,origem,CENTRALINA,9.25,,outras
2026-06-18,origem,CONCEIÇÃO DAS PEDRAS,3.4,,nanica
2026-06-18,origem,CONCEIÇÃO DAS PEDRAS,2.5,,prata
2026-06-18,origem,CONTAGEM,174.065,,nanica
2026-06-18,origem,CONTAGEM,9.24,,outras
2026-06-18,origem,CONTAGEM,116.605,,prata
2026-06-18,origem,CORONEL PACHECO,15.0,,nanica
2026-06-18,origem,CRISTINA,16.0,,prata
2026-06-18,origem,CÁSSIA,35.022,,prata
2026-06-18,origem,DELFINÓPOLIS,205.066,,prata
2026-06-18,origem,ESPINOSA,15.0,,prata
2026-06-18,origem,INDIANÓPOLIS,2.0,,prata
2026-06-18,origem,ITACARAMBI,55.0,,nanica
2026-06-18,origem,ITAOBIM,14.4,,prata
2026-06-18,origem,JANAÚBA,4.9,,nanica
2026-06-18,origem,JANAÚBA,74.88,,prata
2026-06-18,origem,JAÍBA,482.04,,nanica
2026-06-18,origem,JAÍBA,4.5,,outras
2026-06-18,origem,JAÍBA,184.68,,prata
2026-06-18,origem,JEQUITINHONHA,12.0,,prata
2026-06-18,origem,JUIZ DE FORA,0.08,,outras
2026-06-18,origem,LASSANCE,13.5,,nanica
2026-06-18,origem,LASSANCE,42.3,,prata
2026-06-18,origem,MARILAC,21.0,,prata
2026-06-18,origem,MATIAS CARDOSO,8.64,,nanica
2026-06-18,origem,MATIAS CARDOSO,13.32,,prata
2026-06-18,origem,MATOZINHOS,1.0,,nanica
2026-06-18,origem,MATOZINHOS,5.0,,prata
2026-06-18,origem,MONTES CLAROS,54.48,,prata
2026-06-18,origem,NATÉRCIA,3.4,,nanica
2026-06-18,origem,NATÉRCIA,1.5,,prata
2026-06-18,origem,NOVA PORTEIRINHA,46.59,,prata
2026-06-18,origem,PARAOPEBA,15.0,,nanica
2026-06-18,origem,PEDRALVA,15.0,,nanica
2026-06-18,origem,PEQUI,4.0,,nanica
2026-06-18,origem,PEQUI,1.0,,outras
2026-06-18,origem,PEQUI,10.0,,prata
2026-06-18,origem,PIAU,6.5,,prata
2026-06-18,origem,PIRAPORA,58.258,,prata
2026-06-18,origem,RIBEIRÃO DAS NEVES,111.87,,nanica
2026-06-18,origem,RIBEIRÃO DAS NEVES,7.533,,outras
2026-06-18,origem,RIBEIRÃO DAS NEVES,210.018,,prata
2026-06-18,origem,SABARÁ,10.0,,prata
2026-06-18,origem,SÃO JOSÉ DA VARGINHA,15.0,,prata
2026-06-18,origem,SÃO JOÃO DA PONTE,14.0,,prata
2026-06-18,origem,UBERLÂNDIA,0.204,,nanica
2026-06-18,origem,UBERLÂNDIA,2.48,,outras
2026-06-18,origem,UBERLÂNDIA,3.184,,prata
2026-06-18,origem,VERDELÂNDIA,25.435,,nanica
2026-06-18,origem,VERDELÂNDIA,3.55,,outras
2026-06-18,origem,VERDELÂNDIA,45.385,,prata
2026-06-19,destino,AMERICANA,23.1,,nanica
2026-06-19,destino,ARCOS,9.3,,prata
2026-06-19,destino,BAURU,7.56,,prata
2026-06-19,destino,BRASÍLIA,12.0,,nanica
2026-06-19,destino,BRAZÓPOLIS,1.8,,nanica
2026-06-19,destino,BRAZÓPOLIS,39.34,,prata
2026-06-19,destino,CAJATI,17.64,,prata
2026-06-19,destino,CAMPINAS,91.2,,nanica
2026-06-19,destino,CAMPINAS,2.025,,outras
2026-06-19,destino,CAMPINAS,81.2,,prata
2026-06-19,destino,CAMPO GRANDE,69.46,,nanica
2026-06-19,destino,CAMPOS DO JORDÃO,0.5,,nanica
2026-06-19,destino,CAMPOS DO JORDÃO,0.5,,prata
2026-06-19,destino,CAPITÓLIO,1.5,,prata
2026-06-19,destino,CATALÃO,0.112,,nanica
2026-06-19,destino,CATALÃO,0.312,,outras
2026-06-19,destino,CATALÃO,0.128,,prata
2026-06-19,destino,CATANDUVA,13.0,,nanica
2026-06-19,destino,CHAPADÃO DO CÉU,0.018,,outras
2026-06-19,destino,CHAPADÃO DO SUL,0.054,,outras
2026-06-19,destino,CHAPADÃO DO SUL,0.19,,prata
2026-06-19,destino,CONTAGEM,230.55,,nanica
2026-06-19,destino,CONTAGEM,0.004,,outras
2026-06-19,destino,CONTAGEM,209.5,,prata
2026-06-19,destino,COSTA RICA,0.057,,nanica
2026-06-19,destino,CRISTINA,8.075,,prata
2026-06-19,destino,CRUZEIRO,6.0,,nanica
2026-06-19,destino,CURVELO,15.0,,nanica
2026-06-19,destino,DOURADOS,41.52,,nanica
2026-06-19,destino,FRANCA,12.0,,nanica
2026-06-19,destino,FRANCA,11.7,,prata
2026-06-19,destino,GUARULHOS,50.499,,prata
2026-06-19,destino,INOCÊNCIA,0.095,,nanica
2026-06-19,destino,INOCÊNCIA,0.036,,outras
2026-06-19,destino,INOCÊNCIA,0.038,,prata
2026-06-19,destino,IPAMERI,0.064,,nanica
2026-06-19,destino,IPAMERI,0.236,,outras
2026-06-19,destino,IPAMERI,0.064,,prata
2026-06-19,destino,ITAJUBÁ,15.0,,nanica
2026-06-19,destino,ITAJUBÁ,13.2,,prata
2026-06-19,destino,ITAPERUNA,0.5,,nanica
2026-06-19,destino,ITAPERUNA,0.5,,prata
2026-06-19,destino,ITARIRI,15.0,,nanica
2026-06-19,destino,ITARIRI,19.566,,prata
2026-06-19,destino,ITUMBIARA,0.263,,nanica
2026-06-19,destino,ITUMBIARA,0.316,,outras
2026-06-19,destino,ITUMBIARA,0.71,,prata
2026-06-19,destino,JACAREÍ,15.26,,nanica
2026-06-19,destino,JANAÚBA,36.0,,nanica
2026-06-19,destino,JANAÚBA,10.0,,prata
2026-06-19,destino,JESUÂNIA,5.25,,prata
2026-06-19,destino,JORDÂNIA,0.6,,prata
2026-06-19,destino,JUNDIAÍ,28.0,,nanica
2026-06-19,destino,JUNDIAÍ,13.5,,prata
2026-06-19,destino,MARINGÁ,22.6,,nanica
2026-06-19,destino,MIRACATU,25.2,,prata
2026-06-19,destino,MONTES CLAROS,10.68,,nanica
2026-06-19,destino,NITERÓI,34.0,,prata
2026-06-19,destino,NOVA UNIÃO,22.2,,prata
2026-06-19,destino,OSASCO,11.25,,nanica
2026-06-19,destino,OSASCO,19.65,,prata
2026-06-19,destino,PARACATU,0.4,,prata
2026-06-19,destino,PARAIBUNA,19.012,,nanica
2026-06-19,destino,PARANAÍBA,0.038,,nanica
2026-06-19,destino,PATOS DE MINAS,10.0,,prata
2026-06-19,destino,PEDRA AZUL,2.4,,prata
2026-06-19,destino,PEDRALVA,41.6,,nanica
2026-06-19,destino,PEDRALVA,6.4,,prata
2026-06-19,destino,PIAU,12.0,,prata
2026-06-19,destino,PIEDADE DE CARATINGA,12.0,,prata
2026-06-19,destino,PINDAMONHANGABA,3.0,,prata
2026-06-19,destino,PIRANGUÇU,6.984,,prata
2026-06-19,destino,PIRAPORA,45.0,,prata
2026-06-19,destino,POUSO ALEGRE,8.0,,nanica
2026-06-19,destino,POUSO ALEGRE,15.0,,prata
2026-06-19,destino,QUIRINÓPOLIS,0.288,,nanica
2026-06-19,destino,QUIRINÓPOLIS,0.26,,outras
2026-06-19,destino,QUIRINÓPOLIS,0.356,,prata
2026-06-19,destino,RIBEIRÃO DAS NEVES,10.8,,nanica
2026-06-19,destino,RIBEIRÃO DAS NEVES,49.6,,prata
2026-06-19,destino,RIBEIRÃO PRETO,84.99,,nanica
2026-06-19,destino,RIBEIRÃO PRETO,2.7,,outras
2026-06-19,destino,RIBEIRÃO PRETO,47.142,,prata
2026-06-19,destino,RIO DE JANEIRO,62.81,,nanica
2026-06-19,destino,RIO DE JANEIRO,414.97,,prata
2026-06-19,destino,RIO VERDE,0.159,,nanica
2026-06-19,destino,RIO VERDE,0.074,,outras
2026-06-19,destino,RIO VERDE,0.16,,prata
2026-06-19,destino,SANTO ANTÔNIO DO JARDIM,5.36,,prata
2026-06-19,destino,SOROCABA,12.27,,prata
2026-06-19,destino,SUZANO,11.488,,prata
2026-06-19,destino,SÃO BERNARDO DO CAMPO,43.755,,prata
2026-06-19,destino,SÃO GONÇALO,14.0,,prata
2026-06-19,destino,SÃO JOSÉ DO RIO PRETO,13.632,,nanica
2026-06-19,destino,SÃO JOSÉ DO RIO PRETO,10.368,,prata
2026-06-19,destino,SÃO JOSÉ DOS CAMPOS,10.8,,nanica
2026-06-19,destino,SÃO JOSÉ DOS CAMPOS,19.0,,prata
2026-06-19,destino,SÃO PAULO,85.58,,nanica
2026-06-19,destino,SÃO PAULO,1.65,,outras
2026-06-19,destino,SÃO PAULO,114.322,,prata
2026-06-19,destino,TRÊS RIOS,1.02,,nanica
2026-06-19,destino,TRÊS RIOS,0.975,,prata
2026-06-19,destino,UBERABA,3.008,,prata
2026-06-19,destino,UBERLÂNDIA,43.264,,prata
2026-06-19,destino,VOLTA REDONDA,12.8,,prata
2026-06-19,destino,VÁRZEA PAULISTA,31.85,,nanica
2026-06-19,destino,VÁRZEA PAULISTA,14.1,,prata
2026-06-19,origem,ARAÇUAÍ,103.0,,prata
2026-06-19,origem,BALDIM,30.0,,prata
2026-06-19,origem,BRASILÂNDIA DE MINAS,12.0,,nanica
2026-06-19,origem,BRAZÓPOLIS,17.68,,nanica
2026-06-19,origem,BRAZÓPOLIS,42.0,,prata
2026-06-19,origem,CAPITÃO ENÉAS,30.26,,nanica
2026-06-19,origem,CAPITÃO ENÉAS,33.0,,prata
2026-06-19,origem,CAPITÓLIO,1.5,,prata
2026-06-19,origem,CARANGOLA,0.5,,nanica
2026-06-19,origem,CARANGOLA,0.5,,prata
2026-06-19,origem,CORINTO,22.8,,prata
2026-06-19,origem,CURVELO,30.0,,nanica
2026-06-19,origem,CÁSSIA,63.292,,prata
2026-06-19,origem,DELFINÓPOLIS,264.896,,prata
2026-06-19,origem,ESPINOSA,20.0,,prata
2026-06-19,origem,INDIANÓPOLIS,0.004,,outras
2026-06-19,origem,INDIANÓPOLIS,15.0,,prata
2026-06-19,origem,ITACARAMBI,36.0,,nanica
2026-06-19,origem,JANAÚBA,22.0,,nanica
2026-06-19,origem,JANAÚBA,89.5,,prata
2026-06-19,origem,JAÍBA,599.212,,nanica
2026-06-19,origem,JAÍBA,4.725,,outras
2026-06-19,origem,JAÍBA,78.815,,prata
2026-06-19,origem,JEQUITINHONHA,43.35,,prata
2026-06-19,origem,LASSANCE,124.6,,prata
2026-06-19,origem,MARILAC,15.0,,prata
2026-06-19,origem,MATIAS CARDOSO,15.0,,nanica
2026-06-19,origem,MONTES CLAROS,11.25,,nanica
2026-06-19,origem,MONTES CLAROS,96.35,,prata
2026-06-19,origem,NOVA PORTEIRINHA,22.8,,nanica
2026-06-19,origem,NOVA PORTEIRINHA,230.108,,prata
2026-06-19,origem,NOVA UNIÃO,117.0,,nanica
2026-06-19,origem,NOVA UNIÃO,3.0,,prata
2026-06-19,origem,PEDRALVA,74.612,,nanica
2026-06-19,origem,PEDRALVA,6.4,,prata
2026-06-19,origem,PEDRAS DE MARIA DA CRUZ,21.0,,prata
2026-06-19,origem,PIRAPORA,104.508,,prata
2026-06-19,origem,SANTO HIPÓLITO,12.0,,prata
2026-06-19,origem,SÃO FRANCISCO,37.0,,prata
2026-06-19,origem,SÃO JOÃO BATISTA DO GLÓRIA,8.075,,prata
2026-06-19,origem,TAQUARAÇU DE MINAS,12.0,,nanica
2026-06-19,origem,UBERLÂNDIA,1.076,,nanica
2026-06-19,origem,UBERLÂNDIA,1.306,,outras
2026-06-19,origem,UBERLÂNDIA,1.646,,prata
2026-06-19,origem,UNAÍ,0.4,,prata
2026-06-19,origem,VERDELÂNDIA,40.2,,nanica
2026-06-19,origem,VERDELÂNDIA,1.65,,outras
2026-06-19,origem,VERDELÂNDIA,53.975,,prata
2026-06-19,origem,VÁRZEA DA PALMA,10.017,,prata
2026-06-20,destino,BRASÍLIA,13.5,,nanica
2026-06-20,destino,BRASÍLIA,20.52,,prata
2026-06-20,destino,CAIEIRAS,6.72,,nanica
2026-06-20,destino,CAIEIRAS,6.72,,prata
2026-06-20,destino,CAMPINAS,6.0,,prata
2026-06-20,destino,CASSILÂNDIA,0.054,,prata
2026-06-20,destino,CHAPADÃO DO CÉU,0.04,,nanica
2026-06-20,destino,CHAPADÃO DO CÉU,0.036,,prata
2026-06-20,destino,CHAPADÃO DO SUL,0.04,,nanica
2026-06-20,destino,CHAPADÃO DO SUL,0.02,,outras
2026-06-20,destino,CHAPADÃO DO SUL,0.054,,prata
2026-06-20,destino,CONTAGEM,22.5,,nanica
2026-06-20,destino,CONTAGEM,6.0,,outras
2026-06-20,destino,CONTAGEM,36.0,,prata
2026-06-20,destino,INOCÊNCIA,0.7,,nanica
2026-06-20,destino,INOCÊNCIA,0.112,,outras
2026-06-20,destino,INOCÊNCIA,0.198,,prata
2026-06-20,destino,JANAÚBA,34.8,,prata
2026-06-20,destino,JUNDIAÍ,18.0,,nanica
2026-06-20,destino,JUNDIAÍ,15.65,,prata
2026-06-20,destino,MONTES CLAROS,12.18,,nanica
2026-06-20,destino,PARANAÍBA,0.04,,outras
2026-06-20,destino,PARANAÍBA,0.054,,prata
2026-06-20,destino,PARAÍSO DAS ÁGUAS,0.04,,nanica
2026-06-20,destino,PARAÍSO DAS ÁGUAS,0.02,,outras
2026-06-20,destino,PARAÍSO DAS ÁGUAS,0.018,,prata
2026-06-20,destino,PIRACICABA,9.0,,prata
2026-06-20,destino,RIBEIRÃO DAS NEVES,10.8,,nanica
2026-06-20,destino,RIBEIRÃO DAS NEVES,22.8,,prata
2026-06-20,destino,RIO DE JANEIRO,18.0,,nanica
2026-06-20,destino,RIO DE JANEIRO,61.0,,prata
2026-06-20,destino,SÃO PAULO,21.0,,nanica
2026-06-20,destino,TRÊS RIOS,1.545,,nanica
2026-06-20,destino,TRÊS RIOS,1.845,,outras
2026-06-20,destino,TRÊS RIOS,1.5,,prata
2026-06-20,destino,VÁRZEA PAULISTA,13.5,,nanica
2026-06-20,origem,CÁSSIA,4.45,,prata
2026-06-20,origem,ITACARAMBI,36.0,,nanica
2026-06-20,origem,JANAÚBA,16.0,,prata
2026-06-20,origem,JAÍBA,46.8,,nanica
2026-06-20,origem,JAÍBA,10.0,,prata
2026-06-20,origem,LASSANCE,21.0,,nanica
2026-06-20,origem,LASSANCE,46.8,,prata
2026-06-20,origem,MONTES CLAROS,6.72,,nanica
2026-06-20,origem,MONTES CLAROS,6.72,,prata
2026-06-20,origem,NOVA PORTEIRINHA,35.2,,prata
2026-06-20,origem,PIRAPORA,66.8,,prata
2026-06-20,origem,UBERLÂNDIA,0.82,,nanica
2026-06-20,origem,UBERLÂNDIA,0.192,,outras
2026-06-20,origem,UBERLÂNDIA,0.414,,prata
2026-06-20,origem,VERDELÂNDIA,27.225,,nanica
2026-06-20,origem,VERDELÂNDIA,7.845,,outras
2026-06-20,origem,VERDELÂNDIA,28.02,,prata
2026-06-21,destino,CONTAGEM,3.045,,outras
2026-06-21,destino,RIO DE JANEIRO,19.0,,prata
2026-06-21,origem,CAMPINA VERDE,3.045,,outras
2026-06-21,origem,LASSANCE,19.0,,prata
2026-06-22,destino,ALTEROSA,3.488,,prata
2026-06-22,destino,ANDRADAS,15.0,,prata
2026-06-22,destino,ARAÇATUBA,24.0,,nanica
2026-06-22,destino,BARBACENA,0.5,,outras
2026-06-22,destino,BARBACENA,4.7,,prata
2026-06-22,destino,BAURU,11.34,,prata
2026-06-22,destino,BRASÍLIA,8.164,,prata
2026-06-22,destino,BRAZÓPOLIS,15.0,,nanica
2026-06-22,destino,BRAZÓPOLIS,12.0,,prata
2026-06-22,destino,CAMPINAS,43.468,,nanica
2026-06-22,destino,CAMPINAS,0.465,,outras
2026-06-22,destino,CAMPINAS,27.89,,prata
2026-06-22,destino,CAMPO GRANDE,65.74,,nanica
2026-06-22,destino,CAMPO GRANDE,3.1,,prata
2026-06-22,destino,CARATINGA,12.0,,nanica
2026-06-22,destino,CARATINGA,12.0,,outras
2026-06-22,destino,CARATINGA,5.0,,prata
2026-06-22,destino,CATALÃO,0.24,,nanica
2026-06-22,destino,CATALÃO,0.366,,outras
2026-06-22,destino,CATALÃO,0.56,,prata
2026-06-22,destino,CONTAGEM,206.38,,nanica
2026-06-22,destino,CONTAGEM,6.0,,outras
2026-06-22,destino,CONTAGEM,242.02,,prata
2026-06-22,destino,COSMÓPOLIS,13.5,,prata
2026-06-22,destino,CUIABÁ,15.48,,nanica
2026-06-22,destino,CUIABÁ,4.2,,prata
2026-06-22,destino,CUMARI,0.036,,outras
2026-06-22,destino,CURVELO,5.5,,prata
2026-06-22,destino,GOVERNADOR VALADARES,3.0,,nanica
2026-06-22,destino,GOVERNADOR VALADARES,3.0,,outras
2026-06-22,destino,GOVERNADOR VALADARES,3.0,,prata
2026-06-22,destino,GUARULHOS,13.5,,nanica
2026-06-22,destino,INCONFIDENTES,4.5,,prata
2026-06-22,destino,ITAJUBÁ,2.0,,prata
2026-06-22,destino,ITARIRI,22.54,,nanica
2026-06-22,destino,ITARIRI,41.5,,prata
2026-06-22,destino,JANAÚBA,23.1,,nanica
2026-06-22,destino,JANAÚBA,20.0,,prata
2026-06-22,destino,JUIZ DE FORA,17.0,,nanica
2026-06-22,destino,JUIZ DE FORA,4.0,,prata
2026-06-22,destino,JUNDIAÍ,19.6,,nanica
2026-06-22,destino,JUNDIAÍ,40.75,,prata
2026-06-22,destino,LIMEIRA,11.1,,nanica
2026-06-22,destino,MARINGÁ,22.8,,nanica
2026-06-22,destino,MONTES CLAROS,26.7,,prata
2026-06-22,destino,NOVA UNIÃO,8.25,,prata
2026-06-22,destino,OSASCO,12.0,,nanica
2026-06-22,destino,OSASCO,11.94,,prata
2026-06-22,destino,PARAIBUNA,13.706,,nanica
2026-06-22,destino,PATOS DE MINAS,8.0,,nanica
2026-06-22,destino,PEDRALVA,67.0,,nanica
2026-06-22,destino,PEDRALVA,18.52,,prata
2026-06-22,destino,POUSO ALEGRE,3.06,,nanica
2026-06-22,destino,POUSO ALEGRE,0.66,,outras
2026-06-22,destino,POUSO ALEGRE,8.7,,prata
2026-06-22,destino,POÇOS DE CALDAS,4.8,,prata
2026-06-22,destino,QUIRINÓPOLIS,0.96,,nanica
2026-06-22,destino,QUIRINÓPOLIS,1.36,,prata
2026-06-22,destino,RAUL SOARES,10.0,,outras
2026-06-22,destino,RESENDE,0.6,,nanica
2026-06-22,destino,RIBEIRÃO DAS NEVES,23.8,,nanica
2026-06-22,destino,RIBEIRÃO DAS NEVES,34.8,,prata
2026-06-22,destino,RIBEIRÃO PRETO,72.41,,nanica
2026-06-22,destino,RIBEIRÃO PRETO,6.3,,prata
2026-06-22,destino,RIO DE JANEIRO,95.6,,nanica
2026-06-22,destino,RIO DE JANEIRO,339.06,,prata
2026-06-22,destino,SEROPÉDICA,12.0,,prata
2026-06-22,destino,SOROCABA,11.52,,nanica
2026-06-22,destino,SUMARÉ,6.6,,prata
2026-06-22,destino,SÃO BERNARDO DO CAMPO,26.885,,prata
2026-06-22,destino,SÃO CAETANO DO SUL,9.735,,nanica
2026-06-22,destino,SÃO GONÇALO,19.0,,prata
2026-06-22,destino,SÃO JOSÉ DO RIO PARDO,4.5,,nanica
2026-06-22,destino,SÃO JOSÉ DO RIO PRETO,24.0,,nanica
2026-06-22,destino,SÃO JOSÉ DO RIO PRETO,11.28,,prata
2026-06-22,destino,SÃO PAULO,56.6,,nanica
2026-06-22,destino,SÃO PAULO,132.461,,prata
2026-06-22,destino,TABOÃO DA SERRA,15.0,,prata
2026-06-22,destino,TAUBATÉ,15.5,,prata
2026-06-22,destino,TOCANTINS,3.75,,nanica
2026-06-22,destino,TOCANTINS,3.75,,prata
2026-06-22,destino,TRÊS CORAÇÕES,15.0,,prata
2026-06-22,destino,TRÊS RIOS,0.08,,outras
2026-06-22,destino,TRÊS RIOS,8.0,,prata
2026-06-22,destino,UBERLÂNDIA,15.4,,nanica
2026-06-22,destino,UBERLÂNDIA,10.218,,outras
2026-06-22,destino,UBERLÂNDIA,20.29,,prata
2026-06-22,destino,VOLTA REDONDA,3.8,,nanica
2026-06-22,destino,VOLTA REDONDA,0.6,,outras
2026-06-22,destino,VOLTA REDONDA,1.0,,prata
2026-06-22,destino,VÁRZEA PAULISTA,36.6,,nanica
2026-06-22,destino,VÁRZEA PAULISTA,15.0,,prata
2026-06-22,origem,ANDRADAS,21.6,,prata
2026-06-22,origem,ARAÇUAÍ,73.08,,prata
2026-06-22,origem,BARBACENA,0.2,,prata
2026-06-22,origem,BRAZÓPOLIS,5.706,,nanica
2026-06-22,origem,BRAZÓPOLIS,2.0,,prata
2026-06-22,origem,CAPITÃO ENÉAS,25.0,,prata
2026-06-22,origem,CARATINGA,3.0,,outras
2026-06-22,origem,CARATINGA,2.0,,prata
2026-06-22,origem,CLARO DOS POÇÕES,19.0,,prata
2026-06-22,origem,CONTAGEM,18.0,,nanica
2026-06-22,origem,CONTAGEM,9.8,,prata
2026-06-22,origem,CRISTINA,4.4,,nanica
2026-06-22,origem,CRISTINA,0.6,,outras
2026-06-22,origem,CRISTINA,23.0,,prata
2026-06-22,origem,CÁSSIA,13.385,,prata
2026-06-22,origem,DELFINÓPOLIS,185.459,,prata
2026-06-22,origem,DESTERRO DO MELO,3.0,,prata
2026-06-22,origem,DOM CAVATI,3.0,,nanica
2026-06-22,origem,DOM CAVATI,6.0,,outras
2026-06-22,origem,DOM CAVATI,3.0,,prata
2026-06-22,origem,ESPINOSA,20.0,,prata
2026-06-22,origem,FRANCISCO SÁ,21.0,,nanica
2026-06-22,origem,IMBÉ DE MINAS,12.0,,nanica
2026-06-22,origem,IMBÉ DE MINAS,9.0,,outras
2026-06-22,origem,IMBÉ DE MINAS,3.0,,prata
2026-06-22,origem,INCONFIDENTES,4.5,,prata
2026-06-22,origem,INHAPIM,3.0,,nanica
2026-06-22,origem,INHAPIM,3.0,,outras
2026-06-22,origem,INHAPIM,3.0,,prata
2026-06-22,origem,ITACARAMBI,38.0,,nanica
2026-06-22,origem,JANAÚBA,147.14,,prata
2026-06-22,origem,JAÍBA,548.938,,nanica
2026-06-22,origem,JAÍBA,0.465,,outras
2026-06-22,origem,JAÍBA,69.1,,prata
2026-06-22,origem,JEQUITINHONHA,32.4,,prata
2026-06-22,origem,JUIZ DE FORA,2.0,,nanica
2026-06-22,origem,JUIZ DE FORA,0.08,,outras
2026-06-22,origem,JUIZ DE FORA,2.0,,prata
2026-06-22,origem,LASSANCE,73.8,,prata
2026-06-22,origem,MANGA,12.0,,nanica
2026-06-22,origem,MARILAC,3.75,,nanica
2026-06-22,origem,MARILAC,18.75,,prata
2026-06-22,origem,MATIAS CARDOSO,18.0,,nanica
2026-06-22,origem,MATIAS CARDOSO,38.12,,prata
2026-06-22,origem,MONTES CLAROS,6.3,,nanica
2026-06-22,origem,MONTES CLAROS,87.5,,prata
2026-06-22,origem,NOVA PORTEIRINHA,17.0,,nanica
2026-06-22,origem,NOVA PORTEIRINHA,107.79,,prata
2026-06-22,origem,NOVA UNIÃO,117.5,,nanica
2026-06-22,origem,NOVA UNIÃO,47.5,,prata
2026-06-22,origem,PEDRALVA,94.5,,nanica
2026-06-22,origem,PEDRAS DE MARIA DA CRUZ,18.0,,prata
2026-06-22,origem,PIRAPORA,47.494,,prata
2026-06-22,origem,POUSO ALEGRE,3.06,,nanica
2026-06-22,origem,POUSO ALEGRE,0.66,,outras
2026-06-22,origem,POUSO ALEGRE,8.7,,prata
2026-06-22,origem,RAUL SOARES,10.0,,outras
2026-06-22,origem,RIBEIRÃO DAS NEVES,28.0,,prata
2026-06-22,origem,RIO POMBA,0.5,,outras
2026-06-22,origem,RIO POMBA,1.5,,prata
2026-06-22,origem,SÃO JOSÉ DO ALEGRE,15.0,,nanica
2026-06-22,origem,SÃO JOÃO DA PONTE,12.0,,prata
2026-06-22,origem,UBERLÂNDIA,11.6,,nanica
2026-06-22,origem,UBERLÂNDIA,10.62,,outras
2026-06-22,origem,UBERLÂNDIA,15.21,,prata
2026-06-22,origem,VERDELÂNDIA,13.5,,nanica
2026-06-22,origem,VERDELÂNDIA,62.88,,prata
2026-06-22,origem,VÁRZEA DA PALMA,9.735,,nanica
2026-06-22,origem,VÁRZEA DA PALMA,5.5,,prata
2026-06-23,destino,ANDRADAS,15.0,,prata
2026-06-23,destino,ARAÇATUBA,7.5,,prata
2026-06-23,destino,ARCOS,19.3,,prata
2026-06-23,destino,AREALVA,23.25,,nanica
2026-06-23,destino,BARUERI,9.75,,nanica
2026-06-23,destino,BARUERI,3.3,,prata
2026-06-23,destino,BOTELHOS,1.0,,nanica
2026-06-23,destino,BOTELHOS,3.5,,prata
2026-06-23,destino,BRASÍLIA,3.3,,nanica
2026-06-23,destino,BRASÍLIA,51.565,,prata
2026-06-23,destino,CAMBUQUIRA,1.5,,prata
2026-06-23,destino,CAMPANHA,4.0,,prata
2026-06-23,destino,CAMPINAS,84.81,,nanica
2026-06-23,destino,CAMPINAS,53.07,,prata
2026-06-23,destino,CAMPO GRANDE,50.38,,nanica
2026-06-23,destino,CAMPO GRANDE,17.76,,prata
2026-06-23,destino,CARATINGA,42.0,,nanica
2026-06-23,destino,CARATINGA,8.0,,outras
2026-06-23,destino,CARATINGA,70.0,,prata
2026-06-23,destino,CATALÃO,0.112,,nanica
2026-06-23,destino,CATALÃO,0.292,,outras
2026-06-23,destino,CATALÃO,0.128,,prata
2026-06-23,destino,CATANDUVA,13.0,,nanica
2026-06-23,destino,CAXAMBU,1.0,,prata
2026-06-23,destino,COIMBRA,4.0,,prata
2026-06-23,destino,COLNIZA,7.2,,nanica
2026-06-23,destino,CONCEIÇÃO DO RIO VERDE,3.0,,prata
2026-06-23,destino,CONTAGEM,158.83,,nanica
2026-06-23,destino,CONTAGEM,9.83,,outras
2026-06-23,destino,CONTAGEM,290.85,,prata
2026-06-23,destino,CUIABÁ,19.24,,nanica
2026-06-23,destino,CUIABÁ,3.36,,prata
2026-06-23,destino,CURVELO,15.0,,nanica
2026-06-23,destino,DIADEMA,13.5,,prata
2026-06-23,destino,DIVINÓPOLIS,14.15,,prata
2026-06-23,destino,FARTURA,20.97,,nanica
2026-06-23,destino,FRANCA,13.44,,nanica
2026-06-23,destino,FRANCA,1.8,,prata
2026-06-23,destino,GOIÂNIA,1.5,,outras
2026-06-23,destino,GOVERNADOR VALADARES,5.0,,nanica
2026-06-23,destino,GOVERNADOR VALADARES,10.0,,outras
2026-06-23,destino,GUARULHOS,14.0,,nanica
2026-06-23,destino,IPAMERI,0.064,,nanica
2026-06-23,destino,IPAMERI,0.216,,outras
2026-06-23,destino,IPAMERI,0.064,,prata
2026-06-23,destino,IPATINGA,8.0,,prata
2026-06-23,destino,ITAGUAÇU,9.0,,prata
2026-06-23,destino,ITAPERUNA,1.0,,nanica
2026-06-23,destino,ITARIRI,28.0,,prata
2026-06-23,destino,ITUMBIARA,1.73,,outras
2026-06-23,destino,JALES,13.5,,nanica
2026-06-23,destino,JANAÚBA,27.06,,nanica
2026-06-23,destino,JUIZ DE FORA,2.2,,nanica
2026-06-23,destino,JUNDIAÍ,60.0,,nanica
2026-06-23,destino,JUNDIAÍ,12.7,,prata
2026-06-23,destino,LAMBARI,1.0,,prata
2026-06-23,destino,MARIA DA FÉ,5.32,,prata
2026-06-23,destino,MARINGÁ,39.1,,nanica
2026-06-23,destino,MATEUS LEME,2.4,,prata
2026-06-23,destino,MINEIROS DO TIETÊ,25.0,,nanica
2026-06-23,destino,MIRACATU,12.6,,prata
2026-06-23,destino,MONTES CLAROS,26.84,,nanica
2026-06-23,destino,MONTES CLAROS,4.8,,outras
2026-06-23,destino,MONTES CLAROS,13.464,,prata
2026-06-23,destino,NITERÓI,10.0,,prata
2026-06-23,destino,NOVA PORTEIRINHA,12.0,,prata
2026-06-23,destino,NOVA UNIÃO,2.7,,prata
2026-06-23,destino,OSASCO,41.645,,nanica
2026-06-23,destino,OSASCO,1.82,,outras
2026-06-23,destino,OSASCO,26.28,,prata
2026-06-23,destino,PARACATU,0.6,,prata
2026-06-23,destino,PARAOPEBA,15.0,,nanica
2026-06-23,destino,PEDRALVA,6.0,,prata
2026-06-23,destino,PETRÓPOLIS,3.0,,nanica
2026-06-23,destino,PIAU,15.0,,nanica
2026-06-23,destino,PIAU,1.0,,prata
2026-06-23,destino,POUSO ALEGRE,6.0,,nanica
2026-06-23,destino,QUIRINÓPOLIS,0.08,,nanica
2026-06-23,destino,QUIRINÓPOLIS,0.162,,outras
2026-06-23,destino,QUIRINÓPOLIS,0.096,,prata
2026-06-23,destino,RIBEIRÃO DAS NEVES,10.8,,nanica
2026-06-23,destino,RIBEIRÃO DAS NEVES,33.6,,prata
2026-06-23,destino,RIBEIRÃO PRETO,119.929,,nanica
2026-06-23,destino,RIBEIRÃO PRETO,1.5,,outras
2026-06-23,destino,RIBEIRÃO PRETO,11.715,,prata
2026-06-23,destino,RIO DE JANEIRO,90.67,,nanica
2026-06-23,destino,RIO DE JANEIRO,0.81,,outras
2026-06-23,destino,RIO DE JANEIRO,346.41,,prata
2026-06-23,destino,SANTO ANTÔNIO DO JARDIM,3.693,,prata
2026-06-23,destino,SEROPÉDICA,20.0,,prata
2026-06-23,destino,SOROCABA,26.6,,nanica
2026-06-23,destino,SUMARÉ,15.0,,nanica
2026-06-23,destino,SUZANO,11.52,,prata
2026-06-23,destino,SÃO BERNARDO DO CAMPO,37.0,,prata
2026-06-23,destino,SÃO CAETANO DO SUL,1.145,,prata
2026-06-23,destino,SÃO GONÇALO,6.0,,nanica
2026-06-23,destino,SÃO JOSÉ DO RIO PRETO,32.4,,nanica
2026-06-23,destino,SÃO JOSÉ DO RIO PRETO,13.776,,prata
2026-06-23,destino,SÃO LOURENÇO,4.0,,prata
2026-06-23,destino,SÃO PAULO,77.275,,nanica
2026-06-23,destino,SÃO PAULO,124.937,,prata
2026-06-23,destino,TAUBATÉ,6.0,,nanica
2026-06-23,destino,TRÊS CORAÇÕES,22.5,,nanica
2026-06-23,destino,TRÊS CORAÇÕES,11.5,,prata
2026-06-23,destino,TRÊS RIOS,1.245,,nanica
2026-06-23,destino,TRÊS RIOS,2.04,,outras
2026-06-23,destino,TRÊS RIOS,1.245,,prata
2026-06-23,destino,VITÓRIA DA CONQUISTA,0.75,,nanica
2026-06-23,destino,VITÓRIA DA CONQUISTA,0.525,,prata
2026-06-23,destino,VOLTA REDONDA,2.0,,nanica
2026-06-23,destino,VOLTA REDONDA,5.6,,prata
2026-06-23,destino,VOTORANTIM,5.6,,prata
2026-06-23,destino,VÁRZEA PAULISTA,31.5,,nanica
2026-06-23,origem,ARAÇUAÍ,6.0,,nanica
2026-06-23,origem,ARAÇUAÍ,38.62,,prata
2026-06-23,origem,ARCOS,9.3,,prata
2026-06-23,origem,BELO HORIZONTE,19.175,,nanica
2026-06-23,origem,BELO HORIZONTE,3.275,,outras
2026-06-23,origem,BELO HORIZONTE,34.53,,prata
2026-06-23,origem,BOTELHOS,1.0,,nanica
2026-06-23,origem,BOTELHOS,3.5,,prata
2026-06-23,origem,BRAZÓPOLIS,6.0,,nanica
2026-06-23,origem,BUGRE,30.0,,nanica
2026-06-23,origem,BUGRE,30.0,,prata
2026-06-23,origem,CANÁPOLIS,1.28,,outras
2026-06-23,origem,CAPITÃO ENÉAS,13.365,,nanica
2026-06-23,origem,CAPITÃO ENÉAS,79.0,,prata
2026-06-23,origem,CARANGOLA,1.0,,nanica
2026-06-23,origem,CENTRALINA,1.5,,outras
2026-06-23,origem,CLARO DOS POÇÕES,19.0,,prata
2026-06-23,origem,COIMBRA,4.0,,prata
2026-06-23,origem,CONTAGEM,54.405,,nanica
2026-06-23,origem,CONTAGEM,6.555,,outras
2026-06-23,origem,CONTAGEM,92.52,,prata
2026-06-23,origem,CURVELO,45.0,,nanica
2026-06-23,origem,CÁSSIA,6.0,,prata
2026-06-23,origem,DELFINÓPOLIS,22.19,,nanica
2026-06-23,origem,DELFINÓPOLIS,185.405,,prata
2026-06-23,origem,DOM CAVATI,30.0,,prata
2026-06-23,origem,ESPINOSA,38.0,,prata
2026-06-23,origem,GONÇALVES,2.0,,prata
2026-06-23,origem,INHAPIM,7.0,,nanica
2026-06-23,origem,INHAPIM,18.0,,outras
2026-06-23,origem,INHAPIM,5.0,,prata
2026-06-23,origem,ITACARAMBI,18.0,,nanica
2026-06-23,origem,ITAOBIM,9.0,,prata
2026-06-23,origem,ITINGA,10.0,,prata
2026-06-23,origem,JANAÚBA,37.4,,nanica
2026-06-23,origem,JANAÚBA,80.28,,prata
2026-06-23,origem,JAÍBA,692.089,,nanica
2026-06-23,origem,JAÍBA,1.5,,outras
2026-06-23,origem,JAÍBA,123.485,,prata
2026-06-23,origem,JEQUITINHONHA,36.9,,prata
2026-06-23,origem,JESUÂNIA,14.5,,prata
2026-06-23,origem,LAMBARI,4.0,,prata
2026-06-23,origem,LASSANCE,49.745,,prata
2026-06-23,origem,LIMA DUARTE,2.2,,nanica
2026-06-23,origem,MANGA,15.54,,nanica
2026-06-23,origem,MARILAC,15.0,,prata
2026-06-23,origem,MATIAS CARDOSO,15.0,,nanica
2026-06-23,origem,MONTES CLAROS,15.5,,nanica
2026-06-23,origem,MONTES CLAROS,65.3,,prata
2026-06-23,origem,NOVA PORTEIRINHA,20.7,,nanica
2026-06-23,origem,NOVA PORTEIRINHA,137.256,,prata
2026-06-23,origem,NOVA UNIÃO,15.0,,nanica
2026-06-23,origem,PARAOPEBA,15.0,,nanica
2026-06-23,origem,PIAU,20.5,,nanica
2026-06-23,origem,PIAU,1.0,,prata
2026-06-23,origem,PIRANGUÇU,6.0,,nanica
2026-06-23,origem,PIRAPORA,87.59,,prata
2026-06-23,origem,PONTO DOS VOLANTES,8.0,,prata
2026-06-23,origem,SÃO FRANCISCO,12.0,,prata
2026-06-23,origem,SÃO JOÃO DA PONTE,10.0,,prata
2026-06-23,origem,UBAPORANGA,10.0,,nanica
2026-06-23,origem,UBAPORANGA,5.0,,prata
2026-06-23,origem,UBERLÂNDIA,0.256,,nanica
2026-06-23,origem,UBERLÂNDIA,1.12,,outras
2026-06-23,origem,UBERLÂNDIA,0.288,,prata
2026-06-23,origem,UNAÍ,0.6,,prata
2026-06-23,origem,VERDELÂNDIA,111.12,,nanica
2026-06-23,origem,VERDELÂNDIA,9.47,,outras
2026-06-23,origem,VERDELÂNDIA,102.954,,prata
2026-06-23,origem,VÁRZEA DA PALMA,12.0,,prata
2026-06-24,destino,BARBACENA,7.0,,nanica
2026-06-24,destino,BARBACENA,10.0,,prata
2026-06-24,destino,BRAZÓPOLIS,15.0,,prata
2026-06-24,destino,CAMBUÍ,2.2,,prata
2026-06-24,destino,CAMPINAS,3.0,,nanica
2026-06-24,destino,CAMPINAS,9.9,,prata
2026-06-24,destino,CHAPADÃO DO CÉU,0.06,,nanica
2026-06-24,destino,CHAPADÃO DO CÉU,0.036,,prata
2026-06-24,destino,CHAPADÃO DO SUL,0.04,,nanica
2026-06-24,destino,CHAPADÃO DO SUL,0.092,,outras
2026-06-24,destino,CHAPADÃO DO SUL,0.334,,prata
2026-06-24,destino,CONGONHAL,7.0,,nanica
2026-06-24,destino,CONGONHAL,7.0,,prata
2026-06-24,destino,CONSELHEIRO LAFAIETE,4.0,,prata
2026-06-24,destino,CONTAGEM,72.0,,nanica
2026-06-24,destino,CONTAGEM,64.5,,prata
2026-06-24,destino,COSMÓPOLIS,4.6,,nanica
2026-06-24,destino,COSMÓPOLIS,4.8,,prata
2026-06-24,destino,COSTA RICA,0.095,,nanica
2026-06-24,destino,COSTA RICA,0.057,,outras
2026-06-24,destino,EXTREMA,18.0,,nanica
2026-06-24,destino,EXTREMA,4.0,,prata
2026-06-24,destino,GOVERNADOR VALADARES,4.0,,nanica
2026-06-24,destino,GOVERNADOR VALADARES,4.0,,outras
2026-06-24,destino,GOVERNADOR VALADARES,4.0,,prata
2026-06-24,destino,GUARULHOS,7.497,,prata
2026-06-24,destino,INCONFIDENTES,5.4,,prata
2026-06-24,destino,INOCÊNCIA,0.619,,nanica
2026-06-24,destino,INOCÊNCIA,0.112,,outras
2026-06-24,destino,INOCÊNCIA,1.091,,prata
2026-06-24,destino,ITAJUBÁ,4.2,,prata
2026-06-24,destino,ITUMBIARA,0.773,,nanica
2026-06-24,destino,ITUMBIARA,0.133,,outras
2026-06-24,destino,ITUMBIARA,2.886,,prata
2026-06-24,destino,JAÚ,22.8,,nanica
2026-06-24,destino,JUIZ DE FORA,5.0,,nanica
2026-06-24,destino,JUIZ DE FORA,4.0,,prata
2026-06-24,destino,JUNDIAÍ,26.6,,prata
2026-06-24,destino,LAMBARI,6.0,,prata
2026-06-24,destino,LIMA DUARTE,0.36,,prata
2026-06-24,destino,MIRACATU,12.6,,prata
2026-06-24,destino,MORRINHOS DO SUL,14.784,,prata
2026-06-24,destino,NATÉRCIA,15.0,,nanica
2026-06-24,destino,NITERÓI,12.0,,prata
2026-06-24,destino,NOVA PORTEIRINHA,7.0,,prata
2026-06-24,destino,NOVA UNIÃO,13.0,,prata
2026-06-24,destino,PARAIBUNA,9.6,,nanica
2026-06-24,destino,PARANAÍBA,0.04,,outras
2026-06-24,destino,PARANAÍBA,0.036,,prata
2026-06-24,destino,PARAÍSO DAS ÁGUAS,0.195,,nanica
2026-06-24,destino,PARAÍSO DAS ÁGUAS,0.057,,outras
2026-06-24,destino,PARAÍSO DAS ÁGUAS,0.018,,prata
2026-06-24,destino,PEDRALVA,18.0,,nanica
2026-06-24,destino,PEDRALVA,4.0,,prata
2026-06-24,destino,PIAU,4.0,,nanica
2026-06-24,destino,POUSO ALEGRE,27.94,,prata
2026-06-24,destino,QUIRINÓPOLIS,0.19,,nanica
2026-06-24,destino,QUIRINÓPOLIS,0.112,,outras
2026-06-24,destino,QUIRINÓPOLIS,0.18,,prata
2026-06-24,destino,RIBEIRÃO DAS NEVES,24.5,,prata
2026-06-24,destino,RIBEIRÃO PRETO,55.9,,prata
2026-06-24,destino,RIO DE JANEIRO,15.0,,nanica
2026-06-24,destino,RIO DE JANEIRO,50.0,,prata
2026-06-24,destino,RIO VERDE,0.114,,nanica
2026-06-24,destino,RIO VERDE,0.054,,outras
2026-06-24,destino,RIO VERDE,0.09,,prata
2026-06-24,destino,SUZANO,11.488,,prata
2026-06-24,destino,SÃO BERNARDO DO CAMPO,27.0,,prata
2026-06-24,destino,SÃO FRANCISCO,6.0,,nanica
2026-06-24,destino,SÃO MATEUS,0.225,,prata
2026-06-24,destino,SÃO PAULO,12.96,,nanica
2026-06-24,destino,SÃO PAULO,33.5,,prata
2026-06-24,destino,TABOÃO DA SERRA,18.02,,prata
2026-06-24,destino,TAUBATÉ,2.5,,nanica
2026-06-24,destino,TAUBATÉ,5.0,,prata
2026-06-24,destino,TRÊS RIOS,1.185,,nanica
2026-06-24,destino,TRÊS RIOS,0.09,,outras
2026-06-24,destino,TRÊS RIOS,1.485,,prata
2026-06-24,destino,UBERABA,6.0,,nanica
2026-06-24,destino,UBERABA,6.0,,prata
2026-06-24,destino,UBERLÂNDIA,5.83,,nanica
2026-06-24,destino,UBERLÂNDIA,16.16,,prata
2026-06-24,origem,ARAÇUAÍ,27.0,,prata
2026-06-24,origem,BOCAIÚVA,16.0,,prata
2026-06-24,origem,BOM JESUS DO AMPARO,15.0,,nanica
2026-06-24,origem,BRAZÓPOLIS,2.5,,nanica
2026-06-24,origem,BRAZÓPOLIS,35.0,,prata
2026-06-24,origem,CONGONHAL,9.6,,nanica
2026-06-24,origem,CONTAGEM,12.0,,nanica
2026-06-24,origem,CONTAGEM,12.0,,prata
2026-06-24,origem,CRISTINA,7.0,,nanica
2026-06-24,origem,CURVELO,15.0,,nanica
2026-06-24,origem,CÁSSIA,9.6,,prata
2026-06-24,origem,DELFINÓPOLIS,7.6,,nanica
2026-06-24,origem,DELFINÓPOLIS,141.689,,prata
2026-06-24,origem,INCONFIDENTES,5.4,,prata
2026-06-24,origem,INDIANÓPOLIS,5.83,,nanica
2026-06-24,origem,INDIANÓPOLIS,62.46,,prata
2026-06-24,origem,IPATINGA,0.225,,prata
2026-06-24,origem,ITACARAMBI,6.0,,nanica
2026-06-24,origem,JAÍBA,34.195,,nanica
2026-06-24,origem,JAÍBA,0.09,,outras
2026-06-24,origem,JAÍBA,43.185,,prata
2026-06-24,origem,LASSANCE,27.0,,prata
2026-06-24,origem,LIMA DUARTE,0.36,,prata
2026-06-24,origem,MATIAS CARDOSO,2.75,,nanica
2026-06-24,origem,MATIAS CARDOSO,12.0,,prata
2026-06-24,origem,MONTES CLAROS,28.0,,prata
2026-06-24,origem,NOVA UNIÃO,45.0,,nanica
2026-06-24,origem,PEDRALVA,51.0,,nanica
2026-06-24,origem,PEDRALVA,15.0,,prata
2026-06-24,origem,PIAU,4.0,,nanica
2026-06-24,origem,PIRAPORA,35.0,,prata
2026-06-24,origem,SANTA BÁRBARA DO TUGÚRIO,7.0,,nanica
2026-06-24,origem,SANTA BÁRBARA DO TUGÚRIO,10.0,,prata
2026-06-24,origem,SENHORA DOS REMÉDIOS,4.0,,prata
2026-06-24,origem,SILVIANÓPOLIS,15.14,,prata
2026-06-24,origem,SÃO DOMINGOS DAS DORES,4.0,,nanica
2026-06-24,origem,SÃO DOMINGOS DAS DORES,4.0,,outras
2026-06-24,origem,SÃO DOMINGOS DAS DORES,4.0,,prata
2026-06-24,origem,TOCANTINS,5.0,,nanica
2026-06-24,origem,TOCANTINS,4.0,,prata
2026-06-24,origem,UBERLÂNDIA,2.086,,nanica
2026-06-24,origem,UBERLÂNDIA,0.657,,outras
2026-06-24,origem,UBERLÂNDIA,4.671,,prata
2026-06-24,origem,VÁRZEA DA PALMA,6.0,,nanica
2026-06-24,origem,VÁRZEA DA PALMA,13.0,,prata
2026-06-25,destino,ALTEROSA,4.864,,prata
2026-06-25,destino,APARECIDA DE GOIÂNIA,2.1,,outras
2026-06-25,destino,APARECIDA DE GOIÂNIA,15.9,,prata
2026-06-25,destino,ARAÇATUBA,4.5,,prata
2026-06-25,destino,ARCOS,9.45,,prata
2026-06-25,destino,BERTÓPOLIS,8.0,,prata
2026-06-25,destino,BOTELHOS,6.0,,prata
2026-06-25,destino,BRASÍLIA,2.0,,outras
2026-06-25,destino,BRASÍLIA,43.9,,prata
2026-06-25,destino,CACHOEIRA PAULISTA,0.6,,nanica
2026-06-25,destino,CACHOEIRA PAULISTA,0.8,,prata
2026-06-25,destino,CAMPINAS,125.654,,nanica
2026-06-25,destino,CAMPINAS,1.5,,outras
2026-06-25,destino,CAMPINAS,49.45,,prata
2026-06-25,destino,CAMPO GRANDE,81.16,,nanica
2026-06-25,destino,CAMPO GRANDE,3.9,,prata
2026-06-25,destino,CARATINGA,4.0,,nanica
2026-06-25,destino,CARATINGA,12.0,,outras
2026-06-25,destino,CARATINGA,3.0,,prata
2026-06-25,destino,CARIACICA,6.0,,prata
2026-06-25,destino,CATALÃO,0.113,,nanica
2026-06-25,destino,CATALÃO,0.264,,outras
2026-06-25,destino,CATALÃO,0.4,,prata
2026-06-25,destino,CONCEIÇÃO DAS PEDRAS,6.9,,prata
2026-06-25,destino,CONGONHAL,15.0,,nanica
2026-06-25,destino,CONSELHEIRO LAFAIETE,1.0,,nanica
2026-06-25,destino,CONSELHEIRO LAFAIETE,4.0,,prata
2026-06-25,destino,CONTAGEM,300.905,,nanica
2026-06-25,destino,CONTAGEM,13.575,,outras
2026-06-25,destino,CONTAGEM,277.705,,prata
2026-06-25,destino,CUMARI,0.072,,outras
2026-06-25,destino,CURVELO,60.0,,nanica
2026-06-25,destino,CURVELO,60.0,,prata
2026-06-25,destino,DIVINÓPOLIS,20.25,,prata
2026-06-25,destino,DOURADOS,23.52,,nanica
2026-06-25,destino,DUQUE DE CAXIAS,12.0,,prata
2026-06-25,destino,FELIXLÂNDIA,0.6,,nanica
2026-06-25,destino,FELIXLÂNDIA,2.4,,prata
2026-06-25,destino,FOZ DO IGUAÇU,11.476,,prata
2026-06-25,destino,FRANCA,22.0,,nanica
2026-06-25,destino,FRANCA,15.21,,prata
2026-06-25,destino,GOIÂNIA,3.0,,outras
2026-06-25,destino,GOVERNADOR VALADARES,6.0,,nanica
2026-06-25,destino,GOVERNADOR VALADARES,3.0,,outras
2026-06-25,destino,GOVERNADOR VALADARES,6.0,,prata
2026-06-25,destino,GUARATINGUETÁ,1.75,,prata
2026-06-25,destino,GUARULHOS,13.5,,nanica
2026-06-25,destino,GUARULHOS,13.84,,prata
2026-06-25,destino,JANAÚBA,74.62,,nanica
2026-06-25,destino,JANAÚBA,10.0,,prata
2026-06-25,destino,JESUÂNIA,6.96,,prata
2026-06-25,destino,JUIZ DE FORA,1.2,,nanica
2026-06-25,destino,JUIZ DE FORA,27.52,,prata
2026-06-25,destino,JUNDIAÍ,35.9,,prata
2026-06-25,destino,LIMEIRA,8.064,,prata
2026-06-25,destino,LORENA,0.6,,nanica
2026-06-25,destino,LORENA,0.8,,prata
2026-06-25,destino,MINEIROS DO TIETÊ,12.12,,prata
2026-06-25,destino,MIRACATU,28.8,,nanica
2026-06-25,destino,MIRACATU,25.6,,prata
2026-06-25,destino,MIRADOURO,0.5,,nanica
2026-06-25,destino,MIRADOURO,7.0,,prata
2026-06-25,destino,MONTES CLAROS,6.0,,nanica
2026-06-25,destino,MONTES CLAROS,19.31,,prata
2026-06-25,destino,NITERÓI,35.0,,prata
2026-06-25,destino,NOVA PORTEIRINHA,10.0,,prata
2026-06-25,destino,NOVA UNIÃO,12.75,,prata
2026-06-25,destino,OSASCO,15.42,,nanica
2026-06-25,destino,OSASCO,1.04,,outras
2026-06-25,destino,OSASCO,25.01,,prata
2026-06-25,destino,PARAIBUNA,27.4,,nanica
2026-06-25,destino,PARAOPEBA,15.0,,nanica
2026-06-25,destino,PATOS DE MINAS,7.0,,nanica
2026-06-25,destino,PEDRALVA,15.0,,nanica
2026-06-25,destino,PEDRALVA,7.0,,prata
2026-06-25,destino,PETRÓPOLIS,7.5,,prata
2026-06-25,destino,PINDAMONHANGABA,1.0,,nanica
2026-06-25,destino,PINDAMONHANGABA,1.0,,prata
2026-06-25,destino,POTIM,2.0,,nanica
2026-06-25,destino,POÇOS DE CALDAS,9.0,,prata
2026-06-25,destino,QUIRINÓPOLIS,0.56,,nanica
2026-06-25,destino,QUIRINÓPOLIS,0.96,,prata
2026-06-25,destino,RIBEIRÃO DAS NEVES,10.8,,nanica
2026-06-25,destino,RIBEIRÃO DAS NEVES,21.6,,prata
2026-06-25,destino,RIBEIRÃO PRETO,56.04,,nanica
2026-06-25,destino,RIBEIRÃO PRETO,10.08,,prata
2026-06-25,destino,RIO DE JANEIRO,73.992,,nanica
2026-06-25,destino,RIO DE JANEIRO,19.0,,outras
2026-06-25,destino,RIO DE JANEIRO,194.55,,prata
2026-06-25,destino,SANTA BÁRBARA D'OESTE,3.75,,nanica
2026-06-25,destino,SANTA BÁRBARA DO TUGÚRIO,5.0,,prata
2026-06-25,destino,SANTO ANTÔNIO DO JARDIM,15.6,,nanica
2026-06-25,destino,SEROPÉDICA,14.16,,prata
2026-06-25,destino,SILVIANÓPOLIS,4.64,,prata
2026-06-25,destino,SÃO BENTO DO SAPUCAÍ,4.62,,prata
2026-06-25,destino,SÃO BERNARDO DO CAMPO,23.1,,nanica
2026-06-25,destino,SÃO BERNARDO DO CAMPO,27.75,,prata
2026-06-25,destino,SÃO FRANCISCO,7.5,,prata
2026-06-25,destino,SÃO GONÇALO,15.0,,prata
2026-06-25,destino,SÃO JOSÉ DO RIO PRETO,53.592,,nanica
2026-06-25,destino,SÃO JOSÉ DOS CAMPOS,5.0,,nanica
2026-06-25,destino,SÃO JOSÉ DOS CAMPOS,19.1,,prata
2026-06-25,destino,SÃO PAULO,101.94,,nanica
2026-06-25,destino,SÃO PAULO,102.07,,prata
2026-06-25,destino,TABOÃO DA SERRA,15.0,,nanica
2026-06-25,destino,TABOÃO DA SERRA,15.0,,prata
2026-06-25,destino,TAUBATÉ,16.55,,nanica
2026-06-25,destino,TAUBATÉ,1.25,,prata
2026-06-25,destino,TRÊS RIOS,1.245,,nanica
2026-06-25,destino,TRÊS RIOS,0.105,,outras
2026-06-25,destino,TRÊS RIOS,1.155,,prata
2026-06-25,destino,UBERLÂNDIA,4.0,,nanica
2026-06-25,destino,UBERLÂNDIA,56.28,,prata
2026-06-25,destino,VALENÇA,0.06,,outras
2026-06-25,destino,VOLTA REDONDA,3.0,,nanica
2026-06-25,destino,VOLTA REDONDA,5.4,,prata
2026-06-25,destino,VOTORANTIM,10.24,,prata
2026-06-25,destino,VÁRZEA PAULISTA,34.5,,nanica
2026-06-25,destino,VÁRZEA PAULISTA,17.0,,prata
2026-06-25,origem,ANDRADAS,9.0,,prata
2026-06-25,origem,ARAÇUAÍ,80.14,,prata
2026-06-25,origem,BRAZÓPOLIS,22.85,,nanica
2026-06-25,origem,BRAZÓPOLIS,13.6,,prata
2026-06-25,origem,CAMPINA VERDE,3.15,,outras
2026-06-25,origem,CAPITÃO ENÉAS,6.0,,nanica
2026-06-25,origem,CAPITÃO ENÉAS,17.24,,prata
2026-06-25,origem,CENTRALINA,5.75,,outras
2026-06-25,origem,CLARO DOS POÇÕES,19.0,,outras
2026-06-25,origem,CONCEIÇÃO DAS PEDRAS,5.0,,prata
2026-06-25,origem,CONTAGEM,152.355,,nanica
2026-06-25,origem,CONTAGEM,8.175,,outras
2026-06-25,origem,CONTAGEM,147.405,,prata
2026-06-25,origem,CURVELO,75.6,,nanica
2026-06-25,origem,CURVELO,62.4,,prata
2026-06-25,origem,CÁSSIA,32.92,,prata
2026-06-25,origem,DELFINÓPOLIS,3.0,,nanica
2026-06-25,origem,DELFINÓPOLIS,251.454,,prata
2026-06-25,origem,DESTERRO DO MELO,1.0,,nanica
2026-06-25,origem,DESTERRO DO MELO,4.0,,prata
2026-06-25,origem,GONÇALVES,7.0,,prata
2026-06-25,origem,GOVERNADOR VALADARES,0.5,,nanica
2026-06-25,origem,GOVERNADOR VALADARES,7.0,,prata
2026-06-25,origem,IMBÉ DE MINAS,4.0,,nanica
2026-06-25,origem,IMBÉ DE MINAS,8.0,,outras
2026-06-25,origem,INHAPIM,6.0,,nanica
2026-06-25,origem,INHAPIM,3.0,,outras
2026-06-25,origem,INHAPIM,6.0,,prata
2026-06-25,origem,INIMUTABA,40.0,,nanica
2026-06-25,origem,INIMUTABA,20.0,,prata
2026-06-25,origem,ITACARAMBI,68.0,,nanica
2026-06-25,origem,ITAOBIM,16.5,,prata
2026-06-25,origem,JANAÚBA,127.7,,prata
2026-06-25,origem,JAÍBA,711.093,,nanica
2026-06-25,origem,JAÍBA,6.185,,outras
2026-06-25,origem,JAÍBA,96.405,,prata
2026-06-25,origem,JEQUITINHONHA,50.6,,prata
2026-06-25,origem,JUIZ DE FORA,0.12,,outras
2026-06-25,origem,LASSANCE,13.08,,nanica
2026-06-25,origem,LASSANCE,49.8,,prata
2026-06-25,origem,MANGA,23.52,,nanica
2026-06-25,origem,MANHUAÇU,4.0,,outras
2026-06-25,origem,MANHUAÇU,3.0,,prata
2026-06-25,origem,MARILAC,21.0,,prata
2026-06-25,origem,MATIAS CARDOSO,19.48,,nanica
2026-06-25,origem,MATIAS CARDOSO,7.2,,prata
2026-06-25,origem,MONTES CLAROS,6.0,,nanica
2026-06-25,origem,MONTES CLAROS,68.38,,prata
2026-06-25,origem,NATÉRCIA,6.9,,prata
2026-06-25,origem,NOVA PORTEIRINHA,96.63,,prata
2026-06-25,origem,NOVA UNIÃO,15.0,,nanica
2026-06-25,origem,PARAOPEBA,15.0,,nanica
2026-06-25,origem,PAULISTAS,0.8,,nanica
2026-06-25,origem,PAULISTAS,14.8,,prata
2026-06-25,origem,PEDRALVA,30.0,,nanica
2026-06-25,origem,PEDRALVA,14.0,,prata
2026-06-25,origem,PIAU,1.5,,prata
2026-06-25,origem,PIRANGUINHO,15.0,,nanica
2026-06-25,origem,PIRAPORA,58.17,,prata
2026-06-25,origem,SÃO FRANCISCO,25.0,,prata
2026-06-25,origem,SÃO JOÃO DA PONTE,15.0,,prata
2026-06-25,origem,TOCANTINS,1.2,,nanica
2026-06-25,origem,TOCANTINS,1.4,,prata
2026-06-25,origem,UBERLÂNDIA,0.673,,nanica
2026-06-25,origem,UBERLÂNDIA,0.336,,outras
2026-06-25,origem,UBERLÂNDIA,16.36,,prata
2026-06-25,origem,VERDELÂNDIA,37.11,,nanica
2026-06-25,origem,VERDELÂNDIA,28.08,,prata
2026-06-26,destino,BAURU,7.56,,prata
2026-06-26,destino,BRASÍLIA,8.0,,nanica
2026-06-26,destino,BRASÍLIA,32.9,,prata
2026-06-26,destino,BRAZÓPOLIS,23.6,,prata
2026-06-26,destino,CAMPINAS,123.88,,nanica
2026-06-26,destino,CAMPINAS,5.58,,outras
2026-06-26,destino,CAMPINAS,85.31,,prata
2026-06-26,destino,CAMPO GRANDE,48.44,,nanica
2026-06-26,destino,CARIACICA,10.92,,prata
2026-06-26,destino,CASSILÂNDIA,1.92,,nanica
2026-06-26,destino,CASSILÂNDIA,0.2,,outras
2026-06-26,destino,CASSILÂNDIA,0.36,,prata
2026-06-26,destino,CATALÃO,0.112,,nanica
2026-06-26,destino,CATALÃO,0.292,,outras
2026-06-26,destino,CATALÃO,0.128,,prata
2026-06-26,destino,CHAPADÃO DO CÉU,0.018,,outras
2026-06-26,destino,CHAPADÃO DO SUL,0.054,,outras
2026-06-26,destino,CHAPADÃO DO SUL,0.19,,prata
2026-06-26,destino,CONGONHAL,10.0,,nanica
2026-06-26,destino,CONTAGEM,203.7,,nanica
2026-06-26,destino,CONTAGEM,11.55,,outras
2026-06-26,destino,CONTAGEM,217.6,,prata
2026-06-26,destino,CORDISBURGO,12.0,,nanica
2026-06-26,destino,CORDISBURGO,3.0,,prata
2026-06-26,destino,COSTA RICA,0.057,,nanica
2026-06-26,destino,CURVELO,16.25,,nanica
2026-06-26,destino,CURVELO,2.65,,prata
2026-06-26,destino,DIADEMA,13.5,,prata
2026-06-26,destino,FRANCA,14.0,,nanica
2026-06-26,destino,GLÓRIA D'OESTE,12.688,,nanica
2026-06-26,destino,GOIÂNIA,1.5,,outras
2026-06-26,destino,GOVERNADOR VALADARES,15.0,,outras
2026-06-26,destino,GOVERNADOR VALADARES,5.0,,prata
2026-06-26,destino,GUARULHOS,46.5,,prata
2026-06-26,destino,INOCÊNCIA,0.095,,nanica
2026-06-26,destino,INOCÊNCIA,0.036,,outras
2026-06-26,destino,INOCÊNCIA,0.038,,prata
2026-06-26,destino,IPAMERI,0.064,,nanica
2026-06-26,destino,IPAMERI,0.216,,outras
2026-06-26,destino,IPAMERI,0.064,,prata
2026-06-26,destino,ITAJUBÁ,9.0,,prata
2026-06-26,destino,ITAPERUNA,0.5,,nanica
2026-06-26,destino,ITAPERUNA,0.5,,prata
2026-06-26,destino,ITARIRI,33.96,,nanica
2026-06-26,destino,ITARIRI,19.566,,prata
2026-06-26,destino,ITUMBIARA,1.159,,nanica
2026-06-26,destino,ITUMBIARA,0.519,,outras
2026-06-26,destino,ITUMBIARA,0.584,,prata
2026-06-26,destino,JANAÚBA,20.835,,nanica
2026-06-26,destino,JANAÚBA,10.0,,prata
2026-06-26,destino,JARDINÓPOLIS,16.0,,nanica
2026-06-26,destino,JOÃO MONLEVADE,7.5,,nanica
2026-06-26,destino,JOÃO MONLEVADE,7.5,,prata
2026-06-26,destino,JUNDIAÍ,40.0,,prata
2026-06-26,destino,LAGOA DA PRATA,2.5,,prata
2026-06-26,destino,LIMEIRA,11.1,,nanica
2026-06-26,destino,MARINGÁ,22.5,,nanica
2026-06-26,destino,MIRACATU,12.6,,prata
2026-06-26,destino,MONTES CLAROS,3.0,,nanica
2026-06-26,destino,MONTES CLAROS,2.25,,outras
2026-06-26,destino,MONTES CLAROS,21.84,,prata
2026-06-26,destino,NITERÓI,22.0,,prata
2026-06-26,destino,NOVA PORTEIRINHA,4.0,,nanica
2026-06-26,destino,NOVA PORTEIRINHA,22.885,,prata
2026-06-26,destino,NOVA UNIÃO,5.76,,prata
2026-06-26,destino,NOVO HORIZONTE,9.0,,nanica
2026-06-26,destino,OSASCO,34.8,,prata
2026-06-26,destino,PARAIBUNA,26.204,,nanica
2026-06-26,destino,PARANAÍBA,0.038,,nanica
2026-06-26,destino,PATOS DE MINAS,0.95,,nanica
2026-06-26,destino,PATOS DE MINAS,14.7,,prata
2026-06-26,destino,PEDRALVA,34.8,,nanica
2026-06-26,destino,PEDRALVA,11.52,,prata
2026-06-26,destino,PERUÍBE,5.0,,nanica
2026-06-26,destino,PIAU,2.0,,nanica
2026-06-26,destino,PIAU,14.0,,prata
2026-06-26,destino,PIEDADE,10.8,,prata
2026-06-26,destino,PIEDADE DE CARATINGA,12.0,,prata
2026-06-26,destino,PINDAMONHANGABA,3.0,,prata
2026-06-26,destino,PIRANGUÇU,10.0,,nanica
2026-06-26,destino,PIRANGUÇU,8.55,,prata
2026-06-26,destino,PORTO ALEGRE,13.68,,prata
2026-06-26,destino,QUIRINÓPOLIS,0.703,,nanica
2026-06-26,destino,QUIRINÓPOLIS,0.3,,outras
2026-06-26,destino,QUIRINÓPOLIS,0.302,,prata
2026-06-26,destino,REGISTRO,15.0,,nanica
2026-06-26,destino,RIBEIRÃO DAS NEVES,10.8,,nanica
2026-06-26,destino,RIBEIRÃO DAS NEVES,38.8,,prata
2026-06-26,destino,RIBEIRÃO PRETO,67.942,,nanica
2026-06-26,destino,RIBEIRÃO PRETO,11.7,,outras
2026-06-26,destino,RIBEIRÃO PRETO,27.81,,prata
2026-06-26,destino,RIO DE JANEIRO,106.5,,nanica
2026-06-26,destino,RIO DE JANEIRO,3.4,,outras
2026-06-26,destino,RIO DE JANEIRO,445.118,,prata
2026-06-26,destino,RIO VERDE,0.304,,nanica
2026-06-26,destino,RIO VERDE,0.163,,outras
2026-06-26,destino,RIO VERDE,0.142,,prata
2026-06-26,destino,SANTA RITA DO SAPUCAÍ,7.0,,prata
2026-06-26,destino,SANTO ANTÔNIO DO JARDIM,3.545,,prata
2026-06-26,destino,SAPUCAIA DO SUL,10.0,,prata
2026-06-26,destino,SOROCABA,7.52,,nanica
2026-06-26,destino,SOROCABA,15.04,,prata
2026-06-26,destino,SUZANO,11.488,,prata
2026-06-26,destino,SÃO BERNARDO DO CAMPO,52.385,,prata
2026-06-26,destino,SÃO CAETANO DO SUL,13.5,,nanica
2026-06-26,destino,SÃO GONÇALO,20.0,,prata
2026-06-26,destino,SÃO JOSÉ DO RIO PRETO,41.448,,nanica
2026-06-26,destino,SÃO JOSÉ DO RIO PRETO,15.552,,prata
2026-06-26,destino,SÃO JOSÉ DOS CAMPOS,1.8,,prata
2026-06-26,destino,SÃO PAULO,61.5,,nanica
2026-06-26,destino,SÃO PAULO,1.44,,outras
2026-06-26,destino,SÃO PAULO,101.67,,prata
2026-06-26,destino,TAUBATÉ,12.42,,prata
2026-06-26,destino,TRÊS CORAÇÕES,12.15,,nanica
2026-06-26,destino,TRÊS CORAÇÕES,0.5,,outras
2026-06-26,destino,TRÊS CORAÇÕES,19.86,,prata
2026-06-26,destino,TRÊS RIOS,1.215,,nanica
2026-06-26,destino,TRÊS RIOS,0.06,,outras
2026-06-26,destino,TRÊS RIOS,1.32,,prata
2026-06-26,destino,UBERABA,2.82,,prata
2026-06-26,destino,UBERLÂNDIA,3.0,,outras
2026-06-26,destino,UBERLÂNDIA,14.0,,prata
2026-06-26,destino,UNAÍ,0.9,,nanica
2026-06-26,destino,UNAÍ,1.2,,prata
2026-06-26,destino,VALINHOS,6.5,,prata
2026-06-26,destino,VOLTA REDONDA,10.0,,prata
2026-06-26,destino,VÁRZEA PAULISTA,28.535,,nanica
2026-06-26,destino,VÁRZEA PAULISTA,1.5,,prata
2026-06-26,origem,ANDRADAS,6.5,,prata
2026-06-26,origem,ARAÇUAÍ,87.92,,prata
2026-06-26,origem,BOCAIÚVA,16.0,,prata
2026-06-26,origem,BRAZÓPOLIS,10.4,,prata
2026-06-26,origem,BRUMADINHO,15.0,,prata
2026-06-26,origem,CANÁPOLIS,9.0,,outras
2026-06-26,origem,CAPITÃO ENÉAS,32.0,,prata
2026-06-26,origem,CARANGOLA,8.0,,nanica
2026-06-26,origem,CARANGOLA,8.0,,prata
2026-06-26,origem,CENTRALINA,4.5,,outras
2026-06-26,origem,CONTAGEM,20.0,,nanica
2026-06-26,origem,CONTAGEM,10.0,,prata
2026-06-26,origem,CORDISBURGO,12.0,,nanica
2026-06-26,origem,CORDISBURGO,3.0,,prata
2026-06-26,origem,CORINTO,13.5,,nanica
2026-06-26,origem,CORINTO,32.565,,prata
2026-06-26,origem,CURVELO,16.25,,nanica
2026-06-26,origem,CURVELO,2.65,,prata
2026-06-26,origem,CÁSSIA,60.748,,prata
2026-06-26,origem,DELFINÓPOLIS,240.866,,prata
2026-06-26,origem,ESPINOSA,30.0,,prata
2026-06-26,origem,FRANCISCO SÁ,10.8,,nanica
2026-06-26,origem,GONÇALVES,1.8,,prata
2026-06-26,origem,GUARDA-MOR,8.0,,nanica
2026-06-26,origem,GUARDA-MOR,4.0,,prata
2026-06-26,origem,IMBÉ DE MINAS,15.0,,outras
2026-06-26,origem,ITACARAMBI,32.0,,nanica
2026-06-26,origem,ITAOBIM,12.0,,prata
2026-06-26,origem,ITINGA,12.0,,prata
2026-06-26,origem,JACINTO,5.0,,prata
2026-06-26,origem,JANAÚBA,130.12,,prata
2026-06-26,origem,JAÍBA,696.013,,nanica
2026-06-26,origem,JAÍBA,24.3,,outras
2026-06-26,origem,JAÍBA,162.115,,prata
2026-06-26,origem,JEQUITINHONHA,33.0,,prata
2026-06-26,origem,LAGOA DA PRATA,2.5,,prata
2026-06-26,origem,LASSANCE,12.0,,prata
2026-06-26,origem,MANGA,23.0,,nanica
2026-06-26,origem,MATEUS LEME,15.0,,nanica
2026-06-26,origem,MATEUS LEME,15.0,,prata
2026-06-26,origem,MATIAS CARDOSO,20.0,,nanica
2026-06-26,origem,MATIAS CARDOSO,25.0,,prata
2026-06-26,origem,MATOZINHOS,2.0,,nanica
2026-06-26,origem,MATOZINHOS,2.0,,prata
2026-06-26,origem,MONTES CLAROS,55.8,,prata
2026-06-26,origem,NOVA PORTEIRINHA,218.292,,prata
2026-06-26,origem,NOVA UNIÃO,35.25,,nanica
2026-06-26,origem,NOVA UNIÃO,24.25,,prata
2026-06-26,origem,PEDRALVA,74.812,,nanica
2026-06-26,origem,PEDRALVA,2.0,,prata
2026-06-26,origem,PEDRAS DE MARIA DA CRUZ,27.5,,prata
2026-06-26,origem,PIAU,2.68,,outras
2026-06-26,origem,PIRANGUÇU,6.192,,nanica
2026-06-26,origem,PIRAPORA,0.95,,nanica
2026-06-26,origem,PIRAPORA,73.87,,prata
2026-06-26,origem,PORTEIRINHA,20.072,,prata
2026-06-26,origem,SANTO HIPÓLITO,12.0,,prata
2026-06-26,origem,SÃO FRANCISCO,0.9,,nanica
2026-06-26,origem,SÃO FRANCISCO,55.88,,prata
2026-06-26,origem,SÃO JOÃO DA PONTE,19.0,,prata
2026-06-26,origem,TAQUARAÇU DE MINAS,9.0,,nanica
2026-06-26,origem,TRÊS CORAÇÕES,12.15,,nanica
2026-06-26,origem,TRÊS CORAÇÕES,0.5,,outras
2026-06-26,origem,TRÊS CORAÇÕES,19.86,,prata
2026-06-26,origem,UBERLÂNDIA,4.452,,nanica
2026-06-26,origem,UBERLÂNDIA,1.798,,outras
2026-06-26,origem,UBERLÂNDIA,1.808,,prata
2026-06-26,origem,VERDELÂNDIA,7.5,,nanica
2026-06-26,origem,VERDELÂNDIA,64.861,,prata
2026-06-27,destino,BRASÍLIA,15.0,,prata
2026-06-27,destino,BRAZÓPOLIS,11.28,,prata
2026-06-27,destino,CHAPADÃO DO CÉU,0.04,,nanica
2026-06-27,destino,CHAPADÃO DO CÉU,0.036,,prata
2026-06-27,destino,CHAPADÃO DO SUL,0.04,,nanica
2026-06-27,destino,CHAPADÃO DO SUL,0.02,,outras
2026-06-27,destino,CHAPADÃO DO SUL,0.108,,prata
2026-06-27,destino,CONTAGEM,20.0,,nanica
2026-06-27,destino,CONTAGEM,4.5,,outras
2026-06-27,destino,CONTAGEM,54.3,,prata
2026-06-27,destino,INOCÊNCIA,0.96,,nanica
2026-06-27,destino,INOCÊNCIA,0.094,,outras
2026-06-27,destino,INOCÊNCIA,0.252,,prata
2026-06-27,destino,ITAÚNA,2.4,,prata
2026-06-27,destino,JANAÚBA,13.44,,nanica
2026-06-27,destino,MONTES CLAROS,10.68,,nanica
2026-06-27,destino,MONTES CLAROS,6.0,,prata
2026-06-27,destino,NITERÓI,15.0,,nanica
2026-06-27,destino,PARANAÍBA,0.04,,outras
2026-06-27,destino,PARANAÍBA,0.018,,prata
2026-06-27,destino,PARAÍSO DAS ÁGUAS,0.038,,outras
2026-06-27,destino,PARAÍSO DAS ÁGUAS,0.018,,prata
2026-06-27,destino,PIRACICABA,11.0,,prata
2026-06-27,destino,RIBEIRÃO DAS NEVES,12.0,,prata
2026-06-27,destino,RIO DE JANEIRO,81.0,,prata
2026-06-27,destino,SETE BARRAS,6.0,,prata
2026-06-27,destino,SÃO BERNARDO DO CAMPO,21.0,,nanica
2026-06-27,destino,SÃO JOSÉ DO RIO PRETO,0.03,,nanica
2026-06-27,destino,SÃO JOSÉ DO RIO PRETO,0.015,,outras
2026-06-27,destino,SÃO JOSÉ DO RIO PRETO,1.71,,prata
2026-06-27,destino,SÃO PAULO,16.5,,nanica
2026-06-27,destino,TRÊS RIOS,0.99,,nanica
2026-06-27,destino,TRÊS RIOS,0.075,,outras
2026-06-27,destino,TRÊS RIOS,4.5,,prata
2026-06-27,destino,UBERLÂNDIA,13.8,,prata
2026-06-27,destino,VOLTA REDONDA,12.8,,prata
2026-06-27,destino,VÁRZEA PAULISTA,10.05,,nanica
2026-06-27,origem,BURITIZEIRO,6.0,,prata
2026-06-27,origem,CAPITÃO ENÉAS,13.44,,nanica
2026-06-27,origem,CÁSSIA,11.28,,prata
2026-06-27,origem,FRANCISCO SÁ,10.8,,prata
2026-06-27,origem,JANAÚBA,23.0,,prata
2026-06-27,origem,JAÍBA,77.75,,nanica
2026-06-27,origem,JAÍBA,4.59,,outras
2026-06-27,origem,JAÍBA,66.71,,prata
2026-06-27,origem,LASSANCE,16.5,,nanica
2026-06-27,origem,LASSANCE,55.8,,prata
2026-06-27,origem,MONTES CLAROS,10.0,,prata
2026-06-27,origem,NOVA PORTEIRINHA,10.0,,prata
2026-06-27,origem,PIRAPORA,38.2,,prata
2026-06-27,origem,UBERLÂNDIA,1.04,,nanica
2026-06-27,origem,UBERLÂNDIA,0.192,,outras
2026-06-27,origem,UBERLÂNDIA,0.432,,prata
2026-06-29,destino,BAURU,7.56,,prata
2026-06-29,destino,BRAZÓPOLIS,12.04,,prata
2026-06-29,destino,CAMPINAS,120.847,,nanica
2026-06-29,destino,CAMPINAS,1.5,,outras
2026-06-29,destino,CAMPINAS,50.39,,prata
2026-06-29,destino,CAMPO GRANDE,66.3,,nanica
2026-06-29,destino,CAMPO GRANDE,3.0,,prata
2026-06-29,destino,CARATINGA,5.0,,nanica
2026-06-29,destino,CARATINGA,7.0,,prata
2026-06-29,destino,CATALÃO,0.113,,nanica
2026-06-29,destino,CATALÃO,0.248,,outras
2026-06-29,destino,CATALÃO,0.398,,prata
2026-06-29,destino,CONTAGEM,159.2,,nanica
2026-06-29,destino,CONTAGEM,3.57,,outras
2026-06-29,destino,CONTAGEM,244.005,,prata
2026-06-29,destino,COSMÓPOLIS,13.5,,nanica
2026-06-29,destino,CUIABÁ,19.24,,nanica
2026-06-29,destino,CUIABÁ,7.056,,prata
2026-06-29,destino,CUMARI,0.054,,outras
2026-06-29,destino,EXTREMA,11.1,,nanica
2026-06-29,destino,EXTREMA,9.0,,prata
2026-06-29,destino,GUARULHOS,13.5,,prata
2026-06-29,destino,ITAJUBÁ,10.0,,nanica
2026-06-29,destino,ITARIRI,12.0,,nanica
2026-06-29,destino,ITARIRI,19.5,,prata
2026-06-29,destino,JANAÚBA,58.68,,nanica
2026-06-29,destino,JANAÚBA,48.4,,prata
2026-06-29,destino,JORDÂNIA,0.6,,prata
2026-06-29,destino,JUNDIAÍ,12.6,,prata
2026-06-29,destino,LOUVEIRA,13.44,,nanica
2026-06-29,destino,MARINGÁ,22.6,,nanica
2026-06-29,destino,MIRACATU,19.7,,nanica
2026-06-29,destino,MONTES CLAROS,47.75,,prata
2026-06-29,destino,NITERÓI,12.0,,prata
2026-06-29,destino,NOVA UNIÃO,9.75,,prata
2026-06-29,destino,OSASCO,26.425,,nanica
2026-06-29,destino,OSASCO,1.35,,outras
2026-06-29,destino,OSASCO,2.15,,prata
2026-06-29,destino,PARAOPEBA,15.0,,nanica
2026-06-29,destino,PEDRA AZUL,2.4,,prata
2026-06-29,destino,PEDRALVA,25.0,,nanica
2026-06-29,destino,PEDRALVA,11.52,,prata
2026-06-29,destino,PIAU,6.5,,nanica
2026-06-29,destino,PIAU,1.5,,prata
2026-06-29,destino,POUSO ALEGRE,3.33,,nanica
2026-06-29,destino,POUSO ALEGRE,0.66,,outras
2026-06-29,destino,POUSO ALEGRE,10.32,,prata
2026-06-29,destino,QUIRINÓPOLIS,0.96,,nanica
2026-06-29,destino,QUIRINÓPOLIS,1.2,,prata
2026-06-29,destino,RESENDE,0.6,,nanica
2026-06-29,destino,RIBEIRÃO DAS NEVES,12.35,,nanica
2026-06-29,destino,RIBEIRÃO DAS NEVES,0.18,,outras
2026-06-29,destino,RIBEIRÃO DAS NEVES,24.15,,prata
2026-06-29,destino,RIBEIRÃO PRETO,90.41,,nanica
2026-06-29,destino,RIO DE JANEIRO,86.42,,nanica
2026-06-29,destino,RIO DE JANEIRO,345.844,,prata
2026-06-29,destino,SEROPÉDICA,12.0,,prata
2026-06-29,destino,SUMARÉ,27.6,,prata
2026-06-29,destino,SÃO BERNARDO DO CAMPO,22.01,,prata
2026-06-29,destino,SÃO GONÇALO,7.0,,prata
2026-06-29,destino,SÃO JOSÉ DO RIO PRETO,24.0,,nanica
2026-06-29,destino,SÃO JOSÉ DO RIO PRETO,8.4,,prata
2026-06-29,destino,SÃO PAULO,49.0,,nanica
2026-06-29,destino,SÃO PAULO,0.72,,outras
2026-06-29,destino,SÃO PAULO,111.71,,prata
2026-06-29,destino,TABOÃO DA SERRA,12.0,,prata
2026-06-29,destino,TRÊS RIOS,0.93,,nanica
2026-06-29,destino,TRÊS RIOS,0.08,,outras
2026-06-29,destino,TRÊS RIOS,3.795,,prata
2026-06-29,destino,UBERLÂNDIA,6.75,,nanica
2026-06-29,destino,UBERLÂNDIA,52.2,,prata
2026-06-29,destino,VITÓRIA DA CONQUISTA,1.02,,nanica
2026-06-29,destino,VIÇOSA,14.0,,prata
2026-06-29,destino,VOLTA REDONDA,3.8,,nanica
2026-06-29,destino,VOLTA REDONDA,0.6,,outras
2026-06-29,destino,VOLTA REDONDA,1.0,,prata
2026-06-29,destino,VÁRZEA PAULISTA,22.5,,nanica
2026-06-29,destino,VÁRZEA PAULISTA,16.5,,prata
2026-06-29,origem,ANDRADAS,7.6,,prata
2026-06-29,origem,ARAÇUAÍ,49.9,,prata
2026-06-29,origem,CAMPINA VERDE,3.57,,outras
2026-06-29,origem,CAPITÃO ENÉAS,52.0,,prata
2026-06-29,origem,CARATINGA,5.0,,nanica
2026-06-29,origem,CARATINGA,4.0,,prata
2026-06-29,origem,CONTAGEM,32.0,,nanica
2026-06-29,origem,CONTAGEM,24.0,,prata
2026-06-29,origem,CRISTINA,4.4,,nanica
2026-06-29,origem,CRISTINA,0.6,,outras
2026-06-29,origem,CRISTINA,1.0,,prata
2026-06-29,origem,CURVELO,15.0,,nanica
2026-06-29,origem,DELFINÓPOLIS,121.53,,prata
2026-06-29,origem,ENTRE FOLHAS,3.0,,prata
2026-06-29,origem,ESPINOSA,30.0,,prata
2026-06-29,origem,ITACARAMBI,95.695,,nanica
2026-06-29,origem,ITACARAMBI,1.53,,outras
2026-06-29,origem,ITACARAMBI,14.351,,prata
2026-06-29,origem,ITAJUBÁ,11.1,,nanica
2026-06-29,origem,ITAJUBÁ,9.0,,prata
2026-06-29,origem,JANAÚBA,23.0,,nanica
2026-06-29,origem,JANAÚBA,163.424,,prata
2026-06-29,origem,JAÍBA,609.427,,nanica
2026-06-29,origem,JAÍBA,1.5,,outras
2026-06-29,origem,JAÍBA,113.865,,prata
2026-06-29,origem,JEQUITINHONHA,34.8,,prata
2026-06-29,origem,JUIZ DE FORA,0.08,,outras
2026-06-29,origem,LASSANCE,73.0,,prata
2026-06-29,origem,MARILAC,15.0,,prata
2026-06-29,origem,MATIAS CARDOSO,31.44,,nanica
2026-06-29,origem,MATIAS CARDOSO,35.0,,prata
2026-06-29,origem,MONTES CLAROS,86.64,,prata
2026-06-29,origem,NOVA PORTEIRINHA,18.0,,nanica
2026-06-29,origem,NOVA PORTEIRINHA,87.0,,prata
2026-06-29,origem,PARAOPEBA,15.0,,nanica
2026-06-29,origem,PEDRALVA,35.0,,nanica
2026-06-29,origem,PEDRAS DE MARIA DA CRUZ,18.0,,prata
2026-06-29,origem,PIAU,6.5,,nanica
2026-06-29,origem,PIAU,1.5,,prata
2026-06-29,origem,PIRAPORA,0.75,,nanica
2026-06-29,origem,PIRAPORA,64.74,,prata
2026-06-29,origem,PORTEIRINHA,17.6,,prata
2026-06-29,origem,POUSO ALEGRE,3.33,,nanica
2026-06-29,origem,POUSO ALEGRE,0.66,,outras
2026-06-29,origem,POUSO ALEGRE,10.32,,prata
2026-06-29,origem,RIBEIRÃO DAS NEVES,28.0,,prata
2026-06-29,origem,SÃO FRANCISCO,17.0,,prata
2026-06-29,origem,SÃO JOÃO DA PONTE,10.0,,prata
2026-06-29,origem,TEIXEIRAS,14.0,,prata
2026-06-29,origem,UBERLÂNDIA,1.073,,nanica
2026-06-29,origem,UBERLÂNDIA,0.302,,outras
2026-06-29,origem,UBERLÂNDIA,39.598,,prata
2026-06-29,origem,VERDELÂNDIA,0.72,,outras
2026-06-29,origem,VERDELÂNDIA,45.98,,prata
2026-06-30,destino,AMERICANA,23.1,,nanica
2026-06-30,destino,ANDRADAS,15.0,,prata
2026-06-30,destino,ARAÇATUBA,24.0,,nanica
2026-06-30,destino,ARAÇATUBA,6.75,,prata
2026-06-30,destino,AREALVA,18.12,,nanica
2026-06-30,destino,BARBACENA,4.0,,nanica
2026-06-30,destino,BARBACENA,7.5,,prata
2026-06-30,destino,BARUERI,9.0,,nanica
2026-06-30,destino,BARUERI,3.0,,prata
2026-06-30,destino,BRASÍLIA,3.0,,nanica
2026-06-30,destino,BRASÍLIA,0.3,,outras
2026-06-30,destino,BRASÍLIA,87.86,,prata
2026-06-30,destino,BRAZÓPOLIS,92.0,,prata
2026-06-30,destino,CAMPINAS,49.972,,nanica
2026-06-30,destino,CAMPINAS,2.88,,outras
2026-06-30,destino,CAMPINAS,47.46,,prata
2026-06-30,destino,CAMPO GRANDE,22.0,,nanica
2026-06-30,destino,CONTAGEM,161.375,,nanica
2026-06-30,destino,CONTAGEM,8.715,,outras
2026-06-30,destino,CONTAGEM,250.62,,prata
2026-06-30,destino,DIADEMA,13.5,,prata
2026-06-30,destino,DIVINÓPOLIS,9.0,,prata
2026-06-30,destino,DOM VIÇOSO,10.0,,prata
2026-06-30,destino,DOURADOS,17.0,,nanica
2026-06-30,destino,GUARULHOS,13.5,,nanica
2026-06-30,destino,ITAGUAÇU,8.0,,prata
2026-06-30,destino,ITAPERUNA,1.0,,nanica
2026-06-30,destino,ITARIRI,36.3,,nanica
2026-06-30,destino,JACAREÍ,0.098,,outras
2026-06-30,destino,JACAREÍ,6.3,,prata
2026-06-30,destino,JALES,14.0,,nanica
2026-06-30,destino,JANAÚBA,14.0,,nanica
2026-06-30,destino,JUNDIAÍ,34.8,,nanica
2026-06-30,destino,JUNDIAÍ,47.9,,prata
2026-06-30,destino,MARIA DA FÉ,7.72,,prata
2026-06-30,destino,MONTES CLAROS,13.29,,nanica
2026-06-30,destino,MONTES CLAROS,8.1,,prata
2026-06-30,destino,NOVA PORTEIRINHA,12.0,,prata
2026-06-30,destino,NOVO HAMBURGO,2.2,,nanica
2026-06-30,destino,NOVO HAMBURGO,1.1,,prata
2026-06-30,destino,OSASCO,30.9,,nanica
2026-06-30,destino,OSASCO,38.44,,prata
2026-06-30,destino,PARAIBUNA,13.6,,nanica
2026-06-30,destino,PARAOPEBA,15.0,,nanica
2026-06-30,destino,PATOS DE MINAS,2.8,,outras
2026-06-30,destino,PEDRALVA,12.0,,nanica
2026-06-30,destino,PIAU,36.0,,nanica
2026-06-30,destino,PIAU,5.12,,prata
2026-06-30,destino,PIRAPORA,3.0,,outras
2026-06-30,destino,PIRAPORA,12.0,,prata
2026-06-30,destino,POÇOS DE CALDAS,4.8,,prata
2026-06-30,destino,RIBEIRÃO DAS NEVES,5.4,,nanica
2026-06-30,destino,RIBEIRÃO DAS NEVES,10.8,,prata
2026-06-30,destino,RIBEIRÃO PRETO,67.17,,nanica
2026-06-30,destino,RIBEIRÃO PRETO,20.79,,prata
2026-06-30,destino,RIO BONITO,6.0,,nanica
2026-06-30,destino,RIO BONITO,6.0,,prata
2026-06-30,destino,RIO DE JANEIRO,50.2,,nanica
2026-06-30,destino,RIO DE JANEIRO,4.0,,outras
2026-06-30,destino,RIO DE JANEIRO,270.409,,prata
2026-06-30,destino,SANTO ANTÔNIO DO JARDIM,15.6,,nanica
2026-06-30,destino,SANTO ANTÔNIO DO JARDIM,3.75,,prata
2026-06-30,destino,SUZANO,11.52,,prata
2026-06-30,destino,SÃO BERNARDO DO CAMPO,34.185,,prata
2026-06-30,destino,SÃO GONÇALO,18.4,,prata
2026-06-30,destino,SÃO JOSÉ DO RIO PRETO,12.0,,nanica
2026-06-30,destino,SÃO PAULO,49.98,,nanica
2026-06-30,destino,SÃO PAULO,55.105,,prata
2026-06-30,destino,TABOÃO DA SERRA,1.5,,outras
2026-06-30,destino,TABOÃO DA SERRA,13.5,,prata
2026-06-30,destino,TAUBATÉ,5.5,,nanica
2026-06-30,destino,TRÊS CORAÇÕES,14.0,,nanica
2026-06-30,destino,TRÊS CORAÇÕES,1.0,,prata
2026-06-30,destino,TRÊS RIOS,0.915,,nanica
2026-06-30,destino,TRÊS RIOS,0.015,,outras
2026-06-30,destino,TRÊS RIOS,2.94,,prata
2026-06-30,destino,UNAÍ,0.9,,nanica
2026-06-30,destino,UNAÍ,1.05,,prata
2026-06-30,destino,VOLTA REDONDA,3.0,,nanica
2026-06-30,destino,VOLTA REDONDA,6.0,,prata
2026-06-30,destino,VOTORANTIM,11.744,,prata
2026-06-30,destino,VÁRZEA PAULISTA,32.1,,nanica
2026-06-30,origem,ANDRADAS,2.5,,prata
2026-06-30,origem,ARAÇUAÍ,4.0,,nanica
2026-06-30,origem,ARAÇUAÍ,54.74,,prata
2026-06-30,origem,BELO HORIZONTE,21.52,,nanica
2026-06-30,origem,BELO HORIZONTE,3.21,,outras
2026-06-30,origem,BELO HORIZONTE,34.65,,prata
2026-06-30,origem,BRAZÓPOLIS,90.0,,prata
2026-06-30,origem,CAPITÃO ENÉAS,6.0,,nanica
2026-06-30,origem,CAPITÃO ENÉAS,39.1,,prata
2026-06-30,origem,CARANGOLA,1.0,,nanica
2026-06-30,origem,CLARO DOS POÇÕES,19.0,,prata
2026-06-30,origem,CONGONHAL,13.6,,nanica
2026-06-30,origem,CONTAGEM,78.855,,nanica
2026-06-30,origem,CONTAGEM,5.505,,outras
2026-06-30,origem,CONTAGEM,55.67,,prata
2026-06-30,origem,CORINTO,6.48,,nanica
2026-06-30,origem,CORINTO,6.48,,prata
2026-06-30,origem,CÁSSIA,3.75,,prata
2026-06-30,origem,DELFINÓPOLIS,5.2,,nanica
2026-06-30,origem,DELFINÓPOLIS,0.098,,outras
2026-06-30,origem,DELFINÓPOLIS,179.659,,prata
2026-06-30,origem,DOM VIÇOSO,10.0,,prata
2026-06-30,origem,ESPINOSA,10.0,,prata
2026-06-30,origem,FRANCISCO SÁ,2.7,,nanica
2026-06-30,origem,GONÇALVES,2.0,,prata
2026-06-30,origem,ITACARAMBI,64.805,,nanica
2026-06-30,origem,ITACARAMBI,0.315,,outras
2026-06-30,origem,ITACARAMBI,29.13,,prata
2026-06-30,origem,ITAOBIM,23.0,,prata
2026-06-30,origem,ITINGA,11.0,,prata
2026-06-30,origem,JANAÚBA,12.0,,nanica
2026-06-30,origem,JANAÚBA,73.2,,prata
2026-06-30,origem,JAÍBA,476.362,,nanica
2026-06-30,origem,JAÍBA,4.38,,outras
2026-06-30,origem,JAÍBA,97.73,,prata
2026-06-30,origem,JEQUITINHONHA,36.009,,prata
2026-06-30,origem,LAGOA FORMOSA,2.8,,outras
2026-06-30,origem,LASSANCE,50.7,,prata
2026-06-30,origem,MANGA,23.0,,nanica
2026-06-30,origem,MARILAC,15.0,,prata
2026-06-30,origem,MATIAS CARDOSO,16.8,,nanica
2026-06-30,origem,MONTES CLAROS,19.2,,nanica
2026-06-30,origem,MONTES CLAROS,26.1,,prata
2026-06-30,origem,NOVA PORTEIRINHA,135.885,,prata
2026-06-30,origem,PARAOPEBA,30.0,,nanica
2026-06-30,origem,PAULISTAS,3.0,,nanica
2026-06-30,origem,PAULISTAS,13.5,,prata
2026-06-30,origem,PEDRAS DE MARIA DA CRUZ,16.5,,prata
2026-06-30,origem,PIAU,36.0,,nanica
2026-06-30,origem,PIAU,4.0,,outras
2026-06-30,origem,PIRANGUÇU,5.5,,nanica
2026-06-30,origem,PIRAPORA,3.0,,outras
2026-06-30,origem,PIRAPORA,72.57,,prata
2026-06-30,origem,PONTO DOS VOLANTES,14.46,,prata
2026-06-30,origem,SANTA BÁRBARA DO TUGÚRIO,4.0,,nanica
2026-06-30,origem,SANTA BÁRBARA DO TUGÚRIO,7.5,,prata
2026-06-30,origem,SÃO FRANCISCO,0.9,,nanica
2026-06-30,origem,SÃO FRANCISCO,26.05,,prata
2026-06-30,origem,VERDELÂNDIA,5.48,,prata
2026-07-01,destino,AMERICANA,14.02,,nanica
2026-07-01,destino,ARCOS,9.45,,prata
2026-07-01,destino,BARBACENA,6.0,,nanica
2026-07-01,destino,BARBACENA,4.0,,prata
2026-07-01,destino,BELO HORIZONTE,5.0,,prata
2026-07-01,destino,BRASÍLIA,3.75,,outras
2026-07-01,destino,BRASÍLIA,31.25,,prata
2026-07-01,destino,BRAZÓPOLIS,39.0,,prata
2026-07-01,destino,CAETANÓPOLIS,7.0,,outras
2026-07-01,destino,CAETANÓPOLIS,3.0,,prata
2026-07-01,destino,CAMPINAS,70.994,,nanica
2026-07-01,destino,CAMPINAS,11.34,,prata
2026-07-01,destino,CAMPO GRANDE,54.24,,nanica
2026-07-01,destino,CAMPO GRANDE,13.88,,prata
2026-07-01,destino,CAPELINHA,15.2,,prata
2026-07-01,destino,CATALÃO,0.112,,nanica
2026-07-01,destino,CATALÃO,0.292,,outras
2026-07-01,destino,CATALÃO,0.128,,prata
2026-07-01,destino,CHAPADÃO DO CÉU,0.04,,nanica
2026-07-01,destino,CHAPADÃO DO CÉU,0.036,,prata
2026-07-01,destino,CHAPADÃO DO SUL,0.04,,nanica
2026-07-01,destino,CHAPADÃO DO SUL,0.04,,outras
2026-07-01,destino,CHAPADÃO DO SUL,0.144,,prata
2026-07-01,destino,CONTAGEM,93.0,,nanica
2026-07-01,destino,CONTAGEM,126.175,,prata
2026-07-01,destino,COSMÓPOLIS,4.1,,nanica
2026-07-01,destino,COSMÓPOLIS,3.6,,prata
2026-07-01,destino,CURVELO,2.1,,nanica
2026-07-01,destino,CURVELO,3.095,,prata
2026-07-01,destino,DOURADOS,41.52,,nanica
2026-07-01,destino,DOURADOS,1.0,,prata
2026-07-01,destino,FRANCA,14.0,,nanica
2026-07-01,destino,GOIÂNIA,21.0,,prata
2026-07-01,destino,GUANHÃES,4.0,,nanica
2026-07-01,destino,GUANHÃES,11.0,,prata
2026-07-01,destino,GUARULHOS,23.499,,prata
2026-07-01,destino,INOCÊNCIA,0.749,,nanica
2026-07-01,destino,INOCÊNCIA,0.112,,outras
2026-07-01,destino,INOCÊNCIA,1.055,,prata
2026-07-01,destino,IPAMERI,0.064,,nanica
2026-07-01,destino,IPAMERI,0.216,,outras
2026-07-01,destino,IPAMERI,0.064,,prata
2026-07-01,destino,ITUMBIARA,0.191,,nanica
2026-07-01,destino,ITUMBIARA,0.609,,outras
2026-07-01,destino,ITUMBIARA,0.549,,prata
2026-07-01,destino,JALES,15.12,,nanica
2026-07-01,destino,JANAÚBA,75.495,,nanica
2026-07-01,destino,JANAÚBA,8.0,,prata
2026-07-01,destino,JARDINÓPOLIS,16.0,,nanica
2026-07-01,destino,JAÚ,20.7,,nanica
2026-07-01,destino,JUIZ DE FORA,3.0,,prata
2026-07-01,destino,JUNDIAÍ,16.0,,nanica
2026-07-01,destino,JUNDIAÍ,45.5,,prata
2026-07-01,destino,MARINGÁ,39.9,,nanica
2026-07-01,destino,MINEIROS DO TIETÊ,23.31,,nanica
2026-07-01,destino,MONTES CLAROS,10.0,,nanica
2026-07-01,destino,MONTES CLAROS,62.59,,prata
2026-07-01,destino,NITERÓI,27.0,,prata
2026-07-01,destino,NOVA PORTEIRINHA,6.02,,prata
2026-07-01,destino,NOVA UNIÃO,15.0,,prata
2026-07-01,destino,OSASCO,24.94,,prata
2026-07-01,destino,PARAIBUNA,17.8,,nanica
2026-07-01,destino,PARANAÍBA,0.04,,outras
2026-07-01,destino,PARANAÍBA,0.018,,prata
2026-07-01,destino,PARAÍSO DAS ÁGUAS,0.195,,nanica
2026-07-01,destino,PARAÍSO DAS ÁGUAS,0.077,,outras
2026-07-01,destino,PARAÍSO DAS ÁGUAS,0.018,,prata
2026-07-01,destino,PEDRALVA,15.0,,nanica
2026-07-01,destino,PIAU,60.0,,nanica
2026-07-01,destino,PIAU,30.0,,prata
2026-07-01,destino,PIRACICABA,14.0,,nanica
2026-07-01,destino,POUSO ALEGRE,5.0,,nanica
2026-07-01,destino,QUIRINÓPOLIS,0.27,,nanica
2026-07-01,destino,QUIRINÓPOLIS,0.369,,outras
2026-07-01,destino,QUIRINÓPOLIS,0.402,,prata
2026-07-01,destino,RIBEIRÃO DAS NEVES,3.375,,nanica
2026-07-01,destino,RIBEIRÃO DAS NEVES,6.0,,outras
2026-07-01,destino,RIBEIRÃO DAS NEVES,42.375,,prata
2026-07-01,destino,RIBEIRÃO PRETO,23.296,,nanica
2026-07-01,destino,RIBEIRÃO PRETO,10.08,,prata
2026-07-01,destino,RIO DE JANEIRO,39.4,,nanica
2026-07-01,destino,RIO DE JANEIRO,170.745,,prata
2026-07-01,destino,RIO VERDE,0.095,,nanica
2026-07-01,destino,RIO VERDE,0.13,,outras
2026-07-01,destino,RIO VERDE,0.108,,prata
2026-07-01,destino,SANTO ANTÔNIO DO JARDIM,14.688,,nanica
2026-07-01,destino,SEROPÉDICA,10.0,,prata
2026-07-01,destino,SUZANO,11.456,,prata
2026-07-01,destino,SÃO BERNARDO DO CAMPO,36.285,,prata
2026-07-01,destino,SÃO CAETANO DO SUL,8.1,,nanica
2026-07-01,destino,SÃO CAETANO DO SUL,4.05,,prata
2026-07-01,destino,SÃO FRANCISCO,6.0,,nanica
2026-07-01,destino,SÃO GONÇALO,12.0,,prata
2026-07-01,destino,SÃO JOSÉ DO RIO PRETO,22.8,,nanica
2026-07-01,destino,SÃO JOSÉ DOS CAMPOS,1.0,,prata
2026-07-01,destino,SÃO MATEUS,0.12,,prata
2026-07-01,destino,SÃO PAULO,33.0,,nanica
2026-07-01,destino,SÃO PAULO,79.234,,prata
2026-07-01,destino,TABOÃO DA SERRA,15.0,,nanica
2026-07-01,destino,TABOÃO DA SERRA,10.098,,prata
2026-07-01,destino,TAUBATÉ,2.5,,nanica
2026-07-01,destino,TAUBATÉ,5.0,,prata
2026-07-01,destino,TRÊS RIOS,1.215,,nanica
2026-07-01,destino,TRÊS RIOS,0.015,,outras
2026-07-01,destino,TRÊS RIOS,9.35,,prata
2026-07-01,destino,UBERLÂNDIA,0.48,,outras
2026-07-01,destino,UBERLÂNDIA,0.16,,prata
2026-07-01,destino,VÁRZEA PAULISTA,13.5,,nanica
2026-07-01,destino,VÁRZEA PAULISTA,13.5,,prata
2026-07-01,origem,ARAÇUAÍ,38.06,,prata
2026-07-01,origem,BRAZÓPOLIS,25.3,,nanica
2026-07-01,origem,BRAZÓPOLIS,25.0,,prata
2026-07-01,origem,CAETANÓPOLIS,7.0,,outras
2026-07-01,origem,CAETANÓPOLIS,3.0,,prata
2026-07-01,origem,CANTAGALO,4.0,,nanica
2026-07-01,origem,CANTAGALO,11.0,,prata
2026-07-01,origem,CAPITÃO ENÉAS,11.2,,nanica
2026-07-01,origem,CAPITÃO ENÉAS,8.0,,prata
2026-07-01,origem,CARMO DE MINAS,16.0,,prata
2026-07-01,origem,CURVELO,5.0,,prata
2026-07-01,origem,CÁSSIA,48.519,,prata
2026-07-01,origem,DELFINÓPOLIS,4.1,,nanica
2026-07-01,origem,DELFINÓPOLIS,136.953,,prata
2026-07-01,origem,ESPINOSA,35.0,,prata
2026-07-01,origem,GONÇALVES,4.0,,prata
2026-07-01,origem,IGARAPÉ,3.0,,nanica
2026-07-01,origem,IGARAPÉ,3.0,,prata
2026-07-01,origem,IPATINGA,0.12,,prata
2026-07-01,origem,ITACARAMBI,35.315,,nanica
2026-07-01,origem,ITACARAMBI,3.765,,outras
2026-07-01,origem,ITACARAMBI,24.69,,prata
2026-07-01,origem,JANAÚBA,16.0,,nanica
2026-07-01,origem,JANAÚBA,56.985,,prata
2026-07-01,origem,JAÍBA,524.558,,nanica
2026-07-01,origem,JAÍBA,6.0,,outras
2026-07-01,origem,JAÍBA,172.195,,prata
2026-07-01,origem,LASSANCE,2.1,,nanica
2026-07-01,origem,LASSANCE,46.895,,prata
2026-07-01,origem,MARILAC,15.0,,prata
2026-07-01,origem,MATIAS CARDOSO,24.5,,nanica
2026-07-01,origem,MATIAS CARDOSO,8.0,,prata
2026-07-01,origem,MONTES CLAROS,44.2,,prata
2026-07-01,origem,NOVA PORTEIRINHA,16.0,,nanica
2026-07-01,origem,NOVA PORTEIRINHA,62.0,,prata
2026-07-01,origem,NOVA UNIÃO,60.0,,nanica
2026-07-01,origem,OLIVEIRA FORTES,4.0,,prata
2026-07-01,origem,PARAISÓPOLIS,1.0,,prata
2026-07-01,origem,PAULISTAS,12.325,,prata
2026-07-01,origem,PEDRALVA,15.0,,nanica
2026-07-01,origem,PEDRAS DE MARIA DA CRUZ,16.2,,prata
2026-07-01,origem,PIAU,60.0,,nanica
2026-07-01,origem,PIAU,30.0,,prata
2026-07-01,origem,PIRAPORA,8.1,,nanica
2026-07-01,origem,PIRAPORA,20.25,,prata
2026-07-01,origem,SANTA BÁRBARA DO TUGÚRIO,6.0,,nanica
2026-07-01,origem,SANTO HIPÓLITO,17.5,,prata
2026-07-01,origem,SÃO FRANCISCO,15.5,,prata
2026-07-01,origem,UBERLÂNDIA,1.756,,nanica
2026-07-01,origem,UBERLÂNDIA,2.365,,outras
2026-07-01,origem,UBERLÂNDIA,2.682,,prata
2026-07-01,origem,VERDELÂNDIA,70.44,,prata
2026-07-01,origem,VÁRZEA DA PALMA,8.0,,prata
2026-07-02,destino,AMERICANA,23.1,,nanica
2026-07-02,destino,APARECIDA DE GOIÂNIA,0.75,,outras
2026-07-02,destino,APARECIDA DE GOIÂNIA,15.0,,prata
2026-07-02,destino,ARAÇATUBA,24.0,,nanica
2026-07-02,destino,BELO HORIZONTE,5.66,,nanica
2026-07-02,destino,BELO HORIZONTE,1.0,,outras
2026-07-02,destino,BELO HORIZONTE,14.5,,prata
2026-07-02,destino,BOTELHOS,7.5,,prata
2026-07-02,destino,CACHOEIRA PAULISTA,0.8,,nanica
2026-07-02,destino,CACHOEIRA PAULISTA,0.8,,prata
2026-07-02,destino,CAMPANHA,4.0,,prata
2026-07-02,destino,CAMPINAS,92.25,,nanica
2026-07-02,destino,CAMPINAS,1.5,,outras
2026-07-02,destino,CAMPINAS,50.0,,prata
2026-07-02,destino,CAMPO GRANDE,84.92,,nanica
2026-07-02,destino,CAMPO GRANDE,2.5,,prata
2026-07-02,destino,CAMPOS DO JORDÃO,1.25,,prata
2026-07-02,destino,CATALÃO,0.144,,nanica
2026-07-02,destino,CATALÃO,0.386,,outras
2026-07-02,destino,CATALÃO,0.44,,prata
2026-07-02,destino,CATANDUVA,16.7,,nanica
2026-07-02,destino,CAXIAS DO SUL,13.548,,prata
2026-07-02,destino,CONCEIÇÃO DAS PEDRAS,7.5,,prata
2026-07-02,destino,CONTAGEM,121.92,,nanica
2026-07-02,destino,CONTAGEM,21.145,,outras
2026-07-02,destino,CONTAGEM,129.04,,prata
2026-07-02,destino,CUMARI,0.09,,outras
2026-07-02,destino,DIVINÓPOLIS,14.73,,prata
2026-07-02,destino,FOZ DO IGUAÇU,11.97,,prata
2026-07-02,destino,FRANCA,40.0,,nanica
2026-07-02,destino,FRANCA,8.1,,prata
2026-07-02,destino,GOIÂNIA,3.0,,outras
2026-07-02,destino,GUARULHOS,13.5,,nanica
2026-07-02,destino,ITAJUBÁ,15.06,,prata
2026-07-02,destino,JANAÚBA,61.2,,nanica
2026-07-02,destino,JANAÚBA,34.1,,prata
2026-07-02,destino,JUIZ DE FORA,9.12,,prata
2026-07-02,destino,JUNDIAÍ,8.0,,nanica
2026-07-02,destino,JUNDIAÍ,23.8,,prata
2026-07-02,destino,LAMBARI,0.5,,prata
2026-07-02,destino,LORENA,1.8,,nanica
2026-07-02,destino,LORENA,2.3,,prata
2026-07-02,destino,MARINGÁ,16.5,,nanica
2026-07-02,destino,MARINGÁ,6.0,,prata
2026-07-02,destino,MINEIROS DO TIETÊ,3.0,,prata
2026-07-02,destino,MIRACATU,14.0,,nanica
2026-07-02,destino,MIRACATU,23.8,,prata
2026-07-02,destino,MIRADOURO,11.0,,nanica
2026-07-02,destino,MIRADOURO,4.0,,prata
2026-07-02,destino,MONTES CLAROS,1.94,,nanica
2026-07-02,destino,MONTES CLAROS,29.705,,prata
2026-07-02,destino,MORRINHOS DO SUL,10.0,,prata
2026-07-02,destino,NITERÓI,34.0,,prata
2026-07-02,destino,NOVA PORTEIRINHA,4.0,,nanica
2026-07-02,destino,NOVA PORTEIRINHA,12.0,,prata
2026-07-02,destino,OSASCO,35.34,,nanica
2026-07-02,destino,OSASCO,1.04,,outras
2026-07-02,destino,OSASCO,30.01,,prata
2026-07-02,destino,PARAIBUNA,3.0,,nanica
2026-07-02,destino,PATOS DE MINAS,8.0,,prata
2026-07-02,destino,PETRÓPOLIS,1.5,,prata
2026-07-02,destino,PIAU,6.0,,prata
2026-07-02,destino,PINDAMONHANGABA,1.0,,nanica
2026-07-02,destino,PINDAMONHANGABA,1.0,,prata
2026-07-02,destino,PIRAPORA,5.0,,prata
2026-07-02,destino,PORTO ALEGRE,10.0,,prata
2026-07-02,destino,POTIM,2.0,,nanica
2026-07-02,destino,POUSO ALEGRE,2.0,,prata
2026-07-02,destino,QUIRINÓPOLIS,0.8,,nanica
2026-07-02,destino,QUIRINÓPOLIS,1.12,,prata
2026-07-02,destino,RIBEIRÃO DAS NEVES,10.8,,nanica
2026-07-02,destino,RIBEIRÃO DAS NEVES,10.8,,prata
2026-07-02,destino,RIBEIRÃO PRETO,81.409,,nanica
2026-07-02,destino,RIBEIRÃO PRETO,9.276,,prata
2026-07-02,destino,RIO DE JANEIRO,47.0,,nanica
2026-07-02,destino,RIO DE JANEIRO,236.65,,prata
2026-07-02,destino,SANTA BÁRBARA DO TUGÚRIO,5.0,,prata
2026-07-02,destino,SANTO ANTÔNIO DO JARDIM,3.012,,prata
2026-07-02,destino,SAPUCAIA DO SUL,8.0,,prata
2026-07-02,destino,SEROPÉDICA,11.0,,prata
2026-07-02,destino,SÃO BERNARDO DO CAMPO,26.985,,prata
2026-07-02,destino,SÃO FRANCISCO,7.5,,prata
2026-07-02,destino,SÃO GONÇALO,10.0,,prata
2026-07-02,destino,SÃO JOSÉ DO RIO PRETO,22.488,,prata
2026-07-02,destino,SÃO PAULO,67.145,,nanica
2026-07-02,destino,SÃO PAULO,85.925,,prata
2026-07-02,destino,TABOÃO DA SERRA,23.5,,prata
2026-07-02,destino,TAUBATÉ,1.25,,nanica
2026-07-02,destino,TAUBATÉ,16.55,,prata
2026-07-02,destino,TRÊS CORAÇÕES,2.0,,prata
2026-07-02,destino,TRÊS RIOS,1.65,,nanica
2026-07-02,destino,TRÊS RIOS,0.19,,outras
2026-07-02,destino,TRÊS RIOS,1.425,,prata
2026-07-02,destino,UBERLÂNDIA,50.0,,prata
2026-07-02,destino,VASSOURAS,0.02,,outras
2026-07-02,destino,VOLTA REDONDA,3.0,,nanica
2026-07-02,destino,VOLTA REDONDA,18.4,,prata
2026-07-02,destino,VOTORANTIM,11.52,,prata
2026-07-02,destino,VÁRZEA PAULISTA,22.5,,nanica
2026-07-02,destino,VÁRZEA PAULISTA,16.5,,prata
2026-07-02,origem,ARAÇUAÍ,59.9,,prata
2026-07-02,origem,BOCAIÚVA,16.0,,prata
2026-07-02,origem,BOM JESUS DO AMPARO,15.0,,nanica
2026-07-02,origem,BRAZÓPOLIS,6.85,,nanica
2026-07-02,origem,BRAZÓPOLIS,16.6,,prata
2026-07-02,origem,CAMPINA VERDE,4.05,,outras
2026-07-02,origem,CAPITÃO ENÉAS,20.0,,prata
2026-07-02,origem,CENTRALINA,3.75,,outras
2026-07-02,origem,CLARO DOS POÇÕES,1.66,,nanica
2026-07-02,origem,CLARO DOS POÇÕES,23.5,,prata
2026-07-02,origem,CONCEIÇÃO DAS PEDRAS,9.4,,prata
2026-07-02,origem,CONTAGEM,29.43,,nanica
2026-07-02,origem,CONTAGEM,10.095,,outras
2026-07-02,origem,CONTAGEM,54.78,,prata
2026-07-02,origem,CORINTO,22.0,,prata
2026-07-02,origem,CURVELO,16.94,,nanica
2026-07-02,origem,CURVELO,10.705,,prata
2026-07-02,origem,CÁSSIA,29.502,,prata
2026-07-02,origem,DELFINÓPOLIS,3.0,,nanica
2026-07-02,origem,DELFINÓPOLIS,215.949,,prata
2026-07-02,origem,ITACARAMBI,69.09,,nanica
2026-07-02,origem,ITACARAMBI,1.07,,outras
2026-07-02,origem,ITACARAMBI,6.495,,prata
2026-07-02,origem,JANAÚBA,102.44,,prata
2026-07-02,origem,JAÍBA,545.304,,nanica
2026-07-02,origem,JAÍBA,1.5,,outras
2026-07-02,origem,JAÍBA,139.855,,prata
2026-07-02,origem,JESUÂNIA,4.0,,prata
2026-07-02,origem,JUIZ DE FORA,0.18,,outras
2026-07-02,origem,LAMBARI,2.5,,prata
2026-07-02,origem,LASSANCE,13.5,,nanica
2026-07-02,origem,LASSANCE,10.8,,prata
2026-07-02,origem,MANGA,23.1,,nanica
2026-07-02,origem,MARILAC,15.0,,prata
2026-07-02,origem,MATIAS CARDOSO,8.0,,prata
2026-07-02,origem,MIRADOURO,11.0,,nanica
2026-07-02,origem,MIRADOURO,4.0,,prata
2026-07-02,origem,MONTES CLAROS,21.0,,prata
2026-07-02,origem,NATÉRCIA,3.1,,prata
2026-07-02,origem,NOVA PORTEIRINHA,159.128,,prata
2026-07-02,origem,NOVA UNIÃO,51.24,,nanica
2026-07-02,origem,NOVA UNIÃO,19.26,,prata
2026-07-02,origem,ONÇA DE PITANGUI,7.0,,outras
2026-07-02,origem,ONÇA DE PITANGUI,8.0,,prata
2026-07-02,origem,PEDRALVA,3.0,,nanica
2026-07-02,origem,PEQUI,4.0,,nanica
2026-07-02,origem,PEQUI,1.0,,outras
2026-07-02,origem,PEQUI,10.0,,prata
2026-07-02,origem,PIAU,7.5,,prata
2026-07-02,origem,PIRAPORA,55.4,,prata
2026-07-02,origem,PORTEIRINHA,15.3,,prata
2026-07-02,origem,SILVIANÓPOLIS,2.0,,prata
2026-07-02,origem,UBERLÂNDIA,0.944,,nanica
2026-07-02,origem,UBERLÂNDIA,0.476,,outras
2026-07-02,origem,UBERLÂNDIA,1.56,,prata
2026-07-02,origem,VERDELÂNDIA,24.27,,nanica
2026-07-02,origem,VERDELÂNDIA,55.75,,prata
2026-07-03,destino,AMERICANA,23.1,,nanica
2026-07-03,destino,AMERICANA,13.5,,prata
2026-07-03,destino,ARCOS,18.9,,prata
2026-07-03,destino,BAURU,10.8,,prata
2026-07-03,destino,BELO HORIZONTE,3.0,,nanica
2026-07-03,destino,BELO HORIZONTE,3.0,,prata
2026-07-03,destino,BRASÍLIA,79.2,,prata
2026-07-03,destino,BRAZÓPOLIS,17.86,,prata
2026-07-03,destino,CAIEIRAS,18.0,,nanica
2026-07-03,destino,CAJURI,4.2,,prata
2026-07-03,destino,CAMPINAS,39.98,,nanica
2026-07-03,destino,CAMPINAS,6.6,,outras
2026-07-03,destino,CAMPINAS,47.63,,prata
2026-07-03,destino,CAMPO GRANDE,40.64,,nanica
2026-07-03,destino,CAMPO GRANDE,8.0,,prata
2026-07-03,destino,CAMPOS DO JORDÃO,0.5,,nanica
2026-07-03,destino,CAMPOS DO JORDÃO,0.5,,prata
2026-07-03,destino,CARIACICA,10.92,,prata
2026-07-03,destino,CATALÃO,0.112,,nanica
2026-07-03,destino,CATALÃO,0.28,,outras
2026-07-03,destino,CATALÃO,0.128,,prata
2026-07-03,destino,CHAPADÃO DO SUL,0.054,,outras
2026-07-03,destino,CHAPADÃO DO SUL,0.19,,prata
2026-07-03,destino,CONTAGEM,216.1,,nanica
2026-07-03,destino,CONTAGEM,19.5,,outras
2026-07-03,destino,CONTAGEM,394.845,,prata
2026-07-03,destino,CORONEL PACHECO,7.08,,prata
2026-07-03,destino,COSTA RICA,0.019,,nanica
2026-07-03,destino,CRISTINA,1.121,,nanica
2026-07-03,destino,CRISTINA,6.992,,prata
2026-07-03,destino,CURVELO,26.0,,nanica
2026-07-03,destino,CURVELO,4.0,,prata
2026-07-03,destino,DIADEMA,13.5,,prata
2026-07-03,destino,DOM PEDRO DE ALCÂNTARA,9.75,,prata
2026-07-03,destino,GLÓRIA D'OESTE,13.0,,nanica
2026-07-03,destino,GOVERNADOR VALADARES,8.0,,nanica
2026-07-03,destino,GOVERNADOR VALADARES,11.0,,prata
2026-07-03,destino,GUARULHOS,13.5,,nanica
2026-07-03,destino,GUARULHOS,21.0,,prata
2026-07-03,destino,INOCÊNCIA,0.057,,nanica
2026-07-03,destino,INOCÊNCIA,0.018,,outras
2026-07-03,destino,INOCÊNCIA,0.038,,prata
2026-07-03,destino,IPAMERI,0.064,,nanica
2026-07-03,destino,IPAMERI,0.216,,outras
2026-07-03,destino,IPAMERI,0.064,,prata
2026-07-03,destino,IPATINGA,8.0,,prata
2026-07-03,destino,ITAJUBÁ,16.5,,nanica
2026-07-03,destino,ITAJUBÁ,2.0,,prata
2026-07-03,destino,ITAPERUNA,0.5,,nanica
2026-07-03,destino,ITAPERUNA,0.5,,prata
2026-07-03,destino,ITARIRI,23.79,,nanica
2026-07-03,destino,ITARIRI,16.74,,prata
2026-07-03,destino,ITUMBIARA,0.229,,nanica
2026-07-03,destino,ITUMBIARA,0.364,,outras
2026-07-03,destino,ITUMBIARA,0.772,,prata
2026-07-03,destino,JACAREÍ,11.2,,nanica
2026-07-03,destino,JANAÚBA,26.7,,nanica
2026-07-03,destino,JANAÚBA,18.0,,prata
2026-07-03,destino,JARDINÓPOLIS,15.12,,nanica
2026-07-03,destino,JESUÂNIA,6.84,,prata
2026-07-03,destino,JUNDIAÍ,16.8,,nanica
2026-07-03,destino,JUNDIAÍ,22.2,,prata
2026-07-03,destino,LONDRINA,14.1,,nanica
2026-07-03,destino,LORENA,0.5,,nanica
2026-07-03,destino,LORENA,0.7,,prata
2026-07-03,destino,MARINGÁ,43.8,,nanica
2026-07-03,destino,MARINGÁ,6.48,,prata
2026-07-03,destino,MONTES CLAROS,12.18,,nanica
2026-07-03,destino,MONTES CLAROS,19.18,,prata
2026-07-03,destino,NITERÓI,12.0,,nanica
2026-07-03,destino,NITERÓI,22.0,,prata
2026-07-03,destino,NOVA UNIÃO,12.0,,prata
2026-07-03,destino,NOVO ITACOLOMI,9.75,,nanica
2026-07-03,destino,OSASCO,31.5,,nanica
2026-07-03,destino,PARAIBUNA,12.012,,nanica
2026-07-03,destino,PARANAÍBA,0.038,,nanica
2026-07-03,destino,PARAOPEBA,15.0,,nanica
2026-07-03,destino,PARAÍSO DAS ÁGUAS,0.095,,nanica
2026-07-03,destino,PATOS DE MINAS,0.95,,nanica
2026-07-03,destino,PATOS DE MINAS,16.5,,prata
2026-07-03,destino,PEDRALVA,12.1,,nanica
2026-07-03,destino,PIAU,3.0,,nanica
2026-07-03,destino,PIAU,0.5,,prata
2026-07-03,destino,PIEDADE DE CARATINGA,13.0,,prata
2026-07-03,destino,PINDAMONHANGABA,5.0,,nanica
2026-07-03,destino,PINDAMONHANGABA,5.0,,prata
2026-07-03,destino,PIRANGUINHO,5.0,,prata
2026-07-03,destino,PIRANGUÇU,4.2,,nanica
2026-07-03,destino,PIRANGUÇU,5.6,,prata
2026-07-03,destino,POUSO ALEGRE,30.0,,prata
2026-07-03,destino,POÇOS DE CALDAS,6.3,,prata
2026-07-03,destino,QUIRINÓPOLIS,0.228,,nanica
2026-07-03,destino,QUIRINÓPOLIS,0.248,,outras
2026-07-03,destino,QUIRINÓPOLIS,0.352,,prata
2026-07-03,destino,REGISTRO,15.0,,nanica
2026-07-03,destino,RIBEIRÃO DAS NEVES,10.8,,nanica
2026-07-03,destino,RIBEIRÃO DAS NEVES,37.4,,prata
2026-07-03,destino,RIBEIRÃO PRETO,118.299,,nanica
2026-07-03,destino,RIBEIRÃO PRETO,10.98,,outras
2026-07-03,destino,RIBEIRÃO PRETO,26.85,,prata
2026-07-03,destino,RIO DE JANEIRO,161.13,,nanica
2026-07-03,destino,RIO DE JANEIRO,0.75,,outras
2026-07-03,destino,RIO DE JANEIRO,491.32,,prata
2026-07-03,destino,RIO VERDE,0.133,,nanica
2026-07-03,destino,RIO VERDE,0.09,,outras
2026-07-03,destino,RIO VERDE,0.176,,prata
2026-07-03,destino,SANTO ANTÔNIO DO JARDIM,15.6,,nanica
2026-07-03,destino,SEROPÉDICA,20.0,,prata
2026-07-03,destino,SOROCABA,8.64,,nanica
2026-07-03,destino,SOROCABA,13.94,,prata
2026-07-03,destino,SUZANO,11.456,,prata
2026-07-03,destino,SÃO BERNARDO DO CAMPO,34.02,,prata
2026-07-03,destino,SÃO GONÇALO,13.0,,prata
2026-07-03,destino,SÃO JOSÉ DO RIO PRETO,57.0,,nanica
2026-07-03,destino,SÃO JOSÉ DOS CAMPOS,2.0,,prata
2026-07-03,destino,SÃO PAULO,87.82,,nanica
2026-07-03,destino,SÃO PAULO,3.465,,outras
2026-07-03,destino,SÃO PAULO,142.59,,prata
2026-07-03,destino,TAUBATÉ,13.95,,prata
2026-07-03,destino,TRÊS RIOS,0.75,,nanica
2026-07-03,destino,TRÊS RIOS,0.03,,outras
2026-07-03,destino,TRÊS RIOS,1.2,,prata
2026-07-03,destino,UBERLÂNDIA,28.264,,prata
2026-07-03,destino,UNAÍ,0.9,,nanica
2026-07-03,destino,UNAÍ,1.2,,prata
2026-07-03,destino,VOLTA REDONDA,12.0,,nanica
2026-07-03,destino,VÁRZEA PAULISTA,26.1,,nanica
2026-07-03,destino,VÁRZEA PAULISTA,18.0,,prata
2026-07-03,origem,ANDRADAS,6.3,,prata
2026-07-03,origem,ARAÇUAÍ,90.92,,prata
2026-07-03,origem,ARCOS,18.9,,prata
2026-07-03,origem,BRAZÓPOLIS,1.0,,nanica
2026-07-03,origem,BRAZÓPOLIS,33.4,,prata
2026-07-03,origem,BURITIZEIRO,7.0,,prata
2026-07-03,origem,CAJURI,4.2,,prata
2026-07-03,origem,CANÁPOLIS,8.28,,outras
2026-07-03,origem,CAPITÃO ENÉAS,35.8,,nanica
2026-07-03,origem,CAPITÃO ENÉAS,22.0,,prata
2026-07-03,origem,CARANGOLA,0.5,,nanica
2026-07-03,origem,CARANGOLA,0.5,,prata
2026-07-03,origem,CONTAGEM,50.0,,nanica
2026-07-03,origem,CONTAGEM,167.875,,prata
2026-07-03,origem,CURVELO,26.0,,nanica
2026-07-03,origem,CURVELO,4.0,,prata
2026-07-03,origem,CÁSSIA,17.12,,prata
2026-07-03,origem,DELFINÓPOLIS,8.321,,nanica
2026-07-03,origem,DELFINÓPOLIS,243.512,,prata
2026-07-03,origem,ESPINOSA,54.0,,prata
2026-07-03,origem,GONÇALVES,2.0,,prata
2026-07-03,origem,IGARAPÉ,2.0,,nanica
2026-07-03,origem,IGARAPÉ,4.0,,prata
2026-07-03,origem,INHAPIM,15.0,,outras
2026-07-03,origem,ITACARAMBI,136.74,,nanica
2026-07-03,origem,ITACARAMBI,5.805,,outras
2026-07-03,origem,ITACARAMBI,42.6,,prata
2026-07-03,origem,ITAJUBÁ,1.5,,nanica
2026-07-03,origem,ITAJUBÁ,2.0,,prata
2026-07-03,origem,ITAOBIM,12.0,,prata
2026-07-03,origem,ITINGA,8.0,,prata
2026-07-03,origem,JACINTO,4.0,,prata
2026-07-03,origem,JANAÚBA,41.465,,nanica
2026-07-03,origem,JANAÚBA,194.53,,prata
2026-07-03,origem,JAÍBA,703.614,,nanica
2026-07-03,origem,JAÍBA,12.24,,outras
2026-07-03,origem,JAÍBA,163.77,,prata
2026-07-03,origem,JEQUITINHONHA,60.6,,prata
2026-07-03,origem,LASSANCE,112.85,,prata
2026-07-03,origem,MANGA,16.0,,nanica
2026-07-03,origem,MATIAS CARDOSO,40.2,,nanica
2026-07-03,origem,MATIAS CARDOSO,62.78,,prata
2026-07-03,origem,MATOZINHOS,3.0,,nanica
2026-07-03,origem,MATOZINHOS,3.0,,prata
2026-07-03,origem,MONTES CLAROS,27.0,,prata
2026-07-03,origem,NOVA PORTEIRINHA,8.64,,nanica
2026-07-03,origem,NOVA PORTEIRINHA,193.75,,prata
2026-07-03,origem,NOVA UNIÃO,30.0,,nanica
2026-07-03,origem,PARAOPEBA,15.0,,nanica
2026-07-03,origem,PEDRALVA,39.112,,nanica
2026-07-03,origem,PEDRAS DE MARIA DA CRUZ,13.44,,nanica
2026-07-03,origem,PEDRAS DE MARIA DA CRUZ,21.0,,prata
2026-07-03,origem,PIAU,3.0,,nanica
2026-07-03,origem,PIAU,0.5,,prata
2026-07-03,origem,PIRANGUÇU,5.0,,nanica
2026-07-03,origem,PIRANGUÇU,5.0,,prata
2026-07-03,origem,PIRAPORA,0.95,,nanica
2026-07-03,origem,PIRAPORA,77.82,,prata
2026-07-03,origem,PORTEIRINHA,18.0,,prata
2026-07-03,origem,SANTO HIPÓLITO,12.0,,prata
2026-07-03,origem,SÃO FRANCISCO,0.9,,nanica
2026-07-03,origem,SÃO FRANCISCO,32.0,,prata
2026-07-03,origem,SÃO GERALDO DA PIEDADE,8.0,,nanica
2026-07-03,origem,SÃO GERALDO DA PIEDADE,7.0,,prata
2026-07-03,origem,UBERLÂNDIA,0.975,,nanica
2026-07-03,origem,UBERLÂNDIA,1.27,,outras
2026-07-03,origem,UBERLÂNDIA,1.72,,prata
2026-07-03,origem,VERDELÂNDIA,13.5,,nanica
2026-07-03,origem,VERDELÂNDIA,18.48,,prata
2026-07-04,destino,CAIEIRAS,15.0,,nanica
2026-07-04,destino,CASSILÂNDIA,0.054,,prata
2026-07-04,destino,CHAPADÃO DO CÉU,0.06,,nanica
2026-07-04,destino,CHAPADÃO DO CÉU,0.02,,outras
2026-07-04,destino,CHAPADÃO DO CÉU,0.036,,prata
2026-07-04,destino,CHAPADÃO DO SUL,0.04,,nanica
2026-07-04,destino,CHAPADÃO DO SUL,0.02,,outras
2026-07-04,destino,CHAPADÃO DO SUL,0.144,,prata
2026-07-04,destino,CONTAGEM,10.0,,nanica
2026-07-04,destino,CONTAGEM,3.0,,outras
2026-07-04,destino,CONTAGEM,65.0,,prata
2026-07-04,destino,INOCÊNCIA,0.92,,nanica
2026-07-04,destino,INOCÊNCIA,0.13,,outras
2026-07-04,destino,INOCÊNCIA,0.342,,prata
2026-07-04,destino,ITAÚNA,2.4,,prata
2026-07-04,destino,JUIZ DE FORA,10.0,,prata
2026-07-04,destino,JUNDIAÍ,23.8,,nanica
2026-07-04,destino,MIRACATU,8.7,,nanica
2026-07-04,destino,MONTES CLAROS,10.68,,nanica
2026-07-04,destino,MONTES CLAROS,3.0,,outras
2026-07-04,destino,NITERÓI,10.0,,prata
2026-07-04,destino,PARANAÍBA,0.04,,outras
2026-07-04,destino,PARANAÍBA,0.036,,prata
2026-07-04,destino,PARAÍSO DAS ÁGUAS,0.1,,nanica
2026-07-04,destino,PARAÍSO DAS ÁGUAS,0.02,,outras
2026-07-04,destino,PARAÍSO DAS ÁGUAS,0.036,,prata
2026-07-04,destino,PORTO SEGURO,2.0,,prata
2026-07-04,destino,RIBEIRÃO DAS NEVES,24.0,,prata
2026-07-04,destino,RIBEIRÃO PRETO,11.2,,nanica
2026-07-04,destino,RIO DE JANEIRO,6.3,,nanica
2026-07-04,destino,RIO DE JANEIRO,2.0,,outras
2026-07-04,destino,RIO DE JANEIRO,73.0,,prata
2026-07-04,destino,SEROPÉDICA,12.0,,prata
2026-07-04,destino,SÃO JOSÉ DO RIO PRETO,27.66,,nanica
2026-07-04,destino,SÃO JOSÉ DO RIO PRETO,2.7,,prata
2026-07-04,destino,SÃO PAULO,16.5,,nanica
2026-07-04,destino,TRÊS RIOS,6.0,,nanica
2026-07-04,destino,TRÊS RIOS,0.045,,outras
2026-07-04,destino,TRÊS RIOS,1.35,,prata
2026-07-04,destino,VITÓRIA DA CONQUISTA,0.51,,nanica
2026-07-04,destino,VÁRZEA PAULISTA,13.5,,nanica
2026-07-04,origem,FRANCISCO SÁ,6.3,,nanica
2026-07-04,origem,FRANCISCO SÁ,2.0,,outras
2026-07-04,origem,ITACARAMBI,44.34,,nanica
2026-07-04,origem,ITACARAMBI,6.045,,outras
2026-07-04,origem,ITACARAMBI,22.05,,prata
2026-07-04,origem,JACINTO,2.0,,prata
2026-07-04,origem,JANAÚBA,12.0,,prata
2026-07-04,origem,JAÍBA,55.11,,nanica
2026-07-04,origem,JAÍBA,47.0,,prata
2026-07-04,origem,LASSANCE,16.5,,nanica
2026-07-04,origem,LASSANCE,48.0,,prata
2026-07-04,origem,MONTES CLAROS,15.0,,nanica
2026-07-04,origem,MONTES CLAROS,35.0,,prata
2026-07-04,origem,NOVA PORTEIRINHA,12.6,,nanica
2026-07-04,origem,NOVA PORTEIRINHA,22.0,,prata
2026-07-04,origem,PIRAPORA,14.4,,prata
2026-07-04,origem,UBERLÂNDIA,1.12,,nanica
2026-07-04,origem,UBERLÂNDIA,0.23,,outras
2026-07-04,origem,UBERLÂNDIA,0.648,,prata
2026-07-05,destino,RIO DE JANEIRO,19.0,,prata
2026-07-05,origem,LASSANCE,19.0,,prata
2026-07-06,destino,ABRE CAMPO,0.2,,nanica
2026-07-06,destino,ABRE CAMPO,1.1,,outras
2026-07-06,destino,ABRE CAMPO,2.5,,prata
2026-07-06,destino,ALTEROSA,4.432,,prata
2026-07-06,destino,ANDRADAS,30.0,,prata
2026-07-06,destino,APARECIDA DE GOIÂNIA,7.2,,prata
2026-07-06,destino,ARAÇATUBA,24.0,,nanica
2026-07-06,destino,ARCOS,12.0,,prata
2026-07-06,destino,AUGUSTO DE LIMA,2.0,,prata
2026-07-06,destino,BAURU,8.2,,prata
2026-07-06,destino,BRASÍLIA,3.15,,nanica
2026-07-06,destino,BRASÍLIA,23.6,,prata
2026-07-06,destino,BRAZÓPOLIS,12.0,,prata
2026-07-06,destino,CAMPINAS,84.015,,nanica
2026-07-06,destino,CAMPINAS,4.38,,outras
2026-07-06,destino,CAMPINAS,49.51,,prata
2026-07-06,destino,CAMPO GRANDE,90.54,,nanica
2026-07-06,destino,CAMPO GRANDE,3.0,,prata
2026-07-06,destino,CAPELINHA,7.6,,prata
2026-07-06,destino,CARIACICA,12.0,,prata
2026-07-06,destino,CATALÃO,0.08,,nanica
2026-07-06,destino,CATALÃO,0.37,,outras
2026-07-06,destino,CATALÃO,0.398,,prata
2026-07-06,destino,CONCEIÇÃO DAS PEDRAS,25.0,,nanica
2026-07-06,destino,CONTAGEM,112.9,,nanica
2026-07-06,destino,CONTAGEM,7.56,,outras
2026-07-06,destino,CONTAGEM,327.605,,prata
2026-07-06,destino,COSMÓPOLIS,17.61,,nanica
2026-07-06,destino,COSMÓPOLIS,4.2,,prata
2026-07-06,destino,CRISTINA,22.0,,nanica
2026-07-06,destino,CRISTINA,3.0,,outras
2026-07-06,destino,CRISTINA,5.0,,prata
2026-07-06,destino,CUIABÁ,19.24,,nanica
2026-07-06,destino,CUIABÁ,7.056,,prata
2026-07-06,destino,CUMARI,0.054,,outras
2026-07-06,destino,CURVELO,4.0,,prata
2026-07-06,destino,DOURADOS,23.6,,nanica
2026-07-06,destino,GUARULHOS,11.5,,nanica
2026-07-06,destino,GUARULHOS,13.5,,prata
2026-07-06,destino,ITAJUBÁ,4.0,,nanica
2026-07-06,destino,ITAJUBÁ,36.0,,prata
2026-07-06,destino,ITARIRI,23.5,,nanica
2026-07-06,destino,ITUIUTABA,1.28,,outras
2026-07-06,destino,JANAÚBA,52.72,,nanica
2026-07-06,destino,JANAÚBA,30.0,,prata
2026-07-06,destino,JESUÂNIA,6.15,,prata
2026-07-06,destino,JORDÂNIA,0.6,,prata
2026-07-06,destino,JUIZ DE FORA,3.5,,nanica
2026-07-06,destino,JUIZ DE FORA,3.5,,prata
2026-07-06,destino,JUNDIAÍ,52.6,,nanica
2026-07-06,destino,JUNDIAÍ,25.3,,prata
2026-07-06,destino,LIMEIRA,11.1,,nanica
2026-07-06,destino,MARINGÁ,24.0,,nanica
2026-07-06,destino,MINEIROS DO TIETÊ,11.25,,nanica
2026-07-06,destino,MONTES CLAROS,3.0,,outras
2026-07-06,destino,MONTES CLAROS,61.6,,prata
2026-07-06,destino,NITERÓI,15.0,,prata
2026-07-06,destino,NOVA UNIÃO,18.75,,prata
2026-07-06,destino,NOVO HAMBURGO,12.0,,prata
2026-07-06,destino,OSASCO,44.295,,nanica
2026-07-06,destino,OSASCO,0.52,,outras
2026-07-06,destino,OSASCO,3.19,,prata
2026-07-06,destino,PARAIBUNA,16.02,,nanica
2026-07-06,destino,PARAOPEBA,15.0,,nanica
2026-07-06,destino,PATOS DE MINAS,42.0,,outras
2026-07-06,destino,PATOS DE MINAS,23.5,,prata
2026-07-06,destino,PEDRA AZUL,2.4,,prata
2026-07-06,destino,PEDRALVA,4.32,,nanica
2026-07-06,destino,PEDRALVA,7.2,,prata
2026-07-06,destino,PIAU,6.7,,nanica
2026-07-06,destino,PIAU,1.6,,prata
2026-07-06,destino,POUSO ALEGRE,4.353,,nanica
2026-07-06,destino,POUSO ALEGRE,0.75,,outras
2026-07-06,destino,POUSO ALEGRE,10.8,,prata
2026-07-06,destino,POÇOS DE CALDAS,4.8,,prata
2026-07-06,destino,QUIRINÓPOLIS,0.48,,prata
2026-07-06,destino,RESENDE,0.6,,nanica
2026-07-06,destino,RIBEIRÃO DAS NEVES,2.025,,nanica
2026-07-06,destino,RIBEIRÃO DAS NEVES,0.18,,outras
2026-07-06,destino,RIBEIRÃO DAS NEVES,26.175,,prata
2026-07-06,destino,RIBEIRÃO PRETO,35.0,,nanica
2026-07-06,destino,RIBEIRÃO PRETO,10.08,,prata
2026-07-06,destino,RIO DE JANEIRO,75.91,,nanica
2026-07-06,destino,RIO DE JANEIRO,1.56,,outras
2026-07-06,destino,RIO DE JANEIRO,323.702,,prata
2026-07-06,destino,SEROPÉDICA,11.0,,prata
2026-07-06,destino,SUMARÉ,0.75,,nanica
2026-07-06,destino,SUMARÉ,26.85,,prata
2026-07-06,destino,SÃO BERNARDO DO CAMPO,26.885,,prata
2026-07-06,destino,SÃO CAETANO DO SUL,9.0,,nanica
2026-07-06,destino,SÃO CAETANO DO SUL,3.75,,prata
2026-07-06,destino,SÃO GONÇALO,17.0,,prata
2026-07-06,destino,SÃO JOSÉ DO RIO PRETO,24.0,,nanica
2026-07-06,destino,SÃO JOSÉ DO RIO PRETO,10.935,,prata
2026-07-06,destino,SÃO PAULO,26.25,,nanica
2026-07-06,destino,SÃO PAULO,0.63,,outras
2026-07-06,destino,SÃO PAULO,146.465,,prata
2026-07-06,destino,TOCANTINS,3.75,,nanica
2026-07-06,destino,TOCANTINS,3.75,,prata
2026-07-06,destino,TRÊS RIOS,4.5,,nanica
2026-07-06,destino,TRÊS RIOS,0.125,,outras
2026-07-06,destino,TRÊS RIOS,0.99,,prata
2026-07-06,destino,UBERLÂNDIA,34.824,,prata
2026-07-06,destino,VOLTA REDONDA,3.8,,nanica
2026-07-06,destino,VOLTA REDONDA,0.6,,outras
2026-07-06,destino,VOLTA REDONDA,1.0,,prata
2026-07-06,destino,VÁRZEA PAULISTA,36.0,,nanica
2026-07-06,destino,VÁRZEA PAULISTA,16.5,,prata
2026-07-06,origem,ABRE CAMPO,0.2,,nanica
2026-07-06,origem,ABRE CAMPO,1.1,,outras
2026-07-06,origem,ABRE CAMPO,2.5,,prata
2026-07-06,origem,ANDRADAS,36.6,,prata
2026-07-06,origem,ARAÇUAÍ,46.0,,prata
2026-07-06,origem,AUGUSTO DE LIMA,2.0,,prata
2026-07-06,origem,BRAZÓPOLIS,7.02,,nanica
2026-07-06,origem,CAMPINA VERDE,3.75,,outras
2026-07-06,origem,CANÁPOLIS,1.28,,outras
2026-07-06,origem,CAPITÃO ENÉAS,10.0,,prata
2026-07-06,origem,CONCEIÇÃO DAS PEDRAS,9.0,,nanica
2026-07-06,origem,CORINTO,22.65,,prata
2026-07-06,origem,CRISTINA,26.4,,nanica
2026-07-06,origem,CRISTINA,3.6,,outras
2026-07-06,origem,CRISTINA,6.0,,prata
2026-07-06,origem,CÁSSIA,25.385,,prata
2026-07-06,origem,DELFINÓPOLIS,4.32,,nanica
2026-07-06,origem,DELFINÓPOLIS,181.656,,prata
2026-07-06,origem,ESPINOSA,30.0,,prata
2026-07-06,origem,INDIANÓPOLIS,15.0,,prata
2026-07-06,origem,ITAJUBÁ,8.0,,nanica
2026-07-06,origem,ITAJUBÁ,47.0,,prata
2026-07-06,origem,ITINGA,18.0,,prata
2026-07-06,origem,JANAÚBA,37.0,,nanica
2026-07-06,origem,JANAÚBA,148.652,,prata
2026-07-06,origem,JAÍBA,607.91,,nanica
2026-07-06,origem,JAÍBA,5.19,,outras
2026-07-06,origem,JAÍBA,182.435,,prata
2026-07-06,origem,JEQUITINHONHA,43.8,,prata
2026-07-06,origem,JUIZ DE FORA,3.5,,nanica
2026-07-06,origem,JUIZ DE FORA,0.08,,outras
2026-07-06,origem,JUIZ DE FORA,3.5,,prata
2026-07-06,origem,LAGOA FORMOSA,42.0,,outras
2026-07-06,origem,LAGOA FORMOSA,11.5,,prata
2026-07-06,origem,LASSANCE,46.3,,prata
2026-07-06,origem,MARILAC,3.75,,nanica
2026-07-06,origem,MARILAC,33.75,,prata
2026-07-06,origem,MATIAS CARDOSO,34.1,,nanica
2026-07-06,origem,MATIAS CARDOSO,83.0,,prata
2026-07-06,origem,MONTES CLAROS,0.75,,nanica
2026-07-06,origem,MONTES CLAROS,38.25,,prata
2026-07-06,origem,NOVA PORTEIRINHA,49.5,,prata
2026-07-06,origem,NOVA UNIÃO,24.0,,nanica
2026-07-06,origem,NOVA UNIÃO,21.0,,prata
2026-07-06,origem,PARAOPEBA,15.0,,nanica
2026-07-06,origem,PEDRALVA,25.0,,nanica
2026-07-06,origem,PEDRALVA,25.0,,prata
2026-07-06,origem,PEDRAS DE MARIA DA CRUZ,18.0,,prata
2026-07-06,origem,PIAU,6.7,,nanica
2026-07-06,origem,PIAU,1.6,,prata
2026-07-06,origem,PIRAPORA,9.0,,nanica
2026-07-06,origem,PIRAPORA,61.92,,prata
2026-07-06,origem,POUSO ALEGRE,4.353,,nanica
2026-07-06,origem,POUSO ALEGRE,0.75,,outras
2026-07-06,origem,POUSO ALEGRE,10.8,,prata
2026-07-06,origem,RIBEIRÃO DAS NEVES,37.9,,nanica
2026-07-06,origem,RIBEIRÃO DAS NEVES,3.81,,outras
2026-07-06,origem,RIBEIRÃO DAS NEVES,67.035,,prata
2026-07-06,origem,SÃO FRANCISCO,39.0,,prata
2026-07-06,origem,SÃO JOÃO DA PONTE,22.0,,prata
2026-07-06,origem,UBERLÂNDIA,0.08,,nanica
2026-07-06,origem,UBERLÂNDIA,0.424,,outras
2026-07-06,origem,UBERLÂNDIA,0.878,,prata
2026-07-06,origem,VERDELÂNDIA,61.645,,nanica
2026-07-06,origem,VERDELÂNDIA,5.125,,outras
2026-07-06,origem,VERDELÂNDIA,90.016,,prata
2026-07-06,origem,VÁRZEA DA PALMA,3.15,,nanica
2026-07-06,origem,VÁRZEA DA PALMA,17.85,,prata
2026-07-07,destino,ANDRADAS,2.5,,nanica
2026-07-07,destino,ANDRADAS,17.5,,prata
2026-07-07,destino,ARAÇATUBA,7.5,,nanica
2026-07-07,destino,AREALVA,22.59,,nanica
2026-07-07,destino,AREALVA,0.75,,prata
2026-07-07,destino,BARUERI,13.5,,nanica
2026-07-07,destino,BRASÍLIA,3.075,,nanica
2026-07-07,destino,BRASÍLIA,1.875,,outras
2026-07-07,destino,BRASÍLIA,53.385,,prata
2026-07-07,destino,BRAZÓPOLIS,20.5,,prata
2026-07-07,destino,CAMPINAS,76.447,,nanica
2026-07-07,destino,CAMPINAS,51.54,,prata
2026-07-07,destino,CAMPO GRANDE,43.2,,nanica
2026-07-07,destino,CAMPO GRANDE,2.4,,prata
2026-07-07,destino,CARATINGA,6.0,,outras
2026-07-07,destino,CARATINGA,4.0,,prata
2026-07-07,destino,CASSILÂNDIA,0.8,,nanica
2026-07-07,destino,CASSILÂNDIA,0.32,,outras
2026-07-07,destino,CASSILÂNDIA,1.12,,prata
2026-07-07,destino,CATALÃO,0.112,,nanica
2026-07-07,destino,CATALÃO,0.292,,outras
2026-07-07,destino,CATALÃO,0.128,,prata
2026-07-07,destino,CONTAGEM,216.315,,nanica
2026-07-07,destino,CONTAGEM,16.34,,outras
2026-07-07,destino,CONTAGEM,292.935,,prata
2026-07-07,destino,CURVELO,32.95,,nanica
2026-07-07,destino,CURVELO,12.0,,prata
2026-07-07,destino,DIVINÓPOLIS,18.9,,prata
2026-07-07,destino,FARTURA,20.9,,nanica
2026-07-07,destino,FARTURA,2.2,,prata
2026-07-07,destino,FRANCA,14.4,,nanica
2026-07-07,destino,GOIÂNIA,18.9,,prata
2026-07-07,destino,GOVERNADOR VALADARES,3.0,,nanica
2026-07-07,destino,GOVERNADOR VALADARES,3.0,,outras
2026-07-07,destino,GOVERNADOR VALADARES,3.0,,prata
2026-07-07,destino,GUARULHOS,13.86,,prata
2026-07-07,destino,IPAMERI,0.064,,nanica
2026-07-07,destino,IPAMERI,0.216,,outras
2026-07-07,destino,IPAMERI,0.064,,prata
2026-07-07,destino,ITAGUAÇU,6.5,,prata
2026-07-07,destino,ITAJUBÁ,5.0,,nanica
2026-07-07,destino,ITAJUBÁ,12.0,,prata
2026-07-07,destino,ITAMOGI,2.28,,prata
2026-07-07,destino,ITAPERUNA,0.5,,nanica
2026-07-07,destino,ITAPERUNA,0.5,,prata
2026-07-07,destino,ITARIRI,22.5,,nanica
2026-07-07,destino,ITARIRI,15.0,,prata
2026-07-07,destino,ITUMBIARA,0.27,,outras
2026-07-07,destino,JALES,13.5,,nanica
2026-07-07,destino,JANAÚBA,28.5,,nanica
2026-07-07,destino,JANAÚBA,5.4,,prata
2026-07-07,destino,JUNDIAÍ,47.76,,nanica
2026-07-07,destino,JUNDIAÍ,23.8,,prata
2026-07-07,destino,LONDRINA,7.98,,prata
2026-07-07,destino,MARIA DA FÉ,8.36,,prata
2026-07-07,destino,MATEUS LEME,4.0,,prata
2026-07-07,destino,MIRACATU,12.6,,prata
2026-07-07,destino,MONTES CLAROS,26.91,,nanica
2026-07-07,destino,MONTES CLAROS,6.1,,outras
2026-07-07,destino,MONTES CLAROS,10.705,,prata
2026-07-07,destino,MORRINHOS DO SUL,16.5,,prata
2026-07-07,destino,NITERÓI,19.0,,prata
2026-07-07,destino,NOVA PORTEIRINHA,24.0,,prata
2026-07-07,destino,NOVA UNIÃO,2.25,,prata
2026-07-07,destino,OSASCO,17.4,,nanica
2026-07-07,destino,OSASCO,13.5,,prata
2026-07-07,destino,PARAIBUNA,10.8,,nanica
2026-07-07,destino,PEDRALVA,6.0,,prata
2026-07-07,destino,PIAU,25.792,,prata
2026-07-07,destino,PIRAPORA,5.0,,prata
2026-07-07,destino,POUSO ALEGRE,10.0,,nanica
2026-07-07,destino,POUSO ALEGRE,28.4,,prata
2026-07-07,destino,QUIRINÓPOLIS,0.08,,nanica
2026-07-07,destino,QUIRINÓPOLIS,0.162,,outras
2026-07-07,destino,QUIRINÓPOLIS,0.096,,prata
2026-07-07,destino,RIBEIRÃO DAS NEVES,4.05,,nanica
2026-07-07,destino,RIBEIRÃO DAS NEVES,10.8,,prata
2026-07-07,destino,RIBEIRÃO PRETO,69.305,,nanica
2026-07-07,destino,RIBEIRÃO PRETO,31.185,,prata
2026-07-07,destino,RIO DE JANEIRO,33.46,,nanica
2026-07-07,destino,RIO DE JANEIRO,332.56,,prata
2026-07-07,destino,SANTA RITA DO PASSA QUATRO,7.125,,prata
2026-07-07,destino,SANTA RITA DO SAPUCAÍ,1.5,,nanica
2026-07-07,destino,SANTA RITA DO SAPUCAÍ,10.0,,prata
2026-07-07,destino,SANTO ANTÔNIO DO JARDIM,4.652,,prata
2026-07-07,destino,SEROPÉDICA,20.0,,prata
2026-07-07,destino,SUZANO,11.52,,prata
2026-07-07,destino,SÃO BERNARDO DO CAMPO,22.5,,nanica
2026-07-07,destino,SÃO BERNARDO DO CAMPO,20.885,,prata
2026-07-07,destino,SÃO FRANCISCO,6.0,,nanica
2026-07-07,destino,SÃO JOSÉ DO RIO PRETO,24.0,,nanica
2026-07-07,destino,SÃO JOSÉ DO RIO PRETO,9.504,,prata
2026-07-07,destino,SÃO JOSÉ DOS CAMPOS,9.0,,prata
2026-07-07,destino,SÃO JOÃO DA BOA VISTA,4.5,,nanica
2026-07-07,destino,SÃO JOÃO DA BOA VISTA,3.5,,prata
2026-07-07,destino,SÃO PAULO,58.838,,nanica
2026-07-07,destino,SÃO PAULO,74.377,,prata
2026-07-07,destino,TABOÃO DA SERRA,1.5,,outras
2026-07-07,destino,TABOÃO DA SERRA,13.5,,prata
2026-07-07,destino,TAUBATÉ,6.0,,nanica
2026-07-07,destino,TAUBATÉ,3.0,,prata
2026-07-07,destino,TRÊS RIOS,3.165,,nanica
2026-07-07,destino,TRÊS RIOS,1.2,,prata
2026-07-07,destino,UBERLÂNDIA,1.75,,outras
2026-07-07,destino,UBERLÂNDIA,11.0,,prata
2026-07-07,destino,UNAÍ,1.05,,nanica
2026-07-07,destino,UNAÍ,1.2,,prata
2026-07-07,destino,VALINHOS,4.0,,prata
2026-07-07,destino,VARGINHA,15.0,,prata
2026-07-07,destino,VOLTA REDONDA,2.4,,nanica
2026-07-07,destino,VOLTA REDONDA,5.2,,prata
2026-07-07,destino,VOTORANTIM,5.6,,prata
2026-07-07,destino,VÁRZEA PAULISTA,18.0,,nanica
2026-07-07,origem,ANDRADAS,7.0,,nanica
2026-07-07,origem,ANDRADAS,10.0,,prata
2026-07-07,origem,ARAÇUAÍ,4.0,,nanica
2026-07-07,origem,ARAÇUAÍ,63.68,,prata
2026-07-07,origem,AUGUSTO DE LIMA,2.95,,nanica
2026-07-07,origem,AUGUSTO DE LIMA,12.0,,prata
2026-07-07,origem,BELO HORIZONTE,20.035,,nanica
2026-07-07,origem,BELO HORIZONTE,2.85,,outras
2026-07-07,origem,BELO HORIZONTE,37.38,,prata
2026-07-07,origem,BRAZÓPOLIS,15.0,,nanica
2026-07-07,origem,BRAZÓPOLIS,90.9,,prata
2026-07-07,origem,CARANGOLA,0.5,,nanica
2026-07-07,origem,CARANGOLA,0.5,,prata
2026-07-07,origem,CARATINGA,6.0,,outras
2026-07-07,origem,CARATINGA,4.0,,prata
2026-07-07,origem,CENTRALINA,1.75,,outras
2026-07-07,origem,CLARO DOS POÇÕES,2.0,,outras
2026-07-07,origem,CLARO DOS POÇÕES,19.0,,prata
2026-07-07,origem,CONGONHAL,10.8,,nanica
2026-07-07,origem,CONTAGEM,65.005,,nanica
2026-07-07,origem,CONTAGEM,13.49,,outras
2026-07-07,origem,CONTAGEM,87.54,,prata
2026-07-07,origem,CURVELO,30.0,,nanica
2026-07-07,origem,CÁSSIA,27.84,,prata
2026-07-07,origem,DELFINÓPOLIS,9.9,,nanica
2026-07-07,origem,DELFINÓPOLIS,161.774,,prata
2026-07-07,origem,DIVINÓPOLIS,9.78,,prata
2026-07-07,origem,ESPINOSA,10.0,,prata
2026-07-07,origem,FRANCISCO SÁ,14.9,,nanica
2026-07-07,origem,FRANCISCO SÁ,0.6,,outras
2026-07-07,origem,GONÇALVES,3.0,,prata
2026-07-07,origem,ITACARAMBI,39.0,,nanica
2026-07-07,origem,JANAÚBA,23.0,,nanica
2026-07-07,origem,JANAÚBA,71.8,,prata
2026-07-07,origem,JAÍBA,453.44,,nanica
2026-07-07,origem,JAÍBA,1.5,,outras
2026-07-07,origem,JAÍBA,161.075,,prata
2026-07-07,origem,JEQUITINHONHA,24.3,,prata
2026-07-07,origem,LASSANCE,59.7,,prata
2026-07-07,origem,MANGA,34.4,,nanica
2026-07-07,origem,MARILAC,30.0,,prata
2026-07-07,origem,MATEUS LEME,15.0,,nanica
2026-07-07,origem,MATIAS CARDOSO,16.8,,nanica
2026-07-07,origem,MONTES CLAROS,18.69,,nanica
2026-07-07,origem,MONTES CLAROS,2.0,,outras
2026-07-07,origem,MONTES CLAROS,71.085,,prata
2026-07-07,origem,NOVA PORTEIRINHA,140.409,,prata
2026-07-07,origem,NOVA UNIÃO,41.25,,nanica
2026-07-07,origem,NOVA UNIÃO,18.75,,prata
2026-07-07,origem,PAULISTAS,3.525,,nanica
2026-07-07,origem,PAULISTAS,12.765,,prata
2026-07-07,origem,PEDRALVA,0.5,,prata
2026-07-07,origem,PIAU,20.0,,prata
2026-07-07,origem,PIRANGUÇU,6.0,,nanica
2026-07-07,origem,PIRANGUÇU,3.0,,prata
2026-07-07,origem,PIRAPORA,66.382,,prata
2026-07-07,origem,PONTO DOS VOLANTES,6.5,,prata
2026-07-07,origem,RIBEIRÃO DAS NEVES,24.0,,prata
2026-07-07,origem,SANTA RITA DO SAPUCAÍ,1.5,,nanica
2026-07-07,origem,SANTA RITA DO SAPUCAÍ,1.0,,prata
2026-07-07,origem,SANTO HIPÓLITO,22.8,,prata
2026-07-07,origem,SÃO DOMINGOS DAS DORES,3.0,,nanica
2026-07-07,origem,SÃO DOMINGOS DAS DORES,3.0,,outras
2026-07-07,origem,SÃO DOMINGOS DAS DORES,3.0,,prata
2026-07-07,origem,SÃO FRANCISCO,1.05,,nanica
2026-07-07,origem,SÃO FRANCISCO,1.2,,prata
2026-07-07,origem,SÃO JOAQUIM DE BICAS,15.0,,nanica
2026-07-07,origem,SÃO JOAQUIM DE BICAS,15.0,,prata
2026-07-07,origem,UBERLÂNDIA,1.056,,nanica
2026-07-07,origem,UBERLÂNDIA,1.26,,outras
2026-07-07,origem,UBERLÂNDIA,1.408,,prata
2026-07-07,origem,VERDELÂNDIA,42.27,,nanica
2026-07-07,origem,VERDELÂNDIA,3.375,,outras
2026-07-07,origem,VERDELÂNDIA,63.585,,prata
2026-07-07,origem,VÁRZEA DA PALMA,12.0,,prata
2026-07-08,destino,ANDRADAS,15.0,,prata
2026-07-08,destino,APARECIDA DE GOIÂNIA,0.75,,outras
2026-07-08,destino,ARAÇATUBA,24.0,,nanica
2026-07-08,destino,ARCOS,21.45,,prata
2026-07-08,destino,BRASÍLIA,3.75,,outras
2026-07-08,destino,BRASÍLIA,12.75,,prata
2026-07-08,destino,BURITI ALEGRE,1.0,,outras
2026-07-08,destino,CACHOEIRA PAULISTA,0.8,,nanica
2026-07-08,destino,CACHOEIRA PAULISTA,0.8,,prata
2026-07-08,destino,CAMPINAS,97.596,,nanica
2026-07-08,destino,CAMPINAS,3.6,,outras
2026-07-08,destino,CAMPINAS,24.78,,prata
2026-07-08,destino,CAMPO GRANDE,20.0,,nanica
2026-07-08,destino,CARATINGA,1.0,,nanica
2026-07-08,destino,CARATINGA,14.0,,outras
2026-07-08,destino,CARATINGA,3.0,,prata
2026-07-08,destino,CARIACICA,13.0,,prata
2026-07-08,destino,CAXIAS DO SUL,14.7,,prata
2026-07-08,destino,CHAPADÃO DO CÉU,0.06,,nanica
2026-07-08,destino,CHAPADÃO DO CÉU,0.02,,outras
2026-07-08,destino,CHAPADÃO DO CÉU,0.036,,prata
2026-07-08,destino,CHAPADÃO DO SUL,0.036,,nanica
2026-07-08,destino,CHAPADÃO DO SUL,0.092,,outras
2026-07-08,destino,CHAPADÃO DO SUL,0.28,,prata
2026-07-08,destino,CONTAGEM,126.5,,nanica
2026-07-08,destino,CONTAGEM,3.0,,outras
2026-07-08,destino,CONTAGEM,255.64,,prata
2026-07-08,destino,COSTA RICA,0.038,,nanica
2026-07-08,destino,COSTA RICA,0.019,,outras
2026-07-08,destino,DIVINÓPOLIS,1.18,,nanica
2026-07-08,destino,DIVINÓPOLIS,6.87,,prata
2026-07-08,destino,FRANCA,14.0,,nanica
2026-07-08,destino,GOIÂNIA,6.0,,outras
2026-07-08,destino,GUARULHOS,23.499,,prata
2026-07-08,destino,INOCÊNCIA,0.957,,nanica
2026-07-08,destino,INOCÊNCIA,0.074,,outras
2026-07-08,destino,INOCÊNCIA,1.108,,prata
2026-07-08,destino,ITAJUBÁ,7.2,,prata
2026-07-08,destino,ITUMBIARA,0.219,,nanica
2026-07-08,destino,ITUMBIARA,0.058,,outras
2026-07-08,destino,ITUMBIARA,0.54,,prata
2026-07-08,destino,JALES,31.5,,nanica
2026-07-08,destino,JARDINÓPOLIS,27.0,,nanica
2026-07-08,destino,JAÚ,22.2,,nanica
2026-07-08,destino,JUNDIAÍ,24.7,,prata
2026-07-08,destino,LONDRINA,23.0,,nanica
2026-07-08,destino,LORENA,0.8,,nanica
2026-07-08,destino,LORENA,0.8,,prata
2026-07-08,destino,MARINGÁ,79.3,,nanica
2026-07-08,destino,MIRACATU,14.0,,nanica
2026-07-08,destino,MIRACATU,22.6,,prata
2026-07-08,destino,MONTE SANTO DE MINAS,0.9,,prata
2026-07-08,destino,MONTENEGRO,16.172,,prata
2026-07-08,destino,MONTES CLAROS,75.4,,prata
2026-07-08,destino,NITERÓI,18.0,,prata
2026-07-08,destino,NOVA PORTEIRINHA,12.0,,prata
2026-07-08,destino,NOVA UNIÃO,10.5,,prata
2026-07-08,destino,OSASCO,17.4,,nanica
2026-07-08,destino,OSASCO,29.0,,prata
2026-07-08,destino,PARANAÍBA,0.04,,outras
2026-07-08,destino,PARANAÍBA,0.018,,prata
2026-07-08,destino,PARAOPEBA,30.0,,nanica
2026-07-08,destino,PARAOPEBA,15.0,,prata
2026-07-08,destino,PARAÍSO DAS ÁGUAS,0.175,,nanica
2026-07-08,destino,PARAÍSO DAS ÁGUAS,0.038,,outras
2026-07-08,destino,PATOS DE MINAS,4.7,,nanica
2026-07-08,destino,PATOS DE MINAS,3.9,,outras
2026-07-08,destino,PATOS DE MINAS,5.7,,prata
2026-07-08,destino,PEDRALVA,30.0,,nanica
2026-07-08,destino,PETRÓPOLIS,11.0,,prata
2026-07-08,destino,PIAU,19.0,,nanica
2026-07-08,destino,PIAU,9.0,,prata
2026-07-08,destino,POÇOS DE CALDAS,3.0,,prata
2026-07-08,destino,QUIRINÓPOLIS,0.247,,nanica
2026-07-08,destino,QUIRINÓPOLIS,0.046,,outras
2026-07-08,destino,QUIRINÓPOLIS,0.378,,prata
2026-07-08,destino,RIBEIRÃO DAS NEVES,2.7,,nanica
2026-07-08,destino,RIBEIRÃO DAS NEVES,45.75,,prata
2026-07-08,destino,RIBEIRÃO PRETO,71.2,,nanica
2026-07-08,destino,RIBEIRÃO PRETO,12.036,,prata
2026-07-08,destino,RIO DE JANEIRO,228.0,,prata
2026-07-08,destino,RIO VERDE,0.171,,nanica
2026-07-08,destino,RIO VERDE,0.037,,outras
2026-07-08,destino,RIO VERDE,0.198,,prata
2026-07-08,destino,SANTANA DE PIRAPAMA,10.0,,prata
2026-07-08,destino,SUZANO,11.456,,prata
2026-07-08,destino,SÃO BERNARDO DO CAMPO,19.5,,prata
2026-07-08,destino,SÃO JOSÉ DOS CAMPOS,21.608,,prata
2026-07-08,destino,SÃO MATEUS,0.15,,prata
2026-07-08,destino,SÃO PAULO,83.0,,nanica
2026-07-08,destino,SÃO PAULO,89.024,,prata
2026-07-08,destino,TABOÃO DA SERRA,15.0,,nanica
2026-07-08,destino,TABOÃO DA SERRA,35.404,,prata
2026-07-08,destino,TAUBATÉ,2.5,,nanica
2026-07-08,destino,TAUBATÉ,5.0,,prata
2026-07-08,destino,TRÊS CORAÇÕES,58.7,,nanica
2026-07-08,destino,TRÊS CORAÇÕES,14.0,,prata
2026-07-08,destino,TRÊS RIOS,1.245,,nanica
2026-07-08,destino,TRÊS RIOS,0.015,,outras
2026-07-08,destino,TRÊS RIOS,1.53,,prata
2026-07-08,destino,UBERABA,2.55,,prata
2026-07-08,destino,UBERLÂNDIA,10.0,,nanica
2026-07-08,destino,UBERLÂNDIA,27.0,,outras
2026-07-08,destino,UBERLÂNDIA,18.5,,prata
2026-07-08,destino,VOLTA REDONDA,12.8,,prata
2026-07-08,destino,VÁRZEA PAULISTA,27.0,,nanica
2026-07-08,origem,ALFENAS,15.0,,prata
2026-07-08,origem,ANDRADAS,3.0,,prata
2026-07-08,origem,ARAÇUAÍ,36.0,,prata
2026-07-08,origem,ARCOS,12.0,,prata
2026-07-08,origem,BOCAIÚVA,16.0,,prata
2026-07-08,origem,BRAZÓPOLIS,4.1,,nanica
2026-07-08,origem,BRAZÓPOLIS,17.6,,prata
2026-07-08,origem,CANÁPOLIS,37.0,,outras
2026-07-08,origem,CAPITÃO ENÉAS,11.0,,nanica
2026-07-08,origem,CAPITÃO ENÉAS,5.0,,prata
2026-07-08,origem,CONTAGEM,97.2,,nanica
2026-07-08,origem,CONTAGEM,143.0,,prata
2026-07-08,origem,CURVELO,15.0,,nanica
2026-07-08,origem,CÁSSIA,11.1,,prata
2026-07-08,origem,DELFINÓPOLIS,1.18,,nanica
2026-07-08,origem,DELFINÓPOLIS,206.983,,prata
2026-07-08,origem,ESPINOSA,20.0,,prata
2026-07-08,origem,FRANCISCO SÁ,10.0,,prata
2026-07-08,origem,INHAPIM,1.0,,nanica
2026-07-08,origem,INHAPIM,14.0,,outras
2026-07-08,origem,INHAPIM,3.0,,prata
2026-07-08,origem,IPATINGA,0.15,,prata
2026-07-08,origem,ITACARAMBI,37.0,,nanica
2026-07-08,origem,JANAÚBA,82.0,,prata
2026-07-08,origem,JAÍBA,533.576,,nanica
2026-07-08,origem,JAÍBA,3.6,,outras
2026-07-08,origem,JAÍBA,150.2,,prata
2026-07-08,origem,LAGOA FORMOSA,4.7,,nanica
2026-07-08,origem,LAGOA FORMOSA,3.9,,outras
2026-07-08,origem,LAGOA FORMOSA,5.7,,prata
2026-07-08,origem,LASSANCE,50.8,,prata
2026-07-08,origem,MARILAC,14.64,,prata
2026-07-08,origem,MATIAS CARDOSO,11.52,,nanica
2026-07-08,origem,MATIAS CARDOSO,10.0,,prata
2026-07-08,origem,MONTES CLAROS,65.7,,prata
2026-07-08,origem,NOVA PORTEIRINHA,105.9,,prata
2026-07-08,origem,NOVA UNIÃO,30.0,,nanica
2026-07-08,origem,PARAOPEBA,30.0,,nanica
2026-07-08,origem,PARAOPEBA,15.0,,prata
2026-07-08,origem,PEDRALVA,15.0,,nanica
2026-07-08,origem,PEDRAS DE MARIA DA CRUZ,15.0,,prata
2026-07-08,origem,PIAU,19.0,,nanica
2026-07-08,origem,PIAU,9.0,,prata
2026-07-08,origem,PIRAPORA,42.05,,prata
2026-07-08,origem,PORTEIRINHA,18.1,,prata
2026-07-08,origem,SANTANA DE PIRAPAMA,10.0,,prata
2026-07-08,origem,SÃO JOÃO BATISTA DO GLÓRIA,12.036,,prata
2026-07-08,origem,SÃO JOÃO DA PONTE,11.0,,prata
2026-07-08,origem,TAQUARAÇU DE MINAS,6.0,,nanica
2026-07-08,origem,TAQUARAÇU DE MINAS,6.0,,prata
2026-07-08,origem,UBERLÂNDIA,1.903,,nanica
2026-07-08,origem,UBERLÂNDIA,0.424,,outras
2026-07-08,origem,UBERLÂNDIA,2.858,,prata
2026-07-08,origem,VERDELÂNDIA,39.045,,nanica
2026-07-08,origem,VERDELÂNDIA,4.515,,outras
2026-07-08,origem,VERDELÂNDIA,57.51,,prata
2026-07-09,destino,ALTEROSA,4.176,,prata
2026-07-09,destino,AMERICANA,23.1,,nanica
2026-07-09,destino,APARECIDA DE GOIÂNIA,2.88,,outras
2026-07-09,destino,APARECIDA DE GOIÂNIA,8.64,,prata
2026-07-09,destino,BARBACENA,22.5,,nanica
2026-07-09,destino,BARBACENA,1.5,,outras
2026-07-09,destino,BARBACENA,36.0,,prata
2026-07-09,destino,BRASÍLIA,58.08,,prata
2026-07-09,destino,CALDAS,1.5,,prata
2026-07-09,destino,CAMPINAS,89.55,,nanica
2026-07-09,destino,CAMPINAS,1.44,,outras
2026-07-09,destino,CAMPINAS,42.0,,prata
2026-07-09,destino,CAMPO GRANDE,43.3,,nanica
2026-07-09,destino,CAMPO GRANDE,2.5,,prata
2026-07-09,destino,CARATINGA,7.0,,prata
2026-07-09,destino,CARIACICA,54.16,,prata
2026-07-09,destino,CATALÃO,0.16,,nanica
2026-07-09,destino,CATALÃO,0.286,,outras
2026-07-09,destino,CATALÃO,0.411,,prata
2026-07-09,destino,CONCEIÇÃO DAS PEDRAS,5.5,,prata
2026-07-09,destino,CONGONHAL,30.0,,nanica
2026-07-09,destino,CONTAGEM,212.87,,nanica
2026-07-09,destino,CONTAGEM,29.105,,outras
2026-07-09,destino,CONTAGEM,308.35,,prata
2026-07-09,destino,CUMARI,0.072,,outras
2026-07-09,destino,CURVELO,75.0,,nanica
2026-07-09,destino,CURVELO,15.0,,prata
2026-07-09,destino,DIADEMA,13.5,,prata
2026-07-09,destino,DIVINÓPOLIS,4.5,,prata
2026-07-09,destino,FOZ DO IGUAÇU,11.818,,prata
2026-07-09,destino,FRANCA,22.0,,nanica
2026-07-09,destino,FRANCA,14.08,,prata
2026-07-09,destino,GUARANÉSIA,15.0,,prata
2026-07-09,destino,GUARULHOS,22.5,,nanica
2026-07-09,destino,ITAJUBÁ,7.0,,nanica
2026-07-09,destino,JANAÚBA,43.31,,nanica
2026-07-09,destino,JANAÚBA,10.0,,prata
2026-07-09,destino,JARDINÓPOLIS,12.0,,prata
2026-07-09,destino,JESUÂNIA,7.29,,prata
2026-07-09,destino,JUIZ DE FORA,18.12,,prata
2026-07-09,destino,JUNDIAÍ,11.0,,prata
2026-07-09,destino,LIMEIRA,8.064,,prata
2026-07-09,destino,MARINGÁ,22.6,,nanica
2026-07-09,destino,MINEIROS DO TIETÊ,2.5,,prata
2026-07-09,destino,MIRACATU,42.5,,nanica
2026-07-09,destino,MIRACATU,11.2,,prata
2026-07-09,destino,MONTES CLAROS,34.65,,prata
2026-07-09,destino,MORRINHOS DO SUL,15.0,,prata
2026-07-09,destino,NITERÓI,34.0,,prata
2026-07-09,destino,NOVA PORTEIRINHA,6.0,,prata
2026-07-09,destino,OSASCO,55.28,,nanica
2026-07-09,destino,OSASCO,1.04,,outras
2026-07-09,destino,OSASCO,37.01,,prata
2026-07-09,destino,PARAOPEBA,7.0,,nanica
2026-07-09,destino,PARÁ DE MINAS,15.0,,prata
2026-07-09,destino,PETRÓPOLIS,3.0,,nanica
2026-07-09,destino,PETRÓPOLIS,1.5,,prata
2026-07-09,destino,PINDAMONHANGABA,1.0,,nanica
2026-07-09,destino,PINDAMONHANGABA,1.0,,prata
2026-07-09,destino,PIRACICABA,12.0,,nanica
2026-07-09,destino,PIRANGUÇU,35.3,,nanica
2026-07-09,destino,PIRANGUÇU,4.5,,prata
2026-07-09,destino,PORTO ALEGRE,9.559,,prata
2026-07-09,destino,POTIM,2.0,,nanica
2026-07-09,destino,POUSO ALEGRE,2.5,,nanica
2026-07-09,destino,POUSO ALEGRE,3.8,,prata
2026-07-09,destino,POÇOS DE CALDAS,4.5,,prata
2026-07-09,destino,QUIRINÓPOLIS,0.8,,nanica
2026-07-09,destino,QUIRINÓPOLIS,1.12,,prata
2026-07-09,destino,RIBEIRÃO DAS NEVES,10.8,,nanica
2026-07-09,destino,RIBEIRÃO DAS NEVES,22.8,,prata
2026-07-09,destino,RIBEIRÃO PRETO,52.02,,nanica
2026-07-09,destino,RIBEIRÃO PRETO,9.93,,prata
2026-07-09,destino,RIO DE JANEIRO,114.24,,nanica
2026-07-09,destino,RIO DE JANEIRO,268.71,,prata
2026-07-09,destino,SANTA BÁRBARA D'OESTE,8.3,,nanica
2026-07-09,destino,SANTA BÁRBARA D'OESTE,3.8,,prata
2026-07-09,destino,SANTA BÁRBARA DO TUGÚRIO,5.0,,prata
2026-07-09,destino,SANTA RITA DE CALDAS,1.5,,prata
2026-07-09,destino,SANTO ANDRÉ,13.8,,prata
2026-07-09,destino,SANTO ANTÔNIO DO JARDIM,15.6,,nanica
2026-07-09,destino,SANTO ANTÔNIO DO JARDIM,10.0,,prata
2026-07-09,destino,SAPUCAIA DO SUL,17.0,,prata
2026-07-09,destino,SAPUCAÍ-MIRIM,4.0,,nanica
2026-07-09,destino,SAPUCAÍ-MIRIM,7.0,,prata
2026-07-09,destino,SEROPÉDICA,12.0,,prata
2026-07-09,destino,SOROCABA,7.68,,prata
2026-07-09,destino,SÃO BERNARDO DO CAMPO,26.81,,prata
2026-07-09,destino,SÃO FRANCISCO,3.0,,prata
2026-07-09,destino,SÃO GONÇALO,12.0,,prata
2026-07-09,destino,SÃO JOSÉ DO RIO PRETO,37.2,,nanica
2026-07-09,destino,SÃO JOÃO DA MATA,6.0,,prata
2026-07-09,destino,SÃO PAULO,89.84,,nanica
2026-07-09,destino,SÃO PAULO,93.005,,prata
2026-07-09,destino,TAUBATÉ,16.55,,nanica
2026-07-09,destino,TAUBATÉ,1.25,,prata
2026-07-09,destino,TRÊS RIOS,4.5,,nanica
2026-07-09,destino,TRÊS RIOS,0.235,,outras
2026-07-09,destino,TRÊS RIOS,2.25,,prata
2026-07-09,destino,UBERLÂNDIA,75.0,,nanica
2026-07-09,destino,UBERLÂNDIA,49.7,,outras
2026-07-09,destino,UBERLÂNDIA,91.9,,prata
2026-07-09,destino,VASSOURAS,0.02,,outras
2026-07-09,destino,VOTORANTIM,10.4,,prata
2026-07-09,destino,VÁRZEA PAULISTA,40.7,,nanica
2026-07-09,destino,VÁRZEA PAULISTA,16.5,,prata
2026-07-09,origem,ANDRADAS,29.5,,prata
2026-07-09,origem,ARAGUARI,12.0,,nanica
2026-07-09,origem,ARAGUARI,3.0,,outras
2026-07-09,origem,ARAÇUAÍ,72.61,,prata
2026-07-09,origem,BARBACENA,22.5,,nanica
2026-07-09,origem,BARBACENA,1.5,,outras
2026-07-09,origem,BARBACENA,36.0,,prata
2026-07-09,origem,BRAZÓPOLIS,13.75,,nanica
2026-07-09,origem,BRAZÓPOLIS,21.05,,prata
2026-07-09,origem,CAMPINA VERDE,3.3,,outras
2026-07-09,origem,CAPITÃO ENÉAS,15.3,,nanica
2026-07-09,origem,CAPITÃO ENÉAS,10.0,,prata
2026-07-09,origem,CLARO DOS POÇÕES,19.0,,prata
2026-07-09,origem,CONCEIÇÃO DAS PEDRAS,10.5,,prata
2026-07-09,origem,CONTAGEM,62.18,,nanica
2026-07-09,origem,CONTAGEM,10.605,,outras
2026-07-09,origem,CONTAGEM,82.43,,prata
2026-07-09,origem,CURVELO,120.0,,nanica
2026-07-09,origem,CURVELO,26.77,,prata
2026-07-09,origem,CÁSSIA,10.4,,prata
2026-07-09,origem,DELFINÓPOLIS,184.677,,prata
2026-07-09,origem,ESPINOSA,28.0,,prata
2026-07-09,origem,IBITIÚRA DE MINAS,3.0,,prata
2026-07-09,origem,ITACARAMBI,40.0,,nanica
2026-07-09,origem,JANAÚBA,38.82,,nanica
2026-07-09,origem,JANAÚBA,66.555,,prata
2026-07-09,origem,JAÍBA,637.74,,nanica
2026-07-09,origem,JAÍBA,4.32,,outras
2026-07-09,origem,JAÍBA,168.74,,prata
2026-07-09,origem,JEQUITINHONHA,45.8,,prata
2026-07-09,origem,JUIZ DE FORA,0.18,,outras
2026-07-09,origem,LASSANCE,13.5,,nanica
2026-07-09,origem,LASSANCE,58.8,,prata
2026-07-09,origem,MANGA,17.46,,nanica
2026-07-09,origem,MARILAC,21.0,,prata
2026-07-09,origem,MATIAS CARDOSO,3.0,,nanica
2026-07-09,origem,MATIAS CARDOSO,15.0,,prata
2026-07-09,origem,MONTE ALEGRE DE MINAS,5.0,,outras
2026-07-09,origem,MONTES CLAROS,27.2,,prata
2026-07-09,origem,NOVA PORTEIRINHA,110.38,,prata
2026-07-09,origem,PARAOPEBA,7.0,,nanica
2026-07-09,origem,PAULISTAS,14.5,,prata
2026-07-09,origem,PEDRALVA,30.0,,nanica
2026-07-09,origem,PEDRAS DE MARIA DA CRUZ,14.0,,prata
2026-07-09,origem,PIAU,3.0,,nanica
2026-07-09,origem,PIAU,1.5,,prata
2026-07-09,origem,PIRANGUÇU,39.3,,nanica
2026-07-09,origem,PIRANGUÇU,11.5,,prata
2026-07-09,origem,PIRAPORA,59.58,,prata
2026-07-09,origem,PORTEIRINHA,20.38,,prata
2026-07-09,origem,RIBEIRÃO DAS NEVES,49.04,,nanica
2026-07-09,origem,RIBEIRÃO DAS NEVES,9.2,,outras
2026-07-09,origem,RIBEIRÃO DAS NEVES,108.24,,prata
2026-07-09,origem,SÃO FRANCISCO,39.08,,prata
2026-07-09,origem,SÃO JOSÉ DA VARGINHA,15.0,,prata
2026-07-09,origem,SÃO JOÃO DA MATA,6.0,,prata
2026-07-09,origem,UBAPORANGA,6.0,,nanica
2026-07-09,origem,UBAPORANGA,6.0,,outras
2026-07-09,origem,UBAPORANGA,10.0,,prata
2026-07-09,origem,UBERLÂNDIA,61.96,,nanica
2026-07-09,origem,UBERLÂNDIA,42.058,,outras
2026-07-09,origem,UBERLÂNDIA,60.431,,prata
2026-07-09,origem,VERDELÂNDIA,51.47,,nanica
2026-07-09,origem,VERDELÂNDIA,1.115,,outras
2026-07-09,origem,VERDELÂNDIA,84.74,,prata
2026-07-10,destino,AMERICANA,23.1,,nanica
2026-07-10,destino,ARAÇATUBA,24.0,,nanica
2026-07-10,destino,ARAÇATUBA,4.5,,prata
2026-07-10,destino,BARUERI,10.8,,prata
2026-07-10,destino,BAURU,16.47,,prata
2026-07-10,destino,BOTELHOS,1.5,,prata
2026-07-10,destino,BRASÍLIA,33.9,,prata
2026-07-10,destino,BRAZÓPOLIS,27.6,,prata
2026-07-10,destino,CAIEIRAS,12.8,,nanica
2026-07-10,destino,CAMPINAS,124.345,,nanica
2026-07-10,destino,CAMPINAS,1.5,,outras
2026-07-10,destino,CAMPINAS,76.635,,prata
2026-07-10,destino,CAMPO GRANDE,60.94,,nanica
2026-07-10,destino,CAMPO GRANDE,7.12,,prata
2026-07-10,destino,CAMPOS DO JORDÃO,0.5,,nanica
2026-07-10,destino,CAMPOS DO JORDÃO,0.5,,prata
2026-07-10,destino,CARATINGA,2.0,,nanica
2026-07-10,destino,CARATINGA,9.0,,outras
2026-07-10,destino,CARATINGA,4.0,,prata
2026-07-10,destino,CARIACICA,12.0,,nanica
2026-07-10,destino,CARIACICA,36.0,,prata
2026-07-10,destino,CATALÃO,0.112,,nanica
2026-07-10,destino,CATALÃO,0.28,,outras
2026-07-10,destino,CATALÃO,0.128,,prata
2026-07-10,destino,CHAPADÃO DO SUL,0.054,,outras
2026-07-10,destino,CHAPADÃO DO SUL,0.19,,prata
2026-07-10,destino,CONTAGEM,166.6,,nanica
2026-07-10,destino,CONTAGEM,13.5,,outras
2026-07-10,destino,CONTAGEM,252.95,,prata
2026-07-10,destino,COSTA RICA,0.019,,nanica
2026-07-10,destino,COSTA RICA,0.019,,outras
2026-07-10,destino,CRISTINA,7.505,,prata
2026-07-10,destino,CURVELO,30.0,,prata
2026-07-10,destino,DELFINÓPOLIS,10.5,,prata
2026-07-10,destino,DIADEMA,13.5,,nanica
2026-07-10,destino,GOIÂNIA,21.0,,prata
2026-07-10,destino,GUANHÃES,4.0,,nanica
2026-07-10,destino,GUANHÃES,11.0,,prata
2026-07-10,destino,GUARULHOS,13.5,,nanica
2026-07-10,destino,GUARULHOS,21.0,,prata
2026-07-10,destino,INOCÊNCIA,0.057,,nanica
2026-07-10,destino,INOCÊNCIA,0.036,,outras
2026-07-10,destino,INOCÊNCIA,0.038,,prata
2026-07-10,destino,IPAMERI,0.064,,nanica
2026-07-10,destino,IPAMERI,0.236,,outras
2026-07-10,destino,IPAMERI,0.064,,prata
2026-07-10,destino,ITAJUBÁ,10.86,,prata
2026-07-10,destino,ITAPERUNA,0.5,,nanica
2026-07-10,destino,ITAPERUNA,0.5,,prata
2026-07-10,destino,ITARIRI,24.0,,nanica
2026-07-10,destino,ITARIRI,19.122,,prata
2026-07-10,destino,ITUMBIARA,0.257,,nanica
2026-07-10,destino,ITUMBIARA,0.298,,outras
2026-07-10,destino,ITUMBIARA,2.708,,prata
2026-07-10,destino,JANAÚBA,46.12,,nanica
2026-07-10,destino,JANAÚBA,25.0,,prata
2026-07-10,destino,JUNDIAÍ,5.992,,nanica
2026-07-10,destino,JUNDIAÍ,10.8,,prata
2026-07-10,destino,LORENA,1.5,,nanica
2026-07-10,destino,LORENA,3.5,,prata
2026-07-10,destino,MARINGÁ,11.7,,nanica
2026-07-10,destino,MARINGÁ,6.0,,prata
2026-07-10,destino,MASSARANDUBA,4.0,,nanica
2026-07-10,destino,MINEIROS DO TIETÊ,11.25,,nanica
2026-07-10,destino,MIRACATU,28.0,,nanica
2026-07-10,destino,MIRACATU,12.7,,prata
2026-07-10,destino,MONTES CLAROS,20.94,,nanica
2026-07-10,destino,MONTES CLAROS,48.4,,prata
2026-07-10,destino,NITERÓI,35.0,,prata
2026-07-10,destino,NOVA PORTEIRINHA,4.0,,nanica
2026-07-10,destino,NOVA PORTEIRINHA,19.935,,prata
2026-07-10,destino,NOVA UNIÃO,15.0,,nanica
2026-07-10,destino,NOVO ITACOLOMI,14.0,,prata
2026-07-10,destino,OSASCO,14.5,,prata
2026-07-10,destino,PARAIBUNA,31.792,,nanica
2026-07-10,destino,PARANAÍBA,0.038,,nanica
2026-07-10,destino,PARAOPEBA,150.0,,nanica
2026-07-10,destino,PARAOPEBA,75.0,,prata
2026-07-10,destino,PARAÍSO DAS ÁGUAS,0.095,,nanica
2026-07-10,destino,PARAÍSO DAS ÁGUAS,0.019,,outras
2026-07-10,destino,PATOS DE MINAS,0.95,,nanica
2026-07-10,destino,PATOS DE MINAS,14.4,,prata
2026-07-10,destino,PEDRALVA,14.3,,nanica
2026-07-10,destino,PERUÍBE,6.0,,nanica
2026-07-10,destino,PIEDADE DE CARATINGA,11.0,,prata
2026-07-10,destino,PINDAMONHANGABA,3.0,,prata
2026-07-10,destino,PIRACICABA,5.3,,prata
2026-07-10,destino,PIRANGUÇU,5.8,,nanica
2026-07-10,destino,PIRANGUÇU,12.96,,prata
2026-07-10,destino,PIRAPORA,15.0,,prata
2026-07-10,destino,PORTO ALEGRE,13.68,,prata
2026-07-10,destino,QUIRINÓPOLIS,0.276,,nanica
2026-07-10,destino,QUIRINÓPOLIS,0.186,,outras
2026-07-10,destino,QUIRINÓPOLIS,1.238,,prata
2026-07-10,destino,RECREIO,2.4,,prata
2026-07-10,destino,RIBEIRÃO DAS NEVES,10.665,,nanica
2026-07-10,destino,RIBEIRÃO DAS NEVES,37.8,,prata
2026-07-10,destino,RIBEIRÃO PRETO,75.019,,nanica
2026-07-10,destino,RIBEIRÃO PRETO,11.7,,outras
2026-07-10,destino,RIBEIRÃO PRETO,20.79,,prata
2026-07-10,destino,RIO DE JANEIRO,102.78,,nanica
2026-07-10,destino,RIO DE JANEIRO,0.81,,outras
2026-07-10,destino,RIO DE JANEIRO,464.58,,prata
2026-07-10,destino,RIO VERDE,0.133,,nanica
2026-07-10,destino,RIO VERDE,0.074,,outras
2026-07-10,destino,RIO VERDE,0.736,,prata
2026-07-10,destino,SANTA BÁRBARA D'OESTE,6.5,,prata
2026-07-10,destino,SANTO ANTÔNIO DO JARDIM,4.652,,prata
2026-07-10,destino,SAPUCAIA DO SUL,8.0,,prata
2026-07-10,destino,SETE BARRAS,15.0,,nanica
2026-07-10,destino,SOROCABA,11.52,,nanica
2026-07-10,destino,SUZANO,11.456,,prata
2026-07-10,destino,SÃO BENTO DO SAPUCAÍ,9.0,,prata
2026-07-10,destino,SÃO BERNARDO DO CAMPO,40.87,,prata
2026-07-10,destino,SÃO GONÇALO,24.0,,prata
2026-07-10,destino,SÃO JOSÉ DO RIO PRETO,10.176,,nanica
2026-07-10,destino,SÃO JOSÉ DO RIO PRETO,13.824,,prata
2026-07-10,destino,SÃO JOSÉ DOS CAMPOS,4.0,,prata
2026-07-10,destino,SÃO PAULO,90.36,,nanica
2026-07-10,destino,SÃO PAULO,1.44,,outras
2026-07-10,destino,SÃO PAULO,162.495,,prata
2026-07-10,destino,TAUBATÉ,16.92,,prata
2026-07-10,destino,TRÊS RIOS,2.25,,nanica
2026-07-10,destino,TRÊS RIOS,0.045,,outras
2026-07-10,destino,TRÊS RIOS,2.25,,prata
2026-07-10,destino,UBERLÂNDIA,34.392,,nanica
2026-07-10,destino,UBERLÂNDIA,87.726,,outras
2026-07-10,destino,UBERLÂNDIA,91.04,,prata
2026-07-10,destino,UNAÍ,1.05,,nanica
2026-07-10,destino,UNAÍ,1.35,,prata
2026-07-10,destino,VÁRZEA PAULISTA,31.7,,nanica
2026-07-10,destino,VÁRZEA PAULISTA,13.5,,prata
2026-07-10,origem,ANDRADAS,1.5,,prata
2026-07-10,origem,ARAÇUAÍ,80.85,,prata
2026-07-10,origem,BOCAIÚVA,16.0,,prata
2026-07-10,origem,BRAZÓPOLIS,21.78,,nanica
2026-07-10,origem,BRAZÓPOLIS,11.4,,prata
2026-07-10,origem,CANTAGALO,4.0,,nanica
2026-07-10,origem,CANTAGALO,11.0,,prata
2026-07-10,origem,CANÁPOLIS,9.0,,outras
2026-07-10,origem,CAPITÃO ENÉAS,11.52,,nanica
2026-07-10,origem,CAPITÃO ENÉAS,36.92,,prata
2026-07-10,origem,CARANGOLA,0.5,,nanica
2026-07-10,origem,CARANGOLA,0.5,,prata
2026-07-10,origem,CONSOLAÇÃO,2.0,,prata
2026-07-10,origem,CURVELO,15.0,,nanica
2026-07-10,origem,CURVELO,30.0,,prata
2026-07-10,origem,CÁSSIA,80.238,,prata
2026-07-10,origem,DELFINÓPOLIS,19.3,,nanica
2026-07-10,origem,DELFINÓPOLIS,213.602,,prata
2026-07-10,origem,ESPINOSA,44.0,,prata
2026-07-10,origem,GONÇALVES,2.0,,prata
2026-07-10,origem,IAPU,7.5,,nanica
2026-07-10,origem,IAPU,7.5,,outras
2026-07-10,origem,INDIANÓPOLIS,35.5,,prata
2026-07-10,origem,INHAPIM,2.0,,nanica
2026-07-10,origem,INHAPIM,9.0,,outras
2026-07-10,origem,INHAPIM,4.0,,prata
2026-07-10,origem,ITACARAMBI,46.0,,nanica
2026-07-10,origem,ITAOBIM,15.0,,prata
2026-07-10,origem,ITINGA,7.8,,prata
2026-07-10,origem,JANAÚBA,126.68,,prata
2026-07-10,origem,JAÍBA,702.447,,nanica
2026-07-10,origem,JAÍBA,7.14,,outras
2026-07-10,origem,JAÍBA,202.745,,prata
2026-07-10,origem,JEQUITINHONHA,44.0,,prata
2026-07-10,origem,LASSANCE,108.7,,prata
2026-07-10,origem,MANGA,23.1,,nanica
2026-07-10,origem,MARILAC,30.0,,prata
2026-07-10,origem,MATIAS CARDOSO,16.72,,nanica
2026-07-10,origem,MATIAS CARDOSO,35.0,,prata
2026-07-10,origem,MONTES CLAROS,12.8,,nanica
2026-07-10,origem,MONTES CLAROS,127.64,,prata
2026-07-10,origem,NOVA PORTEIRINHA,11.52,,nanica
2026-07-10,origem,NOVA PORTEIRINHA,215.254,,prata
2026-07-10,origem,NOVA UNIÃO,30.0,,nanica
2026-07-10,origem,PARAOPEBA,150.0,,nanica
2026-07-10,origem,PARAOPEBA,75.0,,prata
2026-07-10,origem,PEDRALVA,26.312,,nanica
2026-07-10,origem,PEDRAS DE MARIA DA CRUZ,18.0,,prata
2026-07-10,origem,PIRAPORA,0.95,,nanica
2026-07-10,origem,PIRAPORA,70.92,,prata
2026-07-10,origem,SANTO HIPÓLITO,12.0,,prata
2026-07-10,origem,SÃO FRANCISCO,1.05,,nanica
2026-07-10,origem,SÃO FRANCISCO,37.35,,prata
2026-07-10,origem,SÃO JOÃO BATISTA DO GLÓRIA,7.505,,prata
2026-07-10,origem,TOCANTINS,2.4,,prata
2026-07-10,origem,UBERLÂNDIA,47.443,,nanica
2026-07-10,origem,UBERLÂNDIA,88.928,,outras
2026-07-10,origem,UBERLÂNDIA,75.142,,prata
2026-07-10,origem,VERDELÂNDIA,75.15,,nanica
2026-07-10,origem,VERDELÂNDIA,5.355,,outras
2026-07-10,origem,VERDELÂNDIA,103.52,,prata
2026-07-11,destino,CHAPADÃO DO CÉU,0.06,,nanica
2026-07-11,destino,CHAPADÃO DO CÉU,0.036,,prata
2026-07-11,destino,CHAPADÃO DO SUL,0.02,,nanica
2026-07-11,destino,CHAPADÃO DO SUL,0.04,,outras
2026-07-11,destino,CHAPADÃO DO SUL,0.144,,prata
2026-07-11,destino,CONTAGEM,41.0,,nanica
2026-07-11,destino,CONTAGEM,62.7,,prata
2026-07-11,destino,INOCÊNCIA,1.02,,nanica
2026-07-11,destino,INOCÊNCIA,0.096,,outras
2026-07-11,destino,INOCÊNCIA,0.27,,prata
2026-07-11,destino,JARDINÓPOLIS,10.0,,nanica
2026-07-11,destino,JARDINÓPOLIS,8.0,,prata
2026-07-11,destino,JUNDIAÍ,23.52,,nanica
2026-07-11,destino,JUNDIAÍ,12.6,,prata
2026-07-11,destino,MIRACATU,12.6,,nanica
2026-07-11,destino,MONTES CLAROS,10.26,,nanica
2026-07-11,destino,MONTES CLAROS,3.0,,outras
2026-07-11,destino,NOVA UNIÃO,12.0,,prata
2026-07-11,destino,PIEDADE,11.52,,prata
2026-07-11,destino,RIBEIRÃO DAS NEVES,12.0,,prata
2026-07-11,destino,RIBEIRÃO PRETO,9.9,,prata
2026-07-11,destino,RIO DE JANEIRO,17.0,,nanica
2026-07-11,destino,RIO DE JANEIRO,74.4,,prata
2026-07-11,destino,SÃO CAETANO DO SUL,9.375,,nanica
2026-07-11,destino,SÃO PAULO,16.5,,nanica
2026-07-11,destino,SÃO PAULO,3.375,,prata
2026-07-11,destino,TRÊS RIOS,1.155,,nanica
2026-07-11,destino,TRÊS RIOS,0.045,,outras
2026-07-11,destino,TRÊS RIOS,6.0,,prata
2026-07-11,origem,ARAÇUAÍ,14.0,,prata
2026-07-11,origem,DELFINÓPOLIS,11.52,,prata
2026-07-11,origem,ITACARAMBI,11.415,,nanica
2026-07-11,origem,ITACARAMBI,3.045,,outras
2026-07-11,origem,ITACARAMBI,6.0,,prata
2026-07-11,origem,JANAÚBA,12.0,,prata
2026-07-11,origem,JAÍBA,93.2,,nanica
2026-07-11,origem,JAÍBA,40.5,,prata
2026-07-11,origem,LASSANCE,16.5,,nanica
2026-07-11,origem,LASSANCE,24.375,,prata
2026-07-11,origem,MARILAC,7.2,,prata
2026-07-11,origem,MATIAS CARDOSO,10.92,,nanica
2026-07-11,origem,MATIAS CARDOSO,5.0,,prata
2026-07-11,origem,NOVA PORTEIRINHA,23.5,,prata
2026-07-11,origem,PIRAPORA,51.9,,prata
2026-07-11,origem,PONTO DOS VOLANTES,16.5,,prata
2026-07-11,origem,UBERLÂNDIA,1.1,,nanica
2026-07-11,origem,UBERLÂNDIA,0.136,,outras
2026-07-11,origem,UBERLÂNDIA,0.45,,prata
2026-07-11,origem,VÁRZEA DA PALMA,9.375,,nanica
2026-07-12,destino,SOROCABA,11.0,,prata
2026-07-12,destino,SÃO PAULO,13.0,,prata
2026-07-12,origem,DELFINÓPOLIS,24.0,,prata
2026-07-13,destino,APARECIDA DE GOIÂNIA,8.0,,prata
2026-07-13,destino,ARAÇATUBA,23.2,,nanica
2026-07-13,destino,BARUERI,14.85,,nanica
2026-07-13,destino,BAURU,8.64,,prata
2026-07-13,destino,BRASÍLIA,16.5,,prata
2026-07-13,destino,BRAZÓPOLIS,24.04,,prata
2026-07-13,destino,CAMPINAS,115.72,,nanica
2026-07-13,destino,CAMPINAS,3.66,,outras
2026-07-13,destino,CAMPINAS,44.575,,prata
2026-07-13,destino,CAMPO GRANDE,59.98,,nanica
2026-07-13,destino,CAMPO GRANDE,11.0,,prata
2026-07-13,destino,CATALÃO,0.16,,nanica
2026-07-13,destino,CATALÃO,0.576,,outras
2026-07-13,destino,CATALÃO,0.398,,prata
2026-07-13,destino,CAXAMBU,6.0,,nanica
2026-07-13,destino,CAXAMBU,4.5,,prata
2026-07-13,destino,CONTAGEM,163.75,,nanica
2026-07-13,destino,CONTAGEM,3.825,,outras
2026-07-13,destino,CONTAGEM,274.23,,prata
2026-07-13,destino,COSMÓPOLIS,21.0,,nanica
2026-07-13,destino,CUIABÁ,19.28,,nanica
2026-07-13,destino,CUIABÁ,3.36,,prata
2026-07-13,destino,CUMARI,0.054,,outras
2026-07-13,destino,CURVELO,30.0,,nanica
2026-07-13,destino,DIVINÓPOLIS,4.95,,prata
2026-07-13,destino,DOURADOS,41.52,,nanica
2026-07-13,destino,DOURADOS,0.84,,prata
2026-07-13,destino,EXTREMA,6.0,,nanica
2026-07-13,destino,EXTREMA,11.86,,prata
2026-07-13,destino,FELIXLÂNDIA,0.3,,nanica
2026-07-13,destino,FELIXLÂNDIA,1.2,,prata
2026-07-13,destino,FRANCA,10.35,,prata
2026-07-13,destino,GUARULHOS,13.5,,nanica
2026-07-13,destino,GUARULHOS,13.5,,prata
2026-07-13,destino,ITAJUBÁ,5.8,,nanica
2026-07-13,destino,ITAJUBÁ,5.8,,prata
2026-07-13,destino,ITAPEVA,5.5,,nanica
2026-07-13,destino,ITAPEVA,6.0,,prata
2026-07-13,destino,ITARIRI,22.5,,nanica
2026-07-13,destino,ITARIRI,28.531,,prata
2026-07-13,destino,JACAREÍ,0.168,,outras
2026-07-13,destino,JACAREÍ,11.2,,prata
2026-07-13,destino,JANAÚBA,67.62,,nanica
2026-07-13,destino,JANAÚBA,35.0,,prata
2026-07-13,destino,JORDÂNIA,0.6,,prata
2026-07-13,destino,JUIZ DE FORA,1.0,,nanica
2026-07-13,destino,JUIZ DE FORA,1.0,,prata
2026-07-13,destino,JUNDIAÍ,33.6,,nanica
2026-07-13,destino,JUNDIAÍ,29.2,,prata
2026-07-13,destino,MARINGÁ,24.0,,nanica
2026-07-13,destino,MIRACATU,22.82,,prata
2026-07-13,destino,MONTES CLAROS,14.5,,nanica
2026-07-13,destino,MONTES CLAROS,55.45,,prata
2026-07-13,destino,NITERÓI,6.0,,prata
2026-07-13,destino,NOVA ERA,0.8,,nanica
2026-07-13,destino,NOVA ERA,0.4,,prata
2026-07-13,destino,NOVO HAMBURGO,11.92,,prata
2026-07-13,destino,OSASCO,40.795,,nanica
2026-07-13,destino,OSASCO,1.95,,outras
2026-07-13,destino,OSASCO,2.54,,prata
2026-07-13,destino,PARAIBUNA,9.0,,nanica
2026-07-13,destino,PARAOPEBA,8.0,,nanica
2026-07-13,destino,PARAOPEBA,2.0,,prata
2026-07-13,destino,PEDRA AZUL,2.4,,prata
2026-07-13,destino,PEDRALVA,17.0,,nanica
2026-07-13,destino,PEDRALVA,27.52,,prata
2026-07-13,destino,POUSO ALEGRE,3.09,,nanica
2026-07-13,destino,POUSO ALEGRE,0.765,,outras
2026-07-13,destino,POUSO ALEGRE,6.9,,prata
2026-07-13,destino,POÇOS DE CALDAS,21.3,,prata
2026-07-13,destino,REGISTRO,13.0,,nanica
2026-07-13,destino,RESENDE,0.6,,nanica
2026-07-13,destino,RIBEIRÃO DAS NEVES,34.8,,prata
2026-07-13,destino,RIBEIRÃO PRETO,32.55,,nanica
2026-07-13,destino,RIBEIRÃO PRETO,22.28,,prata
2026-07-13,destino,RIO DE JANEIRO,97.12,,nanica
2026-07-13,destino,RIO DE JANEIRO,377.659,,prata
2026-07-13,destino,SANTO ANTÔNIO DO JARDIM,11.0,,nanica
2026-07-13,destino,SANTO ANTÔNIO DO JARDIM,4.0,,prata
2026-07-13,destino,SEROPÉDICA,14.0,,prata
2026-07-13,destino,SILVIANÓPOLIS,4.64,,prata
2026-07-13,destino,SUMARÉ,25.65,,prata
2026-07-13,destino,SÃO BERNARDO DO CAMPO,26.885,,prata
2026-07-13,destino,SÃO GONÇALO,7.0,,prata
2026-07-13,destino,SÃO JOSÉ DO RIO PARDO,4.5,,nanica
2026-07-13,destino,SÃO JOSÉ DO RIO PRETO,12.0,,nanica
2026-07-13,destino,SÃO JOSÉ DO RIO PRETO,23.076,,prata
2026-07-13,destino,SÃO PAULO,23.32,,nanica
2026-07-13,destino,SÃO PAULO,0.45,,outras
2026-07-13,destino,SÃO PAULO,126.263,,prata
2026-07-13,destino,TABOÃO DA SERRA,15.0,,prata
2026-07-13,destino,TAUBATÉ,15.3,,prata
2026-07-13,destino,TRÊS CORAÇÕES,12.96,,nanica
2026-07-13,destino,TRÊS CORAÇÕES,0.09,,outras
2026-07-13,destino,TRÊS CORAÇÕES,31.35,,prata
2026-07-13,destino,TRÊS RIOS,5.005,,nanica
2026-07-13,destino,TRÊS RIOS,8.065,,prata
2026-07-13,destino,UBERABA,4.5,,prata
2026-07-13,destino,UBERLÂNDIA,55.5,,nanica
2026-07-13,destino,UBERLÂNDIA,15.3,,outras
2026-07-13,destino,UBERLÂNDIA,134.18,,prata
2026-07-13,destino,VOLTA REDONDA,14.8,,nanica
2026-07-13,destino,VOLTA REDONDA,0.6,,outras
2026-07-13,destino,VOLTA REDONDA,13.8,,prata
2026-07-13,destino,VÁRZEA PAULISTA,46.35,,nanica
2026-07-13,destino,VÁRZEA PAULISTA,1.5,,prata
2026-07-13,origem,ANDRADAS,11.0,,nanica
2026-07-13,origem,ANDRADAS,27.1,,prata
2026-07-13,origem,ARAÇUAÍ,44.44,,prata
2026-07-13,origem,CAMPINA VERDE,3.825,,outras
2026-07-13,origem,CAPITÃO ENÉAS,15.0,,nanica
2026-07-13,origem,CAPITÃO ENÉAS,40.35,,prata
2026-07-13,origem,CARANGOLA,0.8,,nanica
2026-07-13,origem,CARANGOLA,0.4,,prata
2026-07-13,origem,CLARO DOS POÇÕES,19.0,,prata
2026-07-13,origem,CONCEIÇÃO DAS PEDRAS,9.0,,nanica
2026-07-13,origem,CONTAGEM,12.0,,nanica
2026-07-13,origem,CONTAGEM,26.0,,prata
2026-07-13,origem,CRISTINA,3.4,,nanica
2026-07-13,origem,CRISTINA,0.6,,outras
2026-07-13,origem,CRISTINA,1.0,,prata
2026-07-13,origem,CURVELO,30.3,,nanica
2026-07-13,origem,CURVELO,1.2,,prata
2026-07-13,origem,CÁSSIA,33.26,,prata
2026-07-13,origem,DELFINÓPOLIS,0.168,,outras
2026-07-13,origem,DELFINÓPOLIS,207.054,,prata
2026-07-13,origem,ESPINOSA,30.0,,prata
2026-07-13,origem,FRANCISCO SÁ,13.5,,nanica
2026-07-13,origem,FRANCISCO SÁ,20.0,,prata
2026-07-13,origem,INDIANÓPOLIS,6.0,,nanica
2026-07-13,origem,INDIANÓPOLIS,6.0,,prata
2026-07-13,origem,ITACARAMBI,88.94,,nanica
2026-07-13,origem,ITACARAMBI,1.95,,outras
2026-07-13,origem,ITACARAMBI,17.465,,prata
2026-07-13,origem,ITAJUBÁ,6.0,,nanica
2026-07-13,origem,ITAJUBÁ,11.86,,prata
2026-07-13,origem,JANAÚBA,23.75,,nanica
2026-07-13,origem,JANAÚBA,83.929,,prata
2026-07-13,origem,JAÍBA,610.11,,nanica
2026-07-13,origem,JAÍBA,3.66,,outras
2026-07-13,origem,JAÍBA,150.84,,prata
2026-07-13,origem,JEQUITINHONHA,46.3,,prata
2026-07-13,origem,LASSANCE,53.875,,prata
2026-07-13,origem,MANGA,20.79,,nanica
2026-07-13,origem,MATEUS LEME,24.0,,nanica
2026-07-13,origem,MATIAS CARDOSO,26.32,,nanica
2026-07-13,origem,MATIAS CARDOSO,68.0,,prata
2026-07-13,origem,MONTES CLAROS,14.5,,nanica
2026-07-13,origem,MONTES CLAROS,84.45,,prata
2026-07-13,origem,NOVA PORTEIRINHA,9.0,,nanica
2026-07-13,origem,NOVA PORTEIRINHA,220.951,,prata
2026-07-13,origem,NOVA UNIÃO,65.25,,nanica
2026-07-13,origem,NOVA UNIÃO,24.75,,prata
2026-07-13,origem,PARAOPEBA,8.0,,nanica
2026-07-13,origem,PARAOPEBA,2.0,,prata
2026-07-13,origem,PEDRALVA,38.5,,nanica
2026-07-13,origem,PEDRALVA,32.0,,prata
2026-07-13,origem,PEDRAS DE MARIA DA CRUZ,18.75,,prata
2026-07-13,origem,PIRANGUÇU,0.3,,nanica
2026-07-13,origem,PIRANGUÇU,0.3,,prata
2026-07-13,origem,PIRAPORA,1.5,,nanica
2026-07-13,origem,PIRAPORA,45.47,,prata
2026-07-13,origem,PONTO DOS VOLANTES,18.0,,prata
2026-07-13,origem,PORTEIRINHA,5.0,,prata
2026-07-13,origem,POUSO ALEGRE,3.09,,nanica
2026-07-13,origem,POUSO ALEGRE,0.765,,outras
2026-07-13,origem,POUSO ALEGRE,6.9,,prata
2026-07-13,origem,RIBEIRÃO DAS NEVES,28.2,,prata
2026-07-13,origem,SÃO FRANCISCO,12.2,,prata
2026-07-13,origem,SÃO JOÃO DA PONTE,21.0,,prata
2026-07-13,origem,TRÊS CORAÇÕES,12.96,,nanica
2026-07-13,origem,TRÊS CORAÇÕES,0.09,,outras
2026-07-13,origem,TRÊS CORAÇÕES,31.35,,prata
2026-07-13,origem,UBERLÂNDIA,43.16,,nanica
2026-07-13,origem,UBERLÂNDIA,15.93,,outras
2026-07-13,origem,UBERLÂNDIA,118.078,,prata
2026-07-13,origem,VERDELÂNDIA,0.45,,outras
2026-07-13,origem,VERDELÂNDIA,42.5,,prata
2026-07-13,origem,VÁRZEA DA PALMA,4.5,,prata
2026-07-14,destino,AMERICANA,22.5,,nanica
2026-07-14,destino,ANDRADAS,15.0,,prata
2026-07-14,destino,ARAÇATUBA,24.0,,nanica
2026-07-14,destino,ARAÇATUBA,7.5,,prata
2026-07-14,destino,ARCOS,20.65,,prata
2026-07-14,destino,AREALVA,21.0,,nanica
2026-07-14,destino,AREALVA,0.9,,prata
2026-07-14,destino,BOTELHOS,1.0,,nanica
2026-07-14,destino,BOTELHOS,3.0,,prata
2026-07-14,destino,BRASÍLIA,6.0,,nanica
2026-07-14,destino,BRASÍLIA,44.51,,prata
2026-07-14,destino,BRAZÓPOLIS,10.0,,nanica
2026-07-14,destino,BRAZÓPOLIS,10.0,,prata
2026-07-14,destino,CAMPESTRE,1.5,,nanica
2026-07-14,destino,CAMPESTRE,3.0,,prata
2026-07-14,destino,CAMPINAS,49.371,,nanica
2026-07-14,destino,CAMPINAS,35.79,,prata
2026-07-14,destino,CAMPO GRANDE,42.0,,nanica
2026-07-14,destino,CAMPO GRANDE,0.8,,prata
2026-07-14,destino,CARATINGA,10.0,,nanica
2026-07-14,destino,CARATINGA,2.0,,prata
2026-07-14,destino,CARIACICA,22.34,,prata
2026-07-14,destino,COIMBRA,5.0,,prata
2026-07-14,destino,CONTAGEM,145.5,,nanica
2026-07-14,destino,CONTAGEM,4.98,,outras
2026-07-14,destino,CONTAGEM,229.32,,prata
2026-07-14,destino,CRISTINA,12.0,,nanica
2026-07-14,destino,CRISTINA,8.0,,prata
2026-07-14,destino,CURVELO,1.65,,nanica
2026-07-14,destino,CURVELO,4.715,,prata
2026-07-14,destino,DIVINÓPOLIS,8.19,,prata
2026-07-14,destino,DOM CAVATI,10.5,,prata
2026-07-14,destino,DOURADOS,17.0,,nanica
2026-07-14,destino,FRANCA,14.0,,nanica
2026-07-14,destino,GOIÂNIA,18.0,,prata
2026-07-14,destino,GUARULHOS,13.5,,nanica
2026-07-14,destino,ICONHA,15.0,,prata
2026-07-14,destino,IPATINGA,8.0,,prata
2026-07-14,destino,ITAJUBÁ,8.0,,nanica
2026-07-14,destino,ITAJUBÁ,15.6,,prata
2026-07-14,destino,ITAPERUNA,0.5,,nanica
2026-07-14,destino,ITAPERUNA,0.5,,prata
2026-07-14,destino,ITARIRI,34.46,,nanica
2026-07-14,destino,ITARIRI,10.75,,prata
2026-07-14,destino,JANAÚBA,23.0,,nanica
2026-07-14,destino,JANAÚBA,22.0,,prata
2026-07-14,destino,JUNDIAÍ,33.6,,nanica
2026-07-14,destino,JUNDIAÍ,35.1,,prata
2026-07-14,destino,MARIA DA FÉ,8.52,,prata
2026-07-14,destino,MINEIROS DO TIETÊ,27.36,,nanica
2026-07-14,destino,MONTE SANTO DE MINAS,0.9,,prata
2026-07-14,destino,MONTENEGRO,14.882,,prata
2026-07-14,destino,MONTES CLAROS,9.0,,nanica
2026-07-14,destino,MONTES CLAROS,19.1,,prata
2026-07-14,destino,MORRINHOS DO SUL,10.0,,prata
2026-07-14,destino,NITERÓI,20.0,,prata
2026-07-14,destino,NOVA PORTEIRINHA,10.0,,prata
2026-07-14,destino,OSASCO,30.9,,prata
2026-07-14,destino,PARAIBUNA,21.8,,nanica
2026-07-14,destino,PEDRALVA,22.0,,nanica
2026-07-14,destino,PEDRALVA,6.0,,prata
2026-07-14,destino,PIAU,15.0,,nanica
2026-07-14,destino,PIAU,6.0,,prata
2026-07-14,destino,PIRACICABA,9.0,,prata
2026-07-14,destino,PIRANGUINHO,4.9,,prata
2026-07-14,destino,PIRANGUÇU,4.2,,nanica
2026-07-14,destino,RIBEIRÃO DAS NEVES,18.88,,nanica
2026-07-14,destino,RIBEIRÃO DAS NEVES,23.905,,prata
2026-07-14,destino,RIBEIRÃO PRETO,105.6,,nanica
2026-07-14,destino,RIBEIRÃO PRETO,32.156,,prata
2026-07-14,destino,RIO DE JANEIRO,35.46,,nanica
2026-07-14,destino,RIO DE JANEIRO,6.185,,outras
2026-07-14,destino,RIO DE JANEIRO,285.845,,prata
2026-07-14,destino,SANTA RITA DO PASSA QUATRO,6.75,,prata
2026-07-14,destino,SANTO ANTÔNIO DO JARDIM,2.0,,prata
2026-07-14,destino,SETE BARRAS,15.0,,nanica
2026-07-14,destino,SUZANO,11.52,,prata
2026-07-14,destino,SÃO BERNARDO DO CAMPO,22.8,,prata
2026-07-14,destino,SÃO FIDÉLIS,5.0,,nanica
2026-07-14,destino,SÃO JOSÉ DO RIO PRETO,12.0,,nanica
2026-07-14,destino,SÃO JOSÉ DOS CAMPOS,0.5,,nanica
2026-07-14,destino,SÃO JOSÉ DOS CAMPOS,1.5,,prata
2026-07-14,destino,SÃO PAULO,67.34,,nanica
2026-07-14,destino,SÃO PAULO,2.79,,outras
2026-07-14,destino,SÃO PAULO,93.79,,prata
2026-07-14,destino,TABOÃO DA SERRA,11.7,,prata
2026-07-14,destino,TAUBATÉ,6.5,,nanica
2026-07-14,destino,TRÊS CORAÇÕES,15.0,,nanica
2026-07-14,destino,TRÊS CORAÇÕES,13.0,,prata
2026-07-14,destino,UBERLÂNDIA,18.44,,nanica
2026-07-14,destino,UBERLÂNDIA,3.7,,outras
2026-07-14,destino,UBERLÂNDIA,30.264,,prata
2026-07-14,destino,UBÁ,2.5,,nanica
2026-07-14,destino,UBÁ,2.5,,outras
2026-07-14,destino,UNAÍ,0.9,,nanica
2026-07-14,destino,UNAÍ,1.05,,prata
2026-07-14,destino,VISCONDE DO RIO BRANCO,5.0,,nanica
2026-07-14,destino,VOLTA REDONDA,10.6,,prata
2026-07-14,destino,VÁRZEA PAULISTA,18.15,,nanica
2026-07-14,origem,ARAÇUAÍ,7.0,,nanica
2026-07-14,origem,ARAÇUAÍ,95.74,,prata
2026-07-14,origem,BOCAIÚVA,11.0,,prata
2026-07-14,origem,BOTELHOS,1.0,,nanica
2026-07-14,origem,BOTELHOS,3.0,,prata
2026-07-14,origem,BRAZÓPOLIS,12.8,,nanica
2026-07-14,origem,BRAZÓPOLIS,13.1,,prata
2026-07-14,origem,CAMPESTRE,1.5,,nanica
2026-07-14,origem,CAMPESTRE,3.0,,prata
2026-07-14,origem,CAPITÃO ENÉAS,18.1,,prata
2026-07-14,origem,CARANGOLA,0.5,,nanica
2026-07-14,origem,CARANGOLA,0.5,,prata
2026-07-14,origem,CARATINGA,10.0,,nanica
2026-07-14,origem,CARATINGA,2.0,,prata
2026-07-14,origem,COIMBRA,5.0,,prata
2026-07-14,origem,CONGONHAL,11.0,,nanica
2026-07-14,origem,CONTAGEM,94.5,,nanica
2026-07-14,origem,CONTAGEM,4.98,,outras
2026-07-14,origem,CONTAGEM,127.47,,prata
2026-07-14,origem,CORINTO,8.08,,nanica
2026-07-14,origem,CÁSSIA,21.264,,prata
2026-07-14,origem,DELFINÓPOLIS,4.2,,nanica
2026-07-14,origem,DELFINÓPOLIS,188.852,,prata
2026-07-14,origem,ESPINOSA,10.0,,prata
2026-07-14,origem,EUGENÓPOLIS,10.0,,nanica
2026-07-14,origem,FRANCISCO SÁ,10.0,,prata
2026-07-14,origem,IAPU,15.0,,nanica
2026-07-14,origem,ITACARAMBI,72.76,,nanica
2026-07-14,origem,ITACARAMBI,1.185,,outras
2026-07-14,origem,ITACARAMBI,23.355,,prata
2026-07-14,origem,ITAJUBÁ,2.5,,prata
2026-07-14,origem,ITINGA,8.0,,prata
2026-07-14,origem,JANAÚBA,23.0,,nanica
2026-07-14,origem,JANAÚBA,68.0,,prata
2026-07-14,origem,JAÍBA,480.481,,nanica
2026-07-14,origem,JAÍBA,2.79,,outras
2026-07-14,origem,JAÍBA,147.71,,prata
2026-07-14,origem,LASSANCE,1.65,,nanica
2026-07-14,origem,LASSANCE,67.62,,prata
2026-07-14,origem,MANGA,13.4,,nanica
2026-07-14,origem,MARILAC,25.5,,prata
2026-07-14,origem,MATIAS CARDOSO,37.04,,nanica
2026-07-14,origem,MATIAS CARDOSO,24.6,,prata
2026-07-14,origem,MATOZINHOS,6.0,,prata
2026-07-14,origem,MONTES CLAROS,11.7,,nanica
2026-07-14,origem,MONTES CLAROS,29.6,,prata
2026-07-14,origem,NOVA PORTEIRINHA,113.58,,prata
2026-07-14,origem,PARAISÓPOLIS,0.5,,nanica
2026-07-14,origem,PARAISÓPOLIS,1.5,,prata
2026-07-14,origem,PAULISTAS,13.05,,prata
2026-07-14,origem,PEDRALVA,50.0,,nanica
2026-07-14,origem,PEDRALVA,10.0,,prata
2026-07-14,origem,PIAU,17.5,,nanica
2026-07-14,origem,PIAU,7.5,,outras
2026-07-14,origem,PIRANGUÇU,6.5,,nanica
2026-07-14,origem,PIRAPORA,3.0,,nanica
2026-07-14,origem,PIRAPORA,101.9,,prata
2026-07-14,origem,PORTEIRINHA,16.2,,prata
2026-07-14,origem,SÃO FRANCISCO,0.9,,nanica
2026-07-14,origem,SÃO FRANCISCO,15.05,,prata
2026-07-14,origem,SÃO JOÃO BATISTA DO GLÓRIA,9.056,,prata
2026-07-14,origem,UBERLÂNDIA,8.7,,nanica
2026-07-14,origem,UBERLÂNDIA,3.7,,outras
2026-07-14,origem,UBERLÂNDIA,11.0,,prata
2026-07-14,origem,VERDELÂNDIA,13.5,,nanica
2026-07-14,origem,VERDELÂNDIA,28.0,,prata
2026-07-14,origem,VÁRZEA DA PALMA,12.0,,prata
2026-07-15,destino,ANDRADAS,15.0,,prata
2026-07-15,destino,APARECIDA DE GOIÂNIA,0.75,,outras
2026-07-15,destino,ARAÇATUBA,24.0,,nanica
2026-07-15,destino,BRASÍLIA,1.5,,outras
2026-07-15,destino,BRASÍLIA,18.0,,prata
2026-07-15,destino,CAMPINAS,98.075,,nanica
2026-07-15,destino,CAMPINAS,3.6,,outras
2026-07-15,destino,CAMPINAS,38.2,,prata
2026-07-15,destino,CAMPO GRANDE,84.46,,nanica
2026-07-15,destino,CAMPO GRANDE,3.0,,prata
2026-07-15,destino,CAPELINHA,8.6,,prata
2026-07-15,destino,CARATINGA,4.0,,nanica
2026-07-15,destino,CARATINGA,4.0,,outras
2026-07-15,destino,CARATINGA,12.5,,prata
2026-07-15,destino,CATALÃO,0.112,,nanica
2026-07-15,destino,CATALÃO,0.312,,outras
2026-07-15,destino,CATALÃO,0.128,,prata
2026-07-15,destino,CAXIAS DO SUL,21.3,,prata
2026-07-15,destino,CHAPADÃO DO CÉU,0.04,,nanica
2026-07-15,destino,CHAPADÃO DO CÉU,0.02,,outras
2026-07-15,destino,CHAPADÃO DO CÉU,0.036,,prata
2026-07-15,destino,CHAPADÃO DO SUL,0.04,,nanica
2026-07-15,destino,CHAPADÃO DO SUL,0.056,,outras
2026-07-15,destino,CHAPADÃO DO SUL,0.28,,prata
2026-07-15,destino,CONTAGEM,28.9,,nanica
2026-07-15,destino,CONTAGEM,4.725,,outras
2026-07-15,destino,CONTAGEM,136.0,,prata
2026-07-15,destino,COSMÓPOLIS,8.55,,prata
2026-07-15,destino,CRISTINA,12.0,,prata
2026-07-15,destino,CURVELO,25.0,,nanica
2026-07-15,destino,CURVELO,5.0,,prata
2026-07-15,destino,DIADEMA,13.5,,prata
2026-07-15,destino,DIVINÓPOLIS,10.005,,prata
2026-07-15,destino,DOM PEDRO DE ALCÂNTARA,9.75,,prata
2026-07-15,destino,GOIÂNIA,3.0,,outras
2026-07-15,destino,GUARULHOS,15.029,,prata
2026-07-15,destino,INOCÊNCIA,0.857,,nanica
2026-07-15,destino,INOCÊNCIA,0.092,,outras
2026-07-15,destino,INOCÊNCIA,1.164,,prata
2026-07-15,destino,IPAMERI,0.064,,nanica
2026-07-15,destino,IPAMERI,0.236,,outras
2026-07-15,destino,IPAMERI,0.064,,prata
2026-07-15,destino,ITAJUBÁ,4.2,,prata
2026-07-15,destino,ITAMOGI,2.28,,prata
2026-07-15,destino,ITUMBIARA,0.086,,nanica
2026-07-15,destino,ITUMBIARA,0.338,,outras
2026-07-15,destino,ITUMBIARA,1.188,,prata
2026-07-15,destino,JANAÚBA,46.4,,nanica
2026-07-15,destino,JANAÚBA,12.0,,prata
2026-07-15,destino,JARDINÓPOLIS,8.0,,nanica
2026-07-15,destino,JARDINÓPOLIS,4.0,,prata
2026-07-15,destino,JAÚ,21.45,,nanica
2026-07-15,destino,JAÚ,0.75,,outras
2026-07-15,destino,JUNDIAÍ,36.4,,prata
2026-07-15,destino,LASSANCE,25.0,,prata
2026-07-15,destino,MONTES CLAROS,10.0,,nanica
2026-07-15,destino,MONTES CLAROS,57.99,,prata
2026-07-15,destino,MORRINHOS DO SUL,17.6,,prata
2026-07-15,destino,NITERÓI,27.0,,prata
2026-07-15,destino,NOVA PORTEIRINHA,4.0,,nanica
2026-07-15,destino,NOVA PORTEIRINHA,18.0,,prata
2026-07-15,destino,NOVA UNIÃO,15.0,,nanica
2026-07-15,destino,NOVA UNIÃO,15.0,,prata
2026-07-15,destino,OSASCO,27.55,,prata
2026-07-15,destino,PARAIBUNA,7.0,,nanica
2026-07-15,destino,PARANAÍBA,0.02,,outras
2026-07-15,destino,PARANAÍBA,0.018,,prata
2026-07-15,destino,PARAOPEBA,15.0,,nanica
2026-07-15,destino,PARAOPEBA,15.0,,prata
2026-07-15,destino,PARAÍSO DAS ÁGUAS,0.175,,nanica
2026-07-15,destino,PARAÍSO DAS ÁGUAS,0.075,,outras
2026-07-15,destino,PARAÍSO DAS ÁGUAS,0.018,,prata
2026-07-15,destino,PEDRALVA,15.0,,nanica
2026-07-15,destino,PIAU,10.0,,nanica
2026-07-15,destino,PIAU,10.0,,prata
2026-07-15,destino,POUSO ALEGRE,30.0,,prata
2026-07-15,destino,QUIRINÓPOLIS,0.213,,nanica
2026-07-15,destino,QUIRINÓPOLIS,0.227,,outras
2026-07-15,destino,QUIRINÓPOLIS,0.366,,prata
2026-07-15,destino,RIBEIRÃO DAS NEVES,45.6,,prata
2026-07-15,destino,RIBEIRÃO PRETO,61.32,,nanica
2026-07-15,destino,RIBEIRÃO PRETO,10.0,,outras
2026-07-15,destino,RIBEIRÃO PRETO,10.8,,prata
2026-07-15,destino,RIO DE JANEIRO,265.901,,prata
2026-07-15,destino,RIO VERDE,0.072,,nanica
2026-07-15,destino,RIO VERDE,0.038,,outras
2026-07-15,destino,SANTO ANDRÉ,12.3,,prata
2026-07-15,destino,SEROPÉDICA,10.0,,prata
2026-07-15,destino,SOROCABA,11.6,,nanica
2026-07-15,destino,SUZANO,11.488,,prata
2026-07-15,destino,SÃO BERNARDO DO CAMPO,27.0,,prata
2026-07-15,destino,SÃO CAETANO DO SUL,8.7,,nanica
2026-07-15,destino,SÃO CAETANO DO SUL,4.05,,prata
2026-07-15,destino,SÃO FRANCISCO,6.0,,nanica
2026-07-15,destino,SÃO GONÇALO,14.85,,prata
2026-07-15,destino,SÃO JOSÉ DOS CAMPOS,13.0,,prata
2026-07-15,destino,SÃO MATEUS,0.3,,prata
2026-07-15,destino,SÃO PAULO,56.368,,nanica
2026-07-15,destino,SÃO PAULO,94.07,,prata
2026-07-15,destino,TABOÃO DA SERRA,13.5,,nanica
2026-07-15,destino,TABOÃO DA SERRA,1.5,,outras
2026-07-15,destino,TABOÃO DA SERRA,4.8,,prata
2026-07-15,destino,TAUBATÉ,15.3,,nanica
2026-07-15,destino,TRÊS RIOS,0.6,,nanica
2026-07-15,destino,TRÊS RIOS,0.6,,prata
2026-07-15,destino,UBERLÂNDIA,6.16,,nanica
2026-07-15,destino,UBERLÂNDIA,2.36,,outras
2026-07-15,destino,UBERLÂNDIA,19.16,,prata
2026-07-15,destino,VÁRZEA PAULISTA,27.0,,nanica
2026-07-15,origem,ALFENAS,15.0,,prata
2026-07-15,origem,ARAÇUAÍ,90.41,,prata
2026-07-15,origem,BOCAIÚVA,16.0,,prata
2026-07-15,origem,BRAZÓPOLIS,7.0,,nanica
2026-07-15,origem,BRAZÓPOLIS,37.0,,prata
2026-07-15,origem,CANÁPOLIS,15.25,,outras
2026-07-15,origem,CAPITÃO ENÉAS,13.5,,nanica
2026-07-15,origem,CAPITÃO ENÉAS,10.0,,prata
2026-07-15,origem,CURVELO,40.0,,nanica
2026-07-15,origem,CURVELO,5.0,,prata
2026-07-15,origem,CÁSSIA,25.327,,prata
2026-07-15,origem,DELFINÓPOLIS,247.025,,prata
2026-07-15,origem,ESPINOSA,35.0,,prata
2026-07-15,origem,IMBÉ DE MINAS,4.0,,nanica
2026-07-15,origem,IMBÉ DE MINAS,4.0,,outras
2026-07-15,origem,IMBÉ DE MINAS,2.0,,prata
2026-07-15,origem,IPATINGA,0.3,,prata
2026-07-15,origem,ITACARAMBI,20.6,,nanica
2026-07-15,origem,ITACARAMBI,4.725,,outras
2026-07-15,origem,ITACARAMBI,21.24,,prata
2026-07-15,origem,JANAÚBA,122.0,,prata
2026-07-15,origem,JAÍBA,446.473,,nanica
2026-07-15,origem,JAÍBA,5.85,,outras
2026-07-15,origem,JAÍBA,168.62,,prata
2026-07-15,origem,JEQUITIBÁ,1.0,,prata
2026-07-15,origem,JEQUITINHONHA,28.291,,prata
2026-07-15,origem,LASSANCE,65.8,,prata
2026-07-15,origem,MANGA,18.9,,nanica
2026-07-15,origem,MARILAC,10.5,,prata
2026-07-15,origem,MATIAS CARDOSO,4.0,,nanica
2026-07-15,origem,MATIAS CARDOSO,18.2,,prata
2026-07-15,origem,MONTES CLAROS,55.2,,prata
2026-07-15,origem,NOVA PORTEIRINHA,13.5,,nanica
2026-07-15,origem,NOVA PORTEIRINHA,75.4,,prata
2026-07-15,origem,PARAOPEBA,15.0,,nanica
2026-07-15,origem,PARAOPEBA,15.0,,prata
2026-07-15,origem,PEDRALVA,15.0,,nanica
2026-07-15,origem,PEDRALVA,12.0,,prata
2026-07-15,origem,PEDRAS DE MARIA DA CRUZ,18.0,,prata
2026-07-15,origem,PIAU,10.0,,nanica
2026-07-15,origem,PIAU,10.0,,prata
2026-07-15,origem,PIRAPORA,24.0,,prata
2026-07-15,origem,UBERLÂNDIA,7.819,,nanica
2026-07-15,origem,UBERLÂNDIA,3.774,,outras
2026-07-15,origem,UBERLÂNDIA,10.422,,prata
2026-07-15,origem,VERDELÂNDIA,14.85,,prata
2026-07-15,origem,VÁRZEA DA PALMA,8.7,,nanica
2026-07-15,origem,VÁRZEA DA PALMA,12.05,,prata
2026-07-16,destino,AMERICANA,22.5,,nanica
2026-07-16,destino,APARECIDA DE GOIÂNIA,2.7,,outras
2026-07-16,destino,APARECIDA DE GOIÂNIA,9.45,,prata
2026-07-16,destino,BELO HORIZONTE,4.0,,nanica
2026-07-16,destino,BELO HORIZONTE,1.0,,outras
2026-07-16,destino,BELO HORIZONTE,10.0,,prata
2026-07-16,destino,BOTELHOS,9.54,,prata
2026-07-16,destino,BRASÍLIA,33.58,,prata
2026-07-16,destino,CACHOEIRA PAULISTA,0.8,,nanica
2026-07-16,destino,CACHOEIRA PAULISTA,0.8,,prata
2026-07-16,destino,CAJURI,5.0,,prata
2026-07-16,destino,CAMPINAS,76.95,,nanica
2026-07-16,destino,CAMPINAS,1.5,,outras
2026-07-16,destino,CAMPINAS,62.2,,prata
2026-07-16,destino,CAMPO GRANDE,44.7,,nanica
2026-07-16,destino,CAMPO GRANDE,2.6,,prata
2026-07-16,destino,CARIACICA,6.0,,prata
2026-07-16,destino,CARMO DE MINAS,8.0,,nanica
2026-07-16,destino,CARMO DE MINAS,10.0,,prata
2026-07-16,destino,CATALÃO,0.126,,nanica
2026-07-16,destino,CATALÃO,0.329,,outras
2026-07-16,destino,CATALÃO,0.398,,prata
2026-07-16,destino,CONCEIÇÃO DAS PEDRAS,5.0,,prata
2026-07-16,destino,CONTAGEM,126.935,,nanica
2026-07-16,destino,CONTAGEM,30.249,,outras
2026-07-16,destino,CONTAGEM,231.021,,prata
2026-07-16,destino,CUIABÁ,19.24,,nanica
2026-07-16,destino,CUIABÁ,3.36,,prata
2026-07-16,destino,CUMARI,0.054,,outras
2026-07-16,destino,DIVINÓPOLIS,6.0,,prata
2026-07-16,destino,DUQUE DE CAXIAS,12.0,,prata
2026-07-16,destino,FOZ DO IGUAÇU,11.704,,prata
2026-07-16,destino,FRANCA,22.0,,nanica
2026-07-16,destino,GUARANÉSIA,10.0,,prata
2026-07-16,destino,GUARULHOS,13.5,,nanica
2026-07-16,destino,JALES,13.5,,nanica
2026-07-16,destino,JUIZ DE FORA,12.165,,prata
2026-07-16,destino,JUNDIAÍ,34.8,,nanica
2026-07-16,destino,JUNDIAÍ,52.5,,prata
2026-07-16,destino,LORENA,0.8,,nanica
2026-07-16,destino,LORENA,10.325,,prata
2026-07-16,destino,MARINGÁ,14.5,,nanica
2026-07-16,destino,MARINGÁ,7.0,,prata
2026-07-16,destino,MASSARANDUBA,4.0,,nanica
2026-07-16,destino,MATEUS LEME,4.0,,prata
2026-07-16,destino,MIRACATU,23.786,,prata
2026-07-16,destino,MONTES CLAROS,2.33,,nanica
2026-07-16,destino,MONTES CLAROS,17.95,,prata
2026-07-16,destino,NITERÓI,24.0,,prata
2026-07-16,destino,NOVA PORTEIRINHA,13.0,,prata
2026-07-16,destino,OSASCO,36.585,,nanica
2026-07-16,destino,OSASCO,1.12,,outras
2026-07-16,destino,OSASCO,6.02,,prata
2026-07-16,destino,PETRÓPOLIS,3.0,,nanica
2026-07-16,destino,PETRÓPOLIS,1.5,,prata
2026-07-16,destino,PIEDADE,11.34,,prata
2026-07-16,destino,PINDAMONHANGABA,1.0,,nanica
2026-07-16,destino,PINDAMONHANGABA,1.0,,prata
2026-07-16,destino,PIRAPORA,15.0,,prata
2026-07-16,destino,POTIM,2.0,,nanica
2026-07-16,destino,POUSO ALEGRE,13.14,,prata
2026-07-16,destino,POÇO FUNDO,4.0,,prata
2026-07-16,destino,POÇOS DE CALDAS,4.5,,prata
2026-07-16,destino,QUIRINÓPOLIS,0.96,,prata
2026-07-16,destino,RIBEIRÃO DAS NEVES,20.775,,nanica
2026-07-16,destino,RIBEIRÃO DAS NEVES,2.025,,outras
2026-07-16,destino,RIBEIRÃO DAS NEVES,35.4,,prata
2026-07-16,destino,RIBEIRÃO PRETO,58.71,,nanica
2026-07-16,destino,RIO DE JANEIRO,44.45,,nanica
2026-07-16,destino,RIO DE JANEIRO,223.82,,prata
2026-07-16,destino,SANTA BÁRBARA DO TUGÚRIO,5.0,,prata
2026-07-16,destino,SANTO ANTÔNIO DO JARDIM,4.523,,prata
2026-07-16,destino,SAPUCAIA DO SUL,28.0,,prata
2026-07-16,destino,SEROPÉDICA,30.0,,prata
2026-07-16,destino,SÃO BERNARDO DO CAMPO,29.51,,prata
2026-07-16,destino,SÃO JOSÉ DO RIO PRETO,17.07,,nanica
2026-07-16,destino,SÃO JOSÉ DO RIO PRETO,0.015,,outras
2026-07-16,destino,SÃO JOSÉ DO RIO PRETO,2.535,,prata
2026-07-16,destino,SÃO PAULO,62.864,,nanica
2026-07-16,destino,SÃO PAULO,80.39,,prata
2026-07-16,destino,TABOÃO DA SERRA,25.85,,prata
2026-07-16,destino,TAUBATÉ,3.75,,nanica
2026-07-16,destino,TAUBATÉ,6.25,,prata
2026-07-16,destino,TRÊS RIOS,8.75,,nanica
2026-07-16,destino,TRÊS RIOS,0.1,,outras
2026-07-16,destino,TRÊS RIOS,0.75,,prata
2026-07-16,destino,UBERLÂNDIA,6.0,,nanica
2026-07-16,destino,UBERLÂNDIA,38.0,,outras
2026-07-16,destino,UBERLÂNDIA,39.0,,prata
2026-07-16,destino,VASSOURAS,0.02,,outras
2026-07-16,destino,VIÇOSA,15.0,,prata
2026-07-16,destino,VOTORANTIM,11.52,,prata
2026-07-16,destino,VÁRZEA PAULISTA,40.5,,nanica
2026-07-16,destino,ZACARIAS,2.5,,prata
2026-07-16,origem,ANDRADAS,14.5,,prata
2026-07-16,origem,ARAÇUAÍ,45.6,,prata
2026-07-16,origem,BRAZÓPOLIS,8.35,,nanica
2026-07-16,origem,BRAZÓPOLIS,22.85,,prata
2026-07-16,origem,CAJURI,20.0,,prata
2026-07-16,origem,CAMPINA VERDE,3.66,,outras
2026-07-16,origem,CANÁPOLIS,2.0,,outras
2026-07-16,origem,CAPITÃO ENÉAS,2.33,,nanica
2026-07-16,origem,CAPITÃO ENÉAS,29.96,,prata
2026-07-16,origem,CARMO DE MINAS,8.0,,nanica
2026-07-16,origem,CARMO DE MINAS,20.0,,prata
2026-07-16,origem,CONCEIÇÃO DAS PEDRAS,10.0,,prata
2026-07-16,origem,CONTAGEM,48.85,,nanica
2026-07-16,origem,CONTAGEM,8.46,,outras
2026-07-16,origem,CONTAGEM,62.81,,prata
2026-07-16,origem,CÁSSIA,25.02,,prata
2026-07-16,origem,DELFINÓPOLIS,175.478,,prata
2026-07-16,origem,ESPINOSA,12.0,,prata
2026-07-16,origem,ITACARAMBI,86.255,,nanica
2026-07-16,origem,ITACARAMBI,1.135,,outras
2026-07-16,origem,ITACARAMBI,27.365,,prata
2026-07-16,origem,ITINGA,11.0,,prata
2026-07-16,origem,JANAÚBA,21.85,,nanica
2026-07-16,origem,JANAÚBA,82.78,,prata
2026-07-16,origem,JAÍBA,353.285,,nanica
2026-07-16,origem,JAÍBA,6.225,,outras
2026-07-16,origem,JAÍBA,116.51,,prata
2026-07-16,origem,JEQUITINHONHA,10.8,,prata
2026-07-16,origem,JUIZ DE FORA,0.12,,outras
2026-07-16,origem,LASSANCE,13.5,,nanica
2026-07-16,origem,LASSANCE,21.0,,prata
2026-07-16,origem,MANGA,24.4,,nanica
2026-07-16,origem,MARILAC,12.0,,nanica
2026-07-16,origem,MARILAC,24.0,,prata
2026-07-16,origem,MATIAS CARDOSO,5.1,,prata
2026-07-16,origem,MONTES CLAROS,18.83,,nanica
2026-07-16,origem,MONTES CLAROS,26.86,,prata
2026-07-16,origem,NOVA PORTEIRINHA,30.8,,nanica
2026-07-16,origem,NOVA PORTEIRINHA,129.27,,prata
2026-07-16,origem,PAULISTAS,14.5,,prata
2026-07-16,origem,PEDRAS DE MARIA DA CRUZ,15.0,,prata
2026-07-16,origem,PEQUI,4.0,,nanica
2026-07-16,origem,PEQUI,1.0,,outras
2026-07-16,origem,PEQUI,10.0,,prata
2026-07-16,origem,PIAU,3.0,,nanica
2026-07-16,origem,PIAU,1.5,,prata
2026-07-16,origem,PIRAPORA,46.665,,prata
2026-07-16,origem,POÇO FUNDO,4.0,,prata
2026-07-16,origem,RIBEIRÃO DAS NEVES,29.785,,nanica
2026-07-16,origem,RIBEIRÃO DAS NEVES,3.129,,outras
2026-07-16,origem,RIBEIRÃO DAS NEVES,78.711,,prata
2026-07-16,origem,SANTO HIPÓLITO,12.0,,prata
2026-07-16,origem,SILVIANÓPOLIS,13.14,,prata
2026-07-16,origem,SÃO FRANCISCO,37.08,,prata
2026-07-16,origem,UBAPORANGA,15.0,,nanica
2026-07-16,origem,UBAPORANGA,15.0,,outras
2026-07-16,origem,UBERLÂNDIA,6.126,,nanica
2026-07-16,origem,UBERLÂNDIA,36.383,,outras
2026-07-16,origem,UBERLÂNDIA,28.858,,prata
2026-07-16,origem,VERDELÂNDIA,27.774,,nanica
2026-07-16,origem,VERDELÂNDIA,20.03,,prata
2026-07-16,origem,VÁRZEA DA PALMA,16.5,,prata
2026-07-17,destino,ALMENARA,3.0,,prata
2026-07-17,destino,AMERICANA,22.5,,nanica
2026-07-17,destino,ARAÇATUBA,24.0,,nanica
2026-07-17,destino,ARCOS,13.65,,prata
2026-07-17,destino,BAURU,12.15,,prata
2026-07-17,destino,BRASÍLIA,13.0,,prata
2026-07-17,destino,BRAZÓPOLIS,12.04,,prata
2026-07-17,destino,CAMPINAS,121.325,,nanica
2026-07-17,destino,CAMPINAS,6.75,,outras
2026-07-17,destino,CAMPINAS,77.055,,prata
2026-07-17,destino,CAMPO GRANDE,11.28,,nanica
2026-07-17,destino,CAMPO GRANDE,11.28,,prata
2026-07-17,destino,CARATINGA,15.0,,nanica
2026-07-17,destino,CARATINGA,7.0,,prata
2026-07-17,destino,CARIACICA,12.0,,prata
2026-07-17,destino,CATALÃO,0.112,,nanica
2026-07-17,destino,CATALÃO,0.292,,outras
2026-07-17,destino,CATALÃO,0.128,,prata
2026-07-17,destino,CHAPADÃO DO SUL,0.054,,outras
2026-07-17,destino,CHAPADÃO DO SUL,0.19,,prata
2026-07-17,destino,CONTAGEM,225.52,,nanica
2026-07-17,destino,CONTAGEM,5.4,,outras
2026-07-17,destino,CONTAGEM,371.34,,prata
2026-07-17,destino,CORONEL PACHECO,7.08,,prata
2026-07-17,destino,COSTA RICA,0.057,,nanica
2026-07-17,destino,CRISTINA,7.562,,prata
2026-07-17,destino,CRUZEIRO,7.0,,nanica
2026-07-17,destino,CRUZEIRO,2.0,,prata
2026-07-17,destino,CURITIBA,14.52,,prata
2026-07-17,destino,DIADEMA,13.5,,prata
2026-07-17,destino,ESTIVA GERBI,4.35,,prata
2026-07-17,destino,FRAIBURGO,15.0,,nanica
2026-07-17,destino,FRANCA,14.0,,nanica
2026-07-17,destino,GOIÂNIA,18.9,,prata
2026-07-17,destino,GUARULHOS,23.5,,nanica
2026-07-17,destino,GUARULHOS,34.86,,prata
2026-07-17,destino,INOCÊNCIA,0.057,,nanica
2026-07-17,destino,INOCÊNCIA,0.018,,outras
2026-07-17,destino,INOCÊNCIA,0.038,,prata
2026-07-17,destino,IPAMERI,0.064,,nanica
2026-07-17,destino,IPAMERI,0.216,,outras
2026-07-17,destino,IPAMERI,0.064,,prata
2026-07-17,destino,IPATINGA,10.179,,prata
2026-07-17,destino,ITAJUBÁ,10.86,,prata
2026-07-17,destino,ITAPERUNA,0.5,,nanica
2026-07-17,destino,ITAPERUNA,0.5,,prata
2026-07-17,destino,ITARIRI,34.125,,nanica
2026-07-17,destino,ITARIRI,19.122,,prata
2026-07-17,destino,ITUMBIARA,0.552,,nanica
2026-07-17,destino,ITUMBIARA,0.346,,outras
2026-07-17,destino,ITUMBIARA,0.512,,prata
2026-07-17,destino,JACAREÍ,12.6,,nanica
2026-07-17,destino,JALES,13.44,,nanica
2026-07-17,destino,JANAÚBA,45.95,,nanica
2026-07-17,destino,JANAÚBA,25.0,,prata
2026-07-17,destino,JARDINÓPOLIS,11.0,,nanica
2026-07-17,destino,JARDINÓPOLIS,6.0,,prata
2026-07-17,destino,JUNDIAÍ,23.8,,prata
2026-07-17,destino,LAVRAS,0.1,,nanica
2026-07-17,destino,LAVRAS,0.1,,outras
2026-07-17,destino,LAVRAS,3.0,,prata
2026-07-17,destino,LORENA,2.0,,nanica
2026-07-17,destino,LORENA,4.2,,prata
2026-07-17,destino,MARINGÁ,23.0,,nanica
2026-07-17,destino,MARINGÁ,10.08,,prata
2026-07-17,destino,MIRACATU,12.6,,nanica
2026-07-17,destino,MIRACATU,12.6,,prata
2026-07-17,destino,MONTES CLAROS,20.59,,nanica
2026-07-17,destino,MONTES CLAROS,8.8,,outras
2026-07-17,destino,MONTES CLAROS,58.15,,prata
2026-07-17,destino,NITERÓI,34.0,,prata
2026-07-17,destino,NOVA PORTEIRINHA,19.935,,prata
2026-07-17,destino,NOVA UNIÃO,6.75,,prata
2026-07-17,destino,NOVO ITACOLOMI,10.5,,nanica
2026-07-17,destino,OSASCO,33.64,,prata
2026-07-17,destino,PARAIBUNA,15.012,,nanica
2026-07-17,destino,PARANAÍBA,0.038,,nanica
2026-07-17,destino,PARAOPEBA,30.0,,nanica
2026-07-17,destino,PARAÍSO DAS ÁGUAS,0.095,,nanica
2026-07-17,destino,PARAÍSO DAS ÁGUAS,0.018,,outras
2026-07-17,destino,PATOS DE MINAS,0.95,,nanica
2026-07-17,destino,PATOS DE MINAS,14.65,,prata
2026-07-17,destino,PEDRALVA,42.0,,nanica
2026-07-17,destino,PEDRALVA,8.0,,prata
2026-07-17,destino,PIAU,15.0,,nanica
2026-07-17,destino,PIAU,12.25,,prata
2026-07-17,destino,PIEDADE DE CARATINGA,14.0,,prata
2026-07-17,destino,PINDAMONHANGABA,3.0,,prata
2026-07-17,destino,PIRANGUINHO,5.4,,prata
2026-07-17,destino,PIRANGUÇU,4.2,,nanica
2026-07-17,destino,PIRANGUÇU,4.2,,prata
2026-07-17,destino,POUSO ALEGRE,8.0,,nanica
2026-07-17,destino,QUIRINÓPOLIS,0.456,,nanica
2026-07-17,destino,QUIRINÓPOLIS,0.249,,outras
2026-07-17,destino,QUIRINÓPOLIS,0.302,,prata
2026-07-17,destino,RIBEIRÃO DAS NEVES,12.0,,nanica
2026-07-17,destino,RIBEIRÃO DAS NEVES,33.6,,prata
2026-07-17,destino,RIBEIRÃO PRETO,90.055,,nanica
2026-07-17,destino,RIBEIRÃO PRETO,1.35,,outras
2026-07-17,destino,RIBEIRÃO PRETO,43.89,,prata
2026-07-17,destino,RIO DE JANEIRO,113.04,,nanica
2026-07-17,destino,RIO DE JANEIRO,0.375,,outras
2026-07-17,destino,RIO DE JANEIRO,293.185,,prata
2026-07-17,destino,RIO VERDE,0.266,,nanica
2026-07-17,destino,RIO VERDE,0.09,,outras
2026-07-17,destino,RIO VERDE,0.106,,prata
2026-07-17,destino,SAPUCAIA DO SUL,8.0,,prata
2026-07-17,destino,SETE BARRAS,12.0,,nanica
2026-07-17,destino,SILVIANÓPOLIS,4.64,,prata
2026-07-17,destino,SOROCABA,12.0,,prata
2026-07-17,destino,SUZANO,11.488,,prata
2026-07-17,destino,SÃO BERNARDO DO CAMPO,6.0,,nanica
2026-07-17,destino,SÃO BERNARDO DO CAMPO,36.895,,prata
2026-07-17,destino,SÃO GERALDO,5.0,,prata
2026-07-17,destino,SÃO GONÇALO,15.0,,prata
2026-07-17,destino,SÃO JOSÉ DO RIO PRETO,46.464,,nanica
2026-07-17,destino,SÃO JOSÉ DO RIO PRETO,20.604,,prata
2026-07-17,destino,SÃO JOSÉ DOS CAMPOS,1.5,,nanica
2026-07-17,destino,SÃO JOSÉ DOS CAMPOS,2.0,,prata
2026-07-17,destino,SÃO PAULO,106.69,,nanica
2026-07-17,destino,SÃO PAULO,1.26,,outras
2026-07-17,destino,SÃO PAULO,150.631,,prata
2026-07-17,destino,TAUBATÉ,15.3,,prata
2026-07-17,destino,TEÓFILO OTONI,1.5,,prata
2026-07-17,destino,TRÊS RIOS,1.5,,nanica
2026-07-17,destino,TRÊS RIOS,0.06,,outras
2026-07-17,destino,TRÊS RIOS,1.5,,prata
2026-07-17,destino,UBERABA,3.0,,prata
2026-07-17,destino,UBERLÂNDIA,11.0,,nanica
2026-07-17,destino,UBERLÂNDIA,13.0,,prata
2026-07-17,destino,UNAÍ,0.9,,nanica
2026-07-17,destino,UNAÍ,1.2,,prata
2026-07-17,destino,VARGINHA,12.0,,prata
2026-07-17,destino,VÁRZEA PAULISTA,18.2,,nanica
2026-07-17,destino,VÁRZEA PAULISTA,6.0,,outras
2026-07-17,destino,VÁRZEA PAULISTA,29.1,,prata
2026-07-17,origem,ANDRADAS,2.0,,prata
2026-07-17,origem,ARAÇUAÍ,71.179,,prata
2026-07-17,origem,BRAZÓPOLIS,3.5,,nanica
2026-07-17,origem,BRAZÓPOLIS,9.2,,prata
2026-07-17,origem,CAPITÃO ENÉAS,33.12,,nanica
2026-07-17,origem,CAPITÃO ENÉAS,30.0,,prata
2026-07-17,origem,CARANGOLA,0.5,,nanica
2026-07-17,origem,CARANGOLA,0.5,,prata
2026-07-17,origem,CARATINGA,7.0,,prata
2026-07-17,origem,COIMBRA,5.0,,prata
2026-07-17,origem,CONCEIÇÃO DAS PEDRAS,8.8,,nanica
2026-07-17,origem,CONTAGEM,148.0,,prata
2026-07-17,origem,CORINTO,15.3,,prata
2026-07-17,origem,CRISTINA,12.0,,prata
2026-07-17,origem,CÁSSIA,52.414,,prata
2026-07-17,origem,DELFINÓPOLIS,4.2,,nanica
2026-07-17,origem,DELFINÓPOLIS,245.16,,prata
2026-07-17,origem,ESPINOSA,20.0,,prata
2026-07-17,origem,FRANCISCO SÁ,9.0,,nanica
2026-07-17,origem,FRANCISCO SÁ,18.0,,prata
2026-07-17,origem,FREI INOCÊNCIO,15.0,,prata
2026-07-17,origem,ITACARAMBI,55.0,,nanica
2026-07-17,origem,ITAMBACURI,1.5,,prata
2026-07-17,origem,ITAOBIM,12.0,,prata
2026-07-17,origem,ITINGA,26.17,,prata
2026-07-17,origem,JANAÚBA,23.0,,nanica
2026-07-17,origem,JANAÚBA,144.104,,prata
2026-07-17,origem,JAÍBA,682.009,,nanica
2026-07-17,origem,JAÍBA,19.76,,outras
2026-07-17,origem,JAÍBA,220.852,,prata
2026-07-17,origem,JEQUITINHONHA,34.8,,prata
2026-07-17,origem,LASSANCE,39.72,,prata
2026-07-17,origem,LAVRAS,0.1,,nanica
2026-07-17,origem,LAVRAS,0.1,,outras
2026-07-17,origem,LAVRAS,3.0,,prata
2026-07-17,origem,MANGA,20.79,,nanica
2026-07-17,origem,MARILAC,18.0,,prata
2026-07-17,origem,MATIAS CARDOSO,39.4,,nanica
2026-07-17,origem,MATIAS CARDOSO,38.1,,prata
2026-07-17,origem,MONTES CLAROS,10.0,,nanica
2026-07-17,origem,MONTES CLAROS,8.8,,outras
2026-07-17,origem,MONTES CLAROS,94.34,,prata
2026-07-17,origem,NOVA PORTEIRINHA,152.75,,prata
2026-07-17,origem,NOVA UNIÃO,105.0,,nanica
2026-07-17,origem,PARAOPEBA,30.0,,nanica
2026-07-17,origem,PAULISTAS,14.8,,prata
2026-07-17,origem,PEDRALVA,78.212,,nanica
2026-07-17,origem,PEDRALVA,10.0,,prata
2026-07-17,origem,PEDRAS DE MARIA DA CRUZ,18.0,,prata
2026-07-17,origem,PIAU,15.0,,nanica
2026-07-17,origem,PIEDADE DE CARATINGA,15.0,,nanica
2026-07-17,origem,PIRAPORA,0.95,,nanica
2026-07-17,origem,PIRAPORA,57.02,,prata
2026-07-17,origem,PONTO DOS VOLANTES,14.42,,prata
2026-07-17,origem,PORTEIRINHA,10.0,,prata
2026-07-17,origem,SÃO FRANCISCO,0.9,,nanica
2026-07-17,origem,SÃO FRANCISCO,13.2,,prata
2026-07-17,origem,SÃO JOÃO BATISTA DO GLÓRIA,7.562,,prata
2026-07-17,origem,SÃO JOÃO DA PONTE,6.0,,prata
2026-07-17,origem,TOCANTINS,1.0,,nanica
2026-07-17,origem,TOCANTINS,1.0,,outras
2026-07-17,origem,UBERLÂNDIA,1.697,,nanica
2026-07-17,origem,UBERLÂNDIA,1.283,,outras
2026-07-17,origem,UBERLÂNDIA,1.34,,prata
2026-07-17,origem,VERDELÂNDIA,52.41,,nanica
2026-07-17,origem,VERDELÂNDIA,0.435,,outras
2026-07-17,origem,VERDELÂNDIA,86.195,,prata
2026-07-17,origem,VÁRZEA DA PALMA,12.15,,nanica
2026-07-17,origem,VÁRZEA DA PALMA,14.85,,prata
2026-07-18,destino,CAMPO GRANDE,24.24,,nanica
2026-07-18,destino,CHAPADÃO DO CÉU,0.04,,nanica
2026-07-18,destino,CHAPADÃO DO CÉU,0.02,,outras
2026-07-18,destino,CHAPADÃO DO CÉU,0.036,,prata
2026-07-18,destino,CHAPADÃO DO SUL,0.04,,nanica
2026-07-18,destino,CHAPADÃO DO SUL,0.04,,outras
2026-07-18,destino,CHAPADÃO DO SUL,0.072,,prata
2026-07-18,destino,CONTAGEM,13.5,,nanica
2026-07-18,destino,CONTAGEM,26.4,,prata
2026-07-18,destino,INOCÊNCIA,0.7,,nanica
2026-07-18,destino,INOCÊNCIA,0.076,,outras
2026-07-18,destino,INOCÊNCIA,0.18,,prata
2026-07-18,destino,NOVA UNIÃO,5.88,,prata
2026-07-18,destino,PARANAÍBA,0.06,,outras
2026-07-18,destino,PARANAÍBA,0.054,,prata
2026-07-18,destino,PARAÍSO DAS ÁGUAS,0.08,,nanica
2026-07-18,destino,PARAÍSO DAS ÁGUAS,0.036,,prata
2026-07-18,destino,RIBEIRÃO DAS NEVES,12.0,,prata
2026-07-18,destino,RIBEIRÃO PRETO,11.445,,prata
2026-07-18,destino,RIO DE JANEIRO,20.0,,prata
2026-07-18,destino,SÃO BERNARDO DO CAMPO,16.385,,prata
2026-07-18,destino,SÃO PAULO,16.5,,nanica
2026-07-18,destino,SÃO PAULO,4.5,,prata
2026-07-18,destino,TRÊS RIOS,1.5,,nanica
2026-07-18,destino,TRÊS RIOS,3.69,,prata
2026-07-18,destino,VOLTA REDONDA,12.48,,prata
2026-07-18,destino,VÁRZEA PAULISTA,13.5,,nanica
2026-07-18,origem,DELFINÓPOLIS,16.385,,prata
2026-07-18,origem,JANAÚBA,15.0,,prata
2026-07-18,origem,JAÍBA,52.74,,nanica
2026-07-18,origem,JAÍBA,18.09,,prata
2026-07-18,origem,LASSANCE,16.5,,nanica
2026-07-18,origem,LASSANCE,16.5,,prata
2026-07-18,origem,NOVA PORTEIRINHA,5.0,,prata
2026-07-18,origem,PIRAPORA,35.925,,prata
2026-07-18,origem,UBERLÂNDIA,0.86,,nanica
2026-07-18,origem,UBERLÂNDIA,0.196,,outras
2026-07-18,origem,UBERLÂNDIA,0.378,,prata
2026-07-18,origem,VÁRZEA DA PALMA,5.88,,prata
2026-07-20,destino,ANDRADAS,15.0,cfo,prata
2026-07-20,destino,APARECIDA DE GOIÂNIA,14.85,cfo,prata
2026-07-20,destino,ARAÇATUBA,23.8,cfo,nanica
2026-07-20,destino,ARAÇATUBA,7.5,cfo,prata
2026-07-20,destino,BARUERI,12.0,cfo,nanica
2026-07-20,destino,BAURU,19.98,cfo,prata
2026-07-20,destino,BELO HORIZONTE,1.38,cfo,nanica
2026-07-20,destino,BELO HORIZONTE,4.62,cfo,prata
2026-07-20,destino,BRASÍLIA,0.9,cfo,nanica
2026-07-20,destino,BRASÍLIA,13.38,cfo,prata
2026-07-20,destino,BRAZÓPOLIS,2.0,cfo,nanica
2026-07-20,destino,BRAZÓPOLIS,18.04,cfo,prata
2026-07-20,destino,CAMPINAS,47.1,cfo,nanica
2026-07-20,destino,CAMPINAS,7.95,cfo,outras
2026-07-20,destino,CAMPINAS,21.9,cfo,prata
2026-07-20,destino,CAMPINAS,13.26,cfoc,nanica
2026-07-20,destino,CAMPINAS,23.1,ptv,nanica
2026-07-20,destino,CAMPINAS,14.7,ptv,prata
2026-07-20,destino,CAMPO GRANDE,66.74,cfo,nanica
2026-07-20,destino,CAMPO GRANDE,3.0,cfo,prata
2026-07-20,destino,CARIACICA,14.0,cfo,prata
2026-07-20,destino,CATALÃO,0.32,cfo,prata
2026-07-20,destino,CATALÃO,36.08,cfoc,outras
2026-07-20,destino,CONTAGEM,119.0,cfo,nanica
2026-07-20,destino,CONTAGEM,2.94,cfo,outras
2026-07-20,destino,CONTAGEM,179.69,cfo,prata
2026-07-20,destino,CONTAGEM,74.37,cfoc,nanica
2026-07-20,destino,CONTAGEM,66.55,cfoc,prata
2026-07-20,destino,COSMÓPOLIS,5.4,cfo,nanica
2026-07-20,destino,COSMÓPOLIS,14.55,cfo,prata
2026-07-20,destino,CUIABÁ,19.24,cfo,nanica
2026-07-20,destino,CUIABÁ,3.36,cfo,prata
2026-07-20,destino,CUMARI,54.0,cfoc,outras
2026-07-20,destino,DOURADOS,22.56,cfo,nanica
2026-07-20,destino,DUQUE DE CAXIAS,10.0,cfo,prata
2026-07-20,destino,GUARULHOS,13.5,cfo,nanica
2026-07-20,destino,ITAJUBÁ,15.0,cfo,nanica
2026-07-20,destino,ITAJUBÁ,4.2,cfo,prata
2026-07-20,destino,ITARIRI,22.5,cfo,nanica
2026-07-20,destino,JANAÚBA,51.2,cfo,nanica
2026-07-20,destino,JANAÚBA,42.7,cfo,prata
2026-07-20,destino,JESUÂNIA,6.09,cfo,prata
2026-07-20,destino,JORDÂNIA,0.6,cfo,prata
2026-07-20,destino,JUIZ DE FORA,15.0,cfoc,nanica
2026-07-20,destino,JUNDIAÍ,18.0,cfo,nanica
2026-07-20,destino,LIMEIRA,10.65,cfo,nanica
2026-07-20,destino,LIMEIRA,0.45,cfo,prata
2026-07-20,destino,MARIA DA FÉ,3.6,cfo,prata
2026-07-20,destino,MIRACATU,16.8,cfo,nanica
2026-07-20,destino,MIRACATU,12.7,cfo,prata
2026-07-20,destino,MONTES CLAROS,0.04,cfo,nanica
2026-07-20,destino,MONTES CLAROS,3.0,cfo,outras
2026-07-20,destino,MONTES CLAROS,56.14,cfo,prata
2026-07-20,destino,MONTES CLAROS,18.9,cfoc,prata
2026-07-20,destino,NITERÓI,12.0,cfo,nanica
2026-07-20,destino,OSASCO,23.19,cfo,nanica
2026-07-20,destino,OSASCO,1.04,cfo,outras
2026-07-20,destino,OSASCO,2.67,cfo,prata
2026-07-20,destino,PARAIBUNA,9.0,cfoc,nanica
2026-07-20,destino,PARAOPEBA,12.0,cfo,nanica
2026-07-20,destino,PARAOPEBA,3.0,cfo,prata
2026-07-20,destino,PEDRA AZUL,2.4,cfo,prata
2026-07-20,destino,PEDRALVA,22.7,cfo,nanica
2026-07-20,destino,PEDRALVA,7.2,cfo,prata
2026-07-20,destino,POUSO ALEGRE,1.98,cfoc,nanica
2026-07-20,destino,POUSO ALEGRE,0.72,cfoc,outras
2026-07-20,destino,POUSO ALEGRE,10.05,cfoc,prata
2026-07-20,destino,POÇOS DE CALDAS,2.5,cfo,prata
2026-07-20,destino,QUIRINÓPOLIS,0.48,cfoc,prata
2026-07-20,destino,RAUL SOARES,10.0,cfo,outras
2026-07-20,destino,RESENDE,0.6,cfoc,nanica
2026-07-20,destino,RIBEIRÃO DAS NEVES,13.0,cfo,nanica
2026-07-20,destino,RIBEIRÃO DAS NEVES,10.8,cfo,prata
2026-07-20,destino,RIBEIRÃO DAS NEVES,12.0,cfoc,prata
2026-07-20,destino,RIBEIRÃO PRETO,33.18,cfo,nanica
2026-07-20,destino,RIBEIRÃO PRETO,9.0,cfo,outras
2026-07-20,destino,RIBEIRÃO PRETO,12.25,cfo,prata
2026-07-20,destino,RIBEIRÃO PRETO,23.1,ptv,nanica
2026-07-20,destino,RIO DE JANEIRO,79.23,cfo,nanica
2026-07-20,destino,RIO DE JANEIRO,287.96,cfo,prata
2026-07-20,destino,SANTO ANTÔNIO DO JARDIM,6.0,cfo,prata
2026-07-20,destino,SAPUCAIA DO SUL,8.0,cfo,prata
2026-07-20,destino,SEROPÉDICA,11.0,cfo,prata
2026-07-20,destino,SOROCABA,11.8,cfo,nanica
2026-07-20,destino,SUMARÉ,25.5,cfoc,prata
2026-07-20,destino,SÃO BERNARDO DO CAMPO,22.37,cfo,prata
2026-07-20,destino,SÃO CAETANO DO SUL,8.1,cfo,nanica
2026-07-20,destino,SÃO CAETANO DO SUL,4.05,cfo,prata
2026-07-20,destino,SÃO GONÇALO,17.0,cfo,prata
2026-07-20,destino,SÃO JOSÉ DO RIO PRETO,12.0,cfo,nanica
2026-07-20,destino,SÃO JOSÉ DO RIO PRETO,10.44,cfo,prata
2026-07-20,destino,SÃO PAULO,44.48,cfo,nanica
2026-07-20,destino,SÃO PAULO,3.42,cfo,outras
2026-07-20,destino,SÃO PAULO,102.65,cfo,prata
2026-07-20,destino,SÃO PAULO,23.0,ptv,prata
2026-07-20,destino,TABOÃO DA SERRA,15.0,cfo,prata
2026-07-20,destino,TAUBATÉ,16.92,cfoc,prata
2026-07-20,destino,TOCANTINS,3.75,cfo,nanica
2026-07-20,destino,TOCANTINS,3.75,cfo,prata
2026-07-20,destino,TRÊS RIOS,2.82,cfo,prata
2026-07-20,destino,UBERLÂNDIA,0.3,cfo,outras
2026-07-20,destino,UBERLÂNDIA,1.5,cfo,prata
2026-07-20,destino,UBERLÂNDIA,1.0,cfoc,nanica
2026-07-20,destino,UBERLÂNDIA,2.0,cfoc,prata
2026-07-20,destino,VIRGINÓPOLIS,8.0,cfo,nanica
2026-07-20,destino,VOLTA REDONDA,11.2,cfo,prata
2026-07-20,destino,VOLTA REDONDA,3.8,cfoc,nanica
2026-07-20,destino,VOLTA REDONDA,0.6,cfoc,outras
2026-07-20,destino,VÁRZEA PAULISTA,78.8,cfo,nanica
2026-07-20,destino,VÁRZEA PAULISTA,7.5,cfo,outras
2026-07-20,destino,VÁRZEA PAULISTA,18.0,cfo,prata
2026-07-20,origem,ANDRADAS,17.5,cfo,prata
2026-07-20,origem,ANDRADAS,6.6,cfoc,prata
2026-07-20,origem,ARAÇUAÍ,30.0,cfo,prata
2026-07-20,origem,BALDIM,8.0,cfo,nanica
2026-07-20,origem,BALDIM,30.0,cfo,prata
2026-07-20,origem,BRAZÓPOLIS,15.0,cfo,nanica
2026-07-20,origem,CAMPINA VERDE,2.94,cfo,outras
2026-07-20,origem,CANÁPOLIS,9.0,cfo,outras
2026-07-20,origem,CAPITÃO ENÉAS,12.0,cfo,nanica
2026-07-20,origem,CAPITÃO ENÉAS,38.9,cfo,prata
2026-07-20,origem,CLARO DOS POÇÕES,1.38,cfo,nanica
2026-07-20,origem,CLARO DOS POÇÕES,23.62,cfo,prata
2026-07-20,origem,CONCEIÇÃO DAS PEDRAS,9.0,cfoc,nanica
2026-07-20,origem,CRISTINA,4.4,cfoc,nanica
2026-07-20,origem,CRISTINA,0.6,cfoc,outras
2026-07-20,origem,CURVELO,15.04,cfo,nanica
2026-07-20,origem,CURVELO,11.23,cfo,prata
2026-07-20,origem,CÁSSIA,61.93,cfo,prata
2026-07-20,origem,DELFINÓPOLIS,11.22,cfo,nanica
2026-07-20,origem,DELFINÓPOLIS,143.99,cfo,prata
2026-07-20,origem,ESPINOSA,30.0,cfo,prata
2026-07-20,origem,FRANCISCO SÁ,20.0,cfo,prata
2026-07-20,origem,GONÇALVES,2.0,cfo,nanica
2026-07-20,origem,GONÇALVES,6.0,cfo,prata
2026-07-20,origem,ITACARAMBI,56.0,cfo,nanica
2026-07-20,origem,JANAÚBA,53.0,cfo,prata
2026-07-20,origem,JANAÚBA,23.0,ptv,prata
2026-07-20,origem,JAÍBA,513.64,cfo,nanica
2026-07-20,origem,JAÍBA,22.19,cfo,outras
2026-07-20,origem,JAÍBA,147.7,cfo,prata
2026-07-20,origem,JAÍBA,13.26,cfoc,nanica
2026-07-20,origem,JAÍBA,46.2,ptv,nanica
2026-07-20,origem,JAÍBA,14.7,ptv,prata
2026-07-20,origem,JEQUITINHONHA,31.8,cfo,prata
2026-07-20,origem,LASSANCE,30.0,cfo,prata
2026-07-20,origem,MANGA,23.1,cfo,nanica
2026-07-20,origem,MARILAC,3.75,cfo,nanica
2026-07-20,origem,MARILAC,3.75,cfo,prata
2026-07-20,origem,MATIAS CARDOSO,32.45,cfo,nanica
2026-07-20,origem,MATIAS CARDOSO,44.45,cfo,prata
2026-07-20,origem,MONTES CLAROS,5.58,cfo,nanica
2026-07-20,origem,MONTES CLAROS,34.92,cfo,prata
2026-07-20,origem,MONTES CLAROS,54.72,cfoc,prata
2026-07-20,origem,NOVA PORTEIRINHA,5.0,cfo,nanica
2026-07-20,origem,NOVA PORTEIRINHA,133.25,cfo,prata
2026-07-20,origem,NOVA UNIÃO,60.0,cfo,nanica
2026-07-20,origem,NOVA UNIÃO,62.37,cfoc,nanica
2026-07-20,origem,NOVA UNIÃO,42.55,cfoc,prata
2026-07-20,origem,PARAOPEBA,12.0,cfo,nanica
2026-07-20,origem,PARAOPEBA,3.0,cfo,prata
2026-07-20,origem,PEDRALVA,18.38,cfo,nanica
2026-07-20,origem,PEDRALVA,15.0,cfoc,nanica
2026-07-20,origem,PEDRAS DE MARIA DA CRUZ,18.0,cfo,prata
2026-07-20,origem,PIRAPORA,5.0,cfo,nanica
2026-07-20,origem,PIRAPORA,21.17,cfo,prata
2026-07-20,origem,PIRAPORA,12.0,cfoc,prata
2026-07-20,origem,PONTO DOS VOLANTES,18.0,cfo,prata
2026-07-20,origem,PORTEIRINHA,24.52,cfo,prata
2026-07-20,origem,POUSO ALEGRE,1.98,cfoc,nanica
2026-07-20,origem,POUSO ALEGRE,0.72,cfoc,outras
2026-07-20,origem,POUSO ALEGRE,10.05,cfoc,prata
2026-07-20,origem,RAUL SOARES,10.0,cfo,outras
2026-07-20,origem,RIBEIRÃO DAS NEVES,12.0,cfoc,nanica
2026-07-20,origem,RIBEIRÃO DAS NEVES,24.0,cfoc,prata
2026-07-20,origem,UBERLÂNDIA,0.3,cfo,outras
2026-07-20,origem,UBERLÂNDIA,1.82,cfo,prata
2026-07-20,origem,UBERLÂNDIA,1.0,cfoc,nanica
2026-07-20,origem,UBERLÂNDIA,90.08,cfoc,outras
2026-07-20,origem,UBERLÂNDIA,2.48,cfoc,prata
2026-07-20,origem,VERDELÂNDIA,13.5,cfo,nanica
2026-07-20,origem,VERDELÂNDIA,0.72,cfo,outras
2026-07-20,origem,VERDELÂNDIA,43.25,cfo,prata
2026-07-20,origem,VIRGINÓPOLIS,8.0,cfo,nanica
2026-07-20,origem,VÁRZEA DA PALMA,9.0,cfo,nanica
2026-07-20,origem,VÁRZEA DA PALMA,7.43,cfo,prata
2026-07-21,destino,ANDRADAS,15.0,cfo,prata
2026-07-21,destino,ARCOS,9.45,cfoc,prata
2026-07-21,destino,AREALVA,17.46,cfo,nanica
2026-07-21,destino,AREALVA,0.9,cfo,prata
2026-07-21,destino,BRASÍLIA,4.2,cfo,nanica
2026-07-21,destino,BRASÍLIA,26.16,cfo,prata
2026-07-21,destino,BRASÍLIA,14.6,cfoc,prata
2026-07-21,destino,BRAZÓPOLIS,15.0,cfo,nanica
2026-07-21,destino,CAETANÓPOLIS,10.0,cfo,prata
2026-07-21,destino,CAJATI,14.34,cfo,prata
2026-07-21,destino,CAMPINAS,29.25,cfo,nanica
2026-07-21,destino,CAMPINAS,36.8,cfo,prata
2026-07-21,destino,CAMPINAS,23.0,ptv,nanica
2026-07-21,destino,CAMPO GRANDE,58.76,cfo,nanica
2026-07-21,destino,CAMPO GRANDE,1.4,cfo,prata
2026-07-21,destino,CAPELINHA,8.6,cfo,prata
2026-07-21,destino,CARANGOLA,13.0,cfo,nanica
2026-07-21,destino,CARATINGA,11.0,cfo,nanica
2026-07-21,destino,CARATINGA,7.0,cfo,outras
2026-07-21,destino,CARMO DE MINAS,10.0,cfo,prata
2026-07-21,destino,CATALÃO,48.1,cfoc,outras
2026-07-21,destino,COIMBRA,3.0,cfo,prata
2026-07-21,destino,CONTAGEM,62.25,cfo,nanica
2026-07-21,destino,CONTAGEM,90.75,cfo,prata
2026-07-21,destino,CONTAGEM,60.75,cfoc,nanica
2026-07-21,destino,CONTAGEM,4.38,cfoc,outras
2026-07-21,destino,CONTAGEM,183.77,cfoc,prata
2026-07-21,destino,CRISTINA,8.0,cfo,prata
2026-07-21,destino,CURVELO,15.0,cfo,nanica
2026-07-21,destino,CURVELO,12.5,cfo,prata
2026-07-21,destino,DIVINÓPOLIS,6.84,cfo,prata
2026-07-21,destino,DOM CAVATI,10.5,cfo,prata
2026-07-21,destino,DOM PEDRO DE ALCÂNTARA,9.75,cfo,prata
2026-07-21,destino,ESPÍRITO SANTO DO DOURADO,3.5,cfo,prata
2026-07-21,destino,FARTURA,24.0,cfo,nanica
2026-07-21,destino,FRAIBURGO,15.0,cfoc,nanica
2026-07-21,destino,FRANCA,14.0,cfo,nanica
2026-07-21,destino,GOVERNADOR VALADARES,10.0,cfo,nanica
2026-07-21,destino,GOVERNADOR VALADARES,10.0,cfo,outras
2026-07-21,destino,GOVERNADOR VALADARES,7.0,cfo,prata
2026-07-21,destino,GUARULHOS,13.5,cfo,nanica
2026-07-21,destino,GUARULHOS,27.36,cfo,prata
2026-07-21,destino,ICONHA,14.4,cfo,prata
2026-07-21,destino,IPAMERI,48.0,cfoc,nanica
2026-07-21,destino,IPAMERI,86.06,cfoc,outras
2026-07-21,destino,ITAJUBÁ,15.0,cfo,nanica
2026-07-21,destino,ITAMOGI,2.8,cfo,nanica
2026-07-21,destino,ITAPERUNA,0.5,cfo,nanica
2026-07-21,destino,ITAPERUNA,0.5,cfo,prata
2026-07-21,destino,ITARIRI,29.53,cfo,prata
2026-07-21,destino,JANAÚBA,46.1,cfo,nanica
2026-07-21,destino,JUIZ DE FORA,16.0,cfo,nanica
2026-07-21,destino,JUIZ DE FORA,16.0,cfo,prata
2026-07-21,destino,JUNDIAÍ,25.3,cfo,prata
2026-07-21,destino,MARIA DA FÉ,5.32,cfo,prata
2026-07-21,destino,MIRACATU,35.6,cfo,nanica
2026-07-21,destino,MIRACATU,23.2,cfo,prata
2026-07-21,destino,MONTES CLAROS,21.64,cfo,nanica
2026-07-21,destino,MONTES CLAROS,61.5,cfo,prata
2026-07-21,destino,MONTES CLAROS,8.1,cfoc,prata
2026-07-21,destino,NITERÓI,6.0,cfo,prata
2026-07-21,destino,NOVA PORTEIRINHA,19.0,cfo,prata
2026-07-21,destino,NOVO HAMBURGO,13.2,cfo,nanica
2026-07-21,destino,OSASCO,19.14,cfo,nanica
2026-07-21,destino,OSASCO,45.4,cfo,prata
2026-07-21,destino,PARAIBUNA,10.6,cfoc,nanica
2026-07-21,destino,PARAOPEBA,30.0,cfo,nanica
2026-07-21,destino,PARAOPEBA,30.0,cfo,prata
2026-07-21,destino,PIAU,5.0,cfo,nanica
2026-07-21,destino,PIAU,5.0,cfo,prata
2026-07-21,destino,PIRANGUINHO,5.4,cfo,prata
2026-07-21,destino,PIRAPORA,15.0,cfo,prata
2026-07-21,destino,POÇOS DE CALDAS,4.8,cfo,prata
2026-07-21,destino,QUIRINÓPOLIS,0.06,cfoc,outras
2026-07-21,destino,RIBEIRÃO DAS NEVES,8.1,cfo,nanica
2026-07-21,destino,RIBEIRÃO DAS NEVES,2.7,cfo,outras
2026-07-21,destino,RIBEIRÃO DAS NEVES,26.85,cfo,prata
2026-07-21,destino,RIBEIRÃO PRETO,55.19,cfo,nanica
2026-07-21,destino,RIBEIRÃO PRETO,30.3,cfo,prata
2026-07-21,destino,RIBEIRÃO PRETO,23.1,ptv,nanica
2026-07-21,destino,RIO DE JANEIRO,10.0,cfo,nanica
2026-07-21,destino,RIO DE JANEIRO,319.76,cfo,prata
2026-07-21,destino,RIO DE JANEIRO,13.3,cfoc,nanica
2026-07-21,destino,SANTA RITA DO PASSA QUATRO,6.75,cfo,prata
2026-07-21,destino,SANTO ANDRÉ,13.8,cfo,prata
2026-07-21,destino,SUZANO,11.52,cfo,prata
2026-07-21,destino,SÃO BERNARDO DO CAMPO,35.72,cfo,prata
2026-07-21,destino,SÃO GONÇALO,5.7,cfo,prata
2026-07-21,destino,SÃO JOSÉ DO RIO PRETO,36.0,cfo,nanica
2026-07-21,destino,SÃO JOÃO DA BOA VISTA,8.0,cfo,nanica
2026-07-21,destino,SÃO PAULO,50.32,cfo,nanica
2026-07-21,destino,SÃO PAULO,1.26,cfo,outras
2026-07-21,destino,SÃO PAULO,76.93,cfo,prata
2026-07-21,destino,TAUBATÉ,6.0,cfoc,nanica
2026-07-21,destino,TRÊS CORAÇÕES,24.7,cfoc,nanica
2026-07-21,destino,TRÊS CORAÇÕES,2.22,cfoc,prata
2026-07-21,destino,TRÊS RIOS,0.99,cfo,nanica
2026-07-21,destino,TRÊS RIOS,8.0,cfo,prata
2026-07-21,destino,UBERLÂNDIA,12.0,cfoc,prata
2026-07-21,destino,UNAÍ,1.05,cfoc,nanica
2026-07-21,destino,UNAÍ,1.2,cfoc,prata
2026-07-21,destino,VARGINHA,5.0,cfo,prata
2026-07-21,destino,VOLTA REDONDA,16.08,cfo,nanica
2026-07-21,destino,VOLTA REDONDA,12.6,cfo,prata
2026-07-21,destino,VOTORANTIM,5.6,cfo,prata
2026-07-21,destino,VÁRZEA PAULISTA,18.15,cfo,nanica
2026-07-21,destino,ÁGUAS FORMOSAS,2.0,cfo,prata
2026-07-21,origem,ANDRADAS,8.0,cfo,nanica
2026-07-21,origem,ARAÇUAÍ,4.0,cfo,nanica
2026-07-21,origem,ARAÇUAÍ,93.64,cfo,prata
2026-07-21,origem,ARCOS,9.45,cfoc,prata
2026-07-21,origem,CAETANÓPOLIS,10.0,cfo,prata
2026-07-21,origem,CAPITÃO ENÉAS,13.0,cfo,nanica
2026-07-21,origem,CAPITÃO ENÉAS,9.1,cfo,prata
2026-07-21,origem,CARANGOLA,13.5,cfo,nanica
2026-07-21,origem,CARANGOLA,0.5,cfo,prata
2026-07-21,origem,CARMO DE MINAS,10.0,cfo,prata
2026-07-21,origem,CLARO DOS POÇÕES,19.0,cfo,prata
2026-07-21,origem,COIMBRA,3.0,cfo,prata
2026-07-21,origem,CONGONHAL,10.6,cfoc,nanica
2026-07-21,origem,CONTAGEM,85.45,cfoc,nanica
2026-07-21,origem,CONTAGEM,4.38,cfoc,outras
2026-07-21,origem,CONTAGEM,185.99,cfoc,prata
2026-07-21,origem,CURVELO,30.0,cfo,nanica
2026-07-21,origem,CURVELO,8.0,cfo,prata
2026-07-21,origem,CÁSSIA,26.34,cfo,prata
2026-07-21,origem,DELFINÓPOLIS,19.6,cfo,nanica
2026-07-21,origem,DELFINÓPOLIS,246.0,cfo,prata
2026-07-21,origem,ESPÍRITO SANTO DO DOURADO,3.5,cfo,prata
2026-07-21,origem,FRANCISCO SÁ,13.5,cfo,nanica
2026-07-21,origem,IMBÉ DE MINAS,8.0,cfo,nanica
2026-07-21,origem,IMBÉ DE MINAS,2.0,cfo,outras
2026-07-21,origem,INHAPIM,5.0,cfo,nanica
2026-07-21,origem,INHAPIM,10.0,cfo,outras
2026-07-21,origem,ITACARAMBI,37.0,cfo,nanica
2026-07-21,origem,ITAOBIM,16.6,cfo,prata
2026-07-21,origem,JANAÚBA,21.0,cfo,nanica
2026-07-21,origem,JANAÚBA,63.07,cfo,prata
2026-07-21,origem,JAÍBA,392.2,cfo,nanica
2026-07-21,origem,JAÍBA,3.96,cfo,outras
2026-07-21,origem,JAÍBA,191.8,cfo,prata
2026-07-21,origem,JAÍBA,46.1,ptv,nanica
2026-07-21,origem,JEQUITINHONHA,12.9,cfo,prata
2026-07-21,origem,LASSANCE,66.6,cfo,prata
2026-07-21,origem,MANGA,12.0,cfo,nanica
2026-07-21,origem,MARILAC,24.9,cfo,prata
2026-07-21,origem,MATIAS CARDOSO,12.96,cfo,prata
2026-07-21,origem,MATOZINHOS,5.0,cfo,prata
2026-07-21,origem,MOGI MIRIM,5.0,cfo,prata
2026-07-21,origem,MONTES CLAROS,18.0,cfo,prata
2026-07-21,origem,MONTES CLAROS,13.3,cfoc,nanica
2026-07-21,origem,MONTES CLAROS,16.2,cfoc,prata
2026-07-21,origem,NOVA PORTEIRINHA,115.43,cfo,prata
2026-07-21,origem,PARAOPEBA,45.0,cfo,nanica
2026-07-21,origem,PARAOPEBA,30.0,cfo,prata
2026-07-21,origem,PAULISTAS,16.5,cfo,prata
2026-07-21,origem,PEDRALVA,15.0,cfo,nanica
2026-07-21,origem,PEDRALVA,15.0,cfoc,nanica
2026-07-21,origem,PIAU,5.0,cfo,nanica
2026-07-21,origem,PIRANGUÇU,6.0,cfoc,nanica
2026-07-21,origem,PIRAPORA,1.5,cfo,nanica
2026-07-21,origem,PIRAPORA,62.14,cfo,prata
2026-07-21,origem,PIRAPORA,18.5,cfoc,prata
2026-07-21,origem,SÃO DOMINGOS DAS DORES,3.0,cfo,nanica
2026-07-21,origem,SÃO DOMINGOS DAS DORES,5.0,cfo,outras
2026-07-21,origem,SÃO FRANCISCO,17.0,cfo,prata
2026-07-21,origem,SÃO FRANCISCO,1.05,cfoc,nanica
2026-07-21,origem,SÃO FRANCISCO,1.2,cfoc,prata
2026-07-21,origem,SÃO GERALDO DA PIEDADE,5.0,cfo,nanica
2026-07-21,origem,SÃO GERALDO DA PIEDADE,7.0,cfo,prata
2026-07-21,origem,SÃO JOSÉ DO ALEGRE,15.0,cfo,nanica
2026-07-21,origem,TOCANTINS,15.0,cfo,nanica
2026-07-21,origem,TOCANTINS,15.0,cfo,prata
2026-07-21,origem,UBERLÂNDIA,48.0,cfoc,nanica
2026-07-21,origem,UBERLÂNDIA,134.22,cfoc,outras
2026-07-21,origem,VERDELÂNDIA,13.93,cfo,nanica
2026-07-21,origem,VERDELÂNDIA,43.8,cfo,prata
2026-07-21,origem,VÁRZEA DA PALMA,16.5,cfo,prata
2026-07-22,destino,ARAÇATUBA,24.0,cfo,nanica
2026-07-22,destino,ARCOS,13.5,cfo,prata
2026-07-22,destino,BRASÍLIA,12.0,cfo,nanica
2026-07-22,destino,BRASÍLIA,20.25,cfo,prata
2026-07-22,destino,CAMBUQUIRA,1.0,cfo,prata
2026-07-22,destino,CAMPANHA,4.0,cfo,prata
2026-07-22,destino,CAMPINAS,63.6,cfo,nanica
2026-07-22,destino,CAMPINAS,2.88,cfo,outras
2026-07-22,destino,CAMPINAS,19.05,cfo,prata
2026-07-22,destino,CAMPINAS,14.55,cfoc,prata
2026-07-22,destino,CAMPINAS,13.26,ptv,nanica
2026-07-22,destino,CAMPO GRANDE,40.0,cfo,nanica
2026-07-22,destino,CAMPO GRANDE,9.5,cfo,prata
2026-07-22,destino,CASSILÂNDIA,54.0,cfoc,prata
2026-07-22,destino,CAXAMBU,4.0,cfo,prata
2026-07-22,destino,CHAPADÃO DO CÉU,0.04,cfoc,nanica
2026-07-22,destino,CHAPADÃO DO CÉU,36.0,cfoc,prata
2026-07-22,destino,CHAPADÃO DO SUL,0.04,cfoc,nanica
2026-07-22,destino,CHAPADÃO DO SUL,0.02,cfoc,outras
2026-07-22,destino,CHAPADÃO DO SUL,90.19,cfoc,prata
2026-07-22,destino,CONCEIÇÃO DO RIO VERDE,2.0,cfo,prata
2026-07-22,destino,CONTAGEM,93.0,cfo,nanica
2026-07-22,destino,CONTAGEM,2.9,cfo,outras
2026-07-22,destino,CONTAGEM,109.9,cfo,prata
2026-07-22,destino,CONTAGEM,49.0,cfoc,nanica
2026-07-22,destino,CONTAGEM,41.0,cfoc,prata
2026-07-22,destino,COSTA RICA,38.0,cfoc,nanica
2026-07-22,destino,COSTA RICA,38.0,cfoc,outras
2026-07-22,destino,FRANCA,14.0,cfo,nanica
2026-07-22,destino,GLÓRIA D'OESTE,13.0,cfo,nanica
2026-07-22,destino,INOCÊNCIA,152.92,cfoc,nanica
2026-07-22,destino,INOCÊNCIA,92.04,cfoc,outras
2026-07-22,destino,INOCÊNCIA,203.09,cfoc,prata
2026-07-22,destino,ITAJUBÁ,2.0,cfo,prata
2026-07-22,destino,ITUMBIARA,19.01,cfoc,nanica
2026-07-22,destino,ITUMBIARA,109.01,cfoc,outras
2026-07-22,destino,JALES,13.5,cfo,nanica
2026-07-22,destino,JALES,14.0,ptv,nanica
2026-07-22,destino,JANAÚBA,64.28,cfo,nanica
2026-07-22,destino,JANAÚBA,6.0,cfo,prata
2026-07-22,destino,JARDIM,13.0,cfo,nanica
2026-07-22,destino,JAÚ,19.5,cfo,nanica
2026-07-22,destino,JAÚ,0.75,cfo,outras
2026-07-22,destino,JUIZ DE FORA,3.0,cfo,prata
2026-07-22,destino,JUNDIAÍ,23.8,cfo,prata
2026-07-22,destino,MARINGÁ,33.8,cfo,nanica
2026-07-22,destino,MARINGÁ,6.2,cfo,prata
2026-07-22,destino,MINEIROS DO TIETÊ,25.08,cfo,nanica
2026-07-22,destino,MONTES CLAROS,9.09,cfo,nanica
2026-07-22,destino,MONTES CLAROS,1.5,cfo,outras
2026-07-22,destino,NITERÓI,24.0,cfo,prata
2026-07-22,destino,NOVA UNIÃO,6.75,cfo,prata
2026-07-22,destino,NOVA UNIÃO,5.25,cfoc,prata
2026-07-22,destino,OSASCO,36.54,cfo,prata
2026-07-22,destino,PARAIBUNA,7.0,cfo,nanica
2026-07-22,destino,PARANAÍBA,0.06,cfoc,outras
2026-07-22,destino,PARANAÍBA,54.0,cfoc,prata
2026-07-22,destino,PARAÍSO DAS ÁGUAS,0.2,cfoc,nanica
2026-07-22,destino,PARAÍSO DAS ÁGUAS,0.04,cfoc,outras
2026-07-22,destino,PEDRALVA,15.0,cfo,nanica
2026-07-22,destino,PEDRO DE TOLEDO,3.4,cfo,prata
2026-07-22,destino,PERUÍBE,8.0,cfo,nanica
2026-07-22,destino,PIAU,1.0,cfo,nanica
2026-07-22,destino,PIAU,5.0,cfo,prata
2026-07-22,destino,PIRACICABA,14.7,cfo,nanica
2026-07-22,destino,PIRACICABA,0.75,cfo,outras
2026-07-22,destino,PIRAPORA,15.0,cfo,prata
2026-07-22,destino,PORTO ALEGRE,13.8,cfo,prata
2026-07-22,destino,POUSO ALEGRE,6.0,cfo,nanica
2026-07-22,destino,QUIRINÓPOLIS,95.0,cfoc,nanica
2026-07-22,destino,QUIRINÓPOLIS,124.0,cfoc,outras
2026-07-22,destino,QUIRINÓPOLIS,0.18,cfoc,prata
2026-07-22,destino,RAUL SOARES,10.0,cfo,nanica
2026-07-22,destino,RIBEIRÃO DAS NEVES,34.8,cfo,prata
2026-07-22,destino,RIBEIRÃO PRETO,9.0,cfo,prata
2026-07-22,destino,RIBEIRÃO PRETO,23.52,ptv,nanica
2026-07-22,destino,RIO DE JANEIRO,184.9,cfo,prata
2026-07-22,destino,RIO DE JANEIRO,6.0,ptv,prata
2026-07-22,destino,RIO VERDE,57.0,cfoc,nanica
2026-07-22,destino,RIO VERDE,52.0,cfoc,outras
2026-07-22,destino,SEROPÉDICA,20.0,cfo,prata
2026-07-22,destino,SÃO BERNARDO DO CAMPO,13.5,cfo,prata
2026-07-22,destino,SÃO FRANCISCO,6.0,cfo,nanica
2026-07-22,destino,SÃO LOURENÇO,4.0,cfo,prata
2026-07-22,destino,SÃO PAULO,35.54,cfo,nanica
2026-07-22,destino,SÃO PAULO,71.88,cfo,prata
2026-07-22,destino,TABOÃO DA SERRA,13.5,cfo,nanica
2026-07-22,destino,TABOÃO DA SERRA,1.5,cfo,outras
2026-07-22,destino,TAUBATÉ,2.5,cfo,nanica
2026-07-22,destino,TAUBATÉ,5.0,cfo,prata
2026-07-22,destino,TRÊS CACHOEIRAS,10.8,cfo,prata
2026-07-22,destino,TRÊS CORAÇÕES,17.5,cfo,prata
2026-07-22,destino,TRÊS RIOS,1.32,cfo,prata
2026-07-22,destino,UBERLÂNDIA,11.0,cfo,nanica
2026-07-22,destino,UBERLÂNDIA,12.4,cfo,prata
2026-07-22,destino,VÁRZEA PAULISTA,13.5,cfo,nanica
2026-07-22,destino,VÁRZEA PAULISTA,13.5,ptv,nanica
2026-07-22,origem,ARAÇUAÍ,31.0,cfo,prata
2026-07-22,origem,BRAZÓPOLIS,15.5,cfo,nanica
2026-07-22,origem,BRAZÓPOLIS,7.0,cfo,prata
2026-07-22,origem,CAPITÃO ENÉAS,13.5,cfo,nanica
2026-07-22,origem,CAPITÃO ENÉAS,10.0,cfo,prata
2026-07-22,origem,CONTAGEM,49.0,cfoc,nanica
2026-07-22,origem,CONTAGEM,41.0,cfoc,prata
2026-07-22,origem,CRISTINA,18.0,cfo,prata
2026-07-22,origem,CÁSSIA,9.0,cfo,prata
2026-07-22,origem,DELFINÓPOLIS,75.08,cfo,prata
2026-07-22,origem,ESPINOSA,34.0,cfo,prata
2026-07-22,origem,FRANCISCO SÁ,8.0,cfo,prata
2026-07-22,origem,GUARDA-MOR,12.0,cfo,nanica
2026-07-22,origem,ITACARAMBI,34.0,cfo,nanica
2026-07-22,origem,JANAÚBA,66.8,cfo,prata
2026-07-22,origem,JANAÚBA,6.0,ptv,prata
2026-07-22,origem,JAÍBA,382.07,cfo,nanica
2026-07-22,origem,JAÍBA,10.28,cfo,outras
2026-07-22,origem,JAÍBA,130.56,cfo,prata
2026-07-22,origem,JAÍBA,50.78,ptv,nanica
2026-07-22,origem,JEQUITINHONHA,14.5,cfo,prata
2026-07-22,origem,JESUÂNIA,13.5,cfo,prata
2026-07-22,origem,LAMBARI,4.0,cfo,prata
2026-07-22,origem,LASSANCE,31.8,cfo,prata
2026-07-22,origem,MANGA,23.52,cfo,nanica
2026-07-22,origem,MARILAC,27.0,cfo,prata
2026-07-22,origem,MATEUS LEME,15.0,cfo,nanica
2026-07-22,origem,MATEUS LEME,15.0,cfo,prata
2026-07-22,origem,MATIAS CARDOSO,15.0,cfo,nanica
2026-07-22,origem,MATIAS CARDOSO,58.85,cfo,prata
2026-07-22,origem,MONTES CLAROS,18.0,cfo,prata
2026-07-22,origem,NOVA PONTE,15.0,cfo,prata
2026-07-22,origem,NOVA PORTEIRINHA,5.0,cfo,nanica
2026-07-22,origem,NOVA PORTEIRINHA,32.7,cfo,prata
2026-07-22,origem,NOVA PORTEIRINHA,13.5,ptv,nanica
2026-07-22,origem,NOVA UNIÃO,40.0,cfo,nanica
2026-07-22,origem,NOVA UNIÃO,2.0,cfo,prata
2026-07-22,origem,PEDRALVA,15.0,cfo,nanica
2026-07-22,origem,PIAU,1.0,cfo,nanica
2026-07-22,origem,PIAU,5.0,cfo,prata
2026-07-22,origem,PIRAPORA,35.25,cfo,prata
2026-07-22,origem,PIRAPORA,19.8,cfoc,prata
2026-07-22,origem,RAUL SOARES,10.0,cfo,nanica
2026-07-22,origem,UBERLÂNDIA,362.21,cfoc,nanica
2026-07-22,origem,UBERLÂNDIA,415.17,cfoc,outras
2026-07-22,origem,UBERLÂNDIA,437.46,cfoc,prata
2026-07-22,origem,VERDELÂNDIA,45.0,cfo,prata
2026-07-22,origem,VÁRZEA DA PALMA,6.75,cfo,prata
2026-07-23,destino,APARECIDA DE GOIÂNIA,2.7,cfo,outras
2026-07-23,destino,APARECIDA DE GOIÂNIA,13.5,cfo,prata
2026-07-23,destino,BOTELHOS,6.0,cfo,prata
2026-07-23,destino,BRAZÓPOLIS,7.0,cfo,nanica
2026-07-23,destino,BURITI ALEGRE,1.12,cfo,outras
2026-07-23,destino,CACHOEIRA PAULISTA,0.8,cfo,nanica
2026-07-23,destino,CACHOEIRA PAULISTA,0.8,cfo,prata
2026-07-23,destino,CAIEIRAS,16.0,cfo,nanica
2026-07-23,destino,CAMPINAS,50.22,cfo,nanica
2026-07-23,destino,CAMPINAS,2.7,cfo,outras
2026-07-23,destino,CAMPINAS,52.98,cfo,prata
2026-07-23,destino,CAMPINAS,34.23,ptv,nanica
2026-07-23,destino,CAMPINAS,3.36,ptv,prata
2026-07-23,destino,CAMPO GRANDE,69.64,cfo,nanica
2026-07-23,destino,CARATINGA,15.0,cfo,nanica
2026-07-23,destino,CARATINGA,8.0,cfo,outras
2026-07-23,destino,CARATINGA,5.0,cfo,prata
2026-07-23,destino,CARIACICA,10.92,cfo,prata
2026-07-23,destino,CATALÃO,0.32,cfo,prata
2026-07-23,destino,CATALÃO,48.08,cfoc,nanica
2026-07-23,destino,CATALÃO,54.08,cfoc,outras
2026-07-23,destino,CONCEIÇÃO DAS PEDRAS,4.5,cfo,prata
2026-07-23,destino,CONGONHAL,15.0,cfoc,nanica
2026-07-23,destino,CONTAGEM,83.0,cfo,nanica
2026-07-23,destino,CONTAGEM,2.67,cfo,outras
2026-07-23,destino,CONTAGEM,72.0,cfo,prata
2026-07-23,destino,CONTAGEM,129.56,cfoc,nanica
2026-07-23,destino,CONTAGEM,5.03,cfoc,outras
2026-07-23,destino,CONTAGEM,315.66,cfoc,prata
2026-07-23,destino,CUMARI,32.0,cfoc,nanica
2026-07-23,destino,CUMARI,48.0,cfoc,prata
2026-07-23,destino,CURVELO,60.0,cfo,nanica
2026-07-23,destino,CURVELO,15.0,cfo,prata
2026-07-23,destino,DIVINÓPOLIS,9.3,cfo,prata
2026-07-23,destino,DOURADOS,18.0,cfo,nanica
2026-07-23,destino,DOURADOS,1.7,cfo,prata
2026-07-23,destino,DUQUE DE CAXIAS,12.0,cfo,prata
2026-07-23,destino,EXTREMA,3.0,cfoc,nanica
2026-07-23,destino,EXTREMA,4.0,cfoc,prata
2026-07-23,destino,FRANCA,27.4,cfo,nanica
2026-07-23,destino,FRANCA,14.6,cfo,prata
2026-07-23,destino,GUARATINGUETÁ,1.75,cfo,prata
2026-07-23,destino,GUARULHOS,13.5,cfo,nanica
2026-07-23,destino,GUARULHOS,13.86,cfo,prata
2026-07-23,destino,INCONFIDENTES,6.9,cfo,prata
2026-07-23,destino,JANAÚBA,46.23,cfo,nanica
2026-07-23,destino,JANAÚBA,3.36,cfo,prata
2026-07-23,destino,JAÍBA,10.0,cfo,nanica
2026-07-23,destino,JAÍBA,3.0,cfo,prata
2026-07-23,destino,JUNDIAÍ,25.2,cfo,prata
2026-07-23,destino,LORENA,1.8,cfo,nanica
2026-07-23,destino,LORENA,2.3,cfo,prata
2026-07-23,destino,LOUVEIRA,1.51,cfo,nanica
2026-07-23,destino,MARINGÁ,22.5,cfo,prata
2026-07-23,destino,MARÍLIA,12.0,cfo,prata
2026-07-23,destino,MATEUS LEME,3.2,cfoc,prata
2026-07-23,destino,MIRACATU,14.0,cfo,nanica
2026-07-23,destino,MIRACATU,23.8,cfo,prata
2026-07-23,destino,MONTES CLAROS,24.07,cfo,prata
2026-07-23,destino,MONTES CLAROS,24.07,cfoc,prata
2026-07-23,destino,MORRINHOS DO SUL,10.0,cfo,prata
2026-07-23,destino,NITERÓI,36.0,cfo,prata
2026-07-23,destino,NOVA UNIÃO,12.0,cfo,nanica
2026-07-23,destino,OSASCO,16.49,cfo,nanica
2026-07-23,destino,OSASCO,3.64,cfo,outras
2026-07-23,destino,OSASCO,19.14,cfo,prata
2026-07-23,destino,PARAIBUNA,17.4,cfo,nanica
2026-07-23,destino,PARAOPEBA,15.0,cfo,prata
2026-07-23,destino,PEDRALVA,33.0,cfo,nanica
2026-07-23,destino,PEDRALVA,4.0,cfo,prata
2026-07-23,destino,PETRÓPOLIS,1.5,cfo,prata
2026-07-23,destino,PINDAMONHANGABA,1.0,cfo,nanica
2026-07-23,destino,PINDAMONHANGABA,1.0,cfo,prata
2026-07-23,destino,PIRACICABA,5.3,cfo,prata
2026-07-23,destino,PIRAPORA,5.0,cfo,prata
2026-07-23,destino,POTIM,2.0,cfo,nanica
2026-07-23,destino,POÇOS DE CALDAS,4.5,cfo,prata
2026-07-23,destino,QUIRINÓPOLIS,0.48,cfoc,nanica
2026-07-23,destino,QUIRINÓPOLIS,0.24,cfoc,prata
2026-07-23,destino,RIBEIRÃO DAS NEVES,22.8,cfo,nanica
2026-07-23,destino,RIBEIRÃO DAS NEVES,21.6,cfo,prata
2026-07-23,destino,RIBEIRÃO DAS NEVES,25.8,cfoc,nanica
2026-07-23,destino,RIBEIRÃO DAS NEVES,150.0,cfoc,prata
2026-07-23,destino,RIBEIRÃO PRETO,36.44,cfo,nanica
2026-07-23,destino,RIO DE JANEIRO,81.51,cfo,nanica
2026-07-23,destino,RIO DE JANEIRO,0.81,cfo,outras
2026-07-23,destino,RIO DE JANEIRO,189.41,cfo,prata
2026-07-23,destino,RIO DE JANEIRO,12.07,cfoc,prata
2026-07-23,destino,SANTA BÁRBARA DO TUGÚRIO,5.0,cfoc,prata
2026-07-23,destino,SANTO ANTÔNIO DO JARDIM,15.6,cfo,nanica
2026-07-23,destino,SEROPÉDICA,12.0,cfo,prata
2026-07-23,destino,SÃO BERNARDO DO CAMPO,26.87,cfo,prata
2026-07-23,destino,SÃO GONÇALO,7.6,cfo,prata
2026-07-23,destino,SÃO JOSÉ DO RIO PRETO,39.15,cfo,nanica
2026-07-23,destino,SÃO JOSÉ DO RIO PRETO,15.0,cfo,prata
2026-07-23,destino,SÃO JOSÉ DOS CAMPOS,11.1,cfo,prata
2026-07-23,destino,SÃO JOSÉ DOS CAMPOS,8.0,cfoc,prata
2026-07-23,destino,SÃO PAULO,79.55,cfo,nanica
2026-07-23,destino,SÃO PAULO,51.62,cfo,prata
2026-07-23,destino,SÃO PAULO,12.0,ptv,nanica
2026-07-23,destino,TABOÃO DA SERRA,15.0,cfo,prata
2026-07-23,destino,TAUBATÉ,1.25,cfo,nanica
2026-07-23,destino,TAUBATÉ,16.37,cfo,prata
2026-07-23,destino,TRÊS RIOS,1.23,cfo,nanica
2026-07-23,destino,TRÊS RIOS,0.14,cfoc,outras
2026-07-23,destino,UBERLÂNDIA,4.0,cfo,nanica
2026-07-23,destino,UBERLÂNDIA,11.0,cfo,outras
2026-07-23,destino,UBERLÂNDIA,54.2,cfo,prata
2026-07-23,destino,VASSOURAS,0.04,cfoc,outras
2026-07-23,destino,VOLTA REDONDA,1.0,cfo,nanica
2026-07-23,destino,VOLTA REDONDA,6.0,cfo,prata
2026-07-23,destino,VOTORANTIM,10.88,cfo,prata
2026-07-23,destino,VÁRZEA PAULISTA,40.7,cfo,nanica
2026-07-23,destino,VÁRZEA PAULISTA,15.0,cfo,prata
2026-07-23,origem,ANDRADAS,4.5,cfo,prata
2026-07-23,origem,ARAÇUAÍ,71.72,cfo,prata
2026-07-23,origem,BELO HORIZONTE,42.5,cfoc,nanica
2026-07-23,origem,BELO HORIZONTE,0.15,cfoc,outras
2026-07-23,origem,BELO HORIZONTE,54.5,cfoc,prata
2026-07-23,origem,BOM JESUS DO AMPARO,15.0,cfo,nanica
2026-07-23,origem,BRAZÓPOLIS,19.25,cfo,nanica
2026-07-23,origem,BRAZÓPOLIS,7.1,cfo,prata
2026-07-23,origem,BRAZÓPOLIS,8.0,cfoc,prata
2026-07-23,origem,CAMPINA VERDE,2.67,cfo,outras
2026-07-23,origem,CANÁPOLIS,1.12,cfo,outras
2026-07-23,origem,CAPITÃO ENÉAS,9.0,cfo,nanica
2026-07-23,origem,CAPITÃO ENÉAS,34.07,cfo,prata
2026-07-23,origem,CLARO DOS POÇÕES,19.0,cfo,prata
2026-07-23,origem,CONCEIÇÃO DAS PEDRAS,5.0,cfoc,prata
2026-07-23,origem,CONTAGEM,87.06,cfoc,nanica
2026-07-23,origem,CONTAGEM,4.88,cfoc,outras
2026-07-23,origem,CONTAGEM,249.16,cfoc,prata
2026-07-23,origem,CRISTINA,7.0,cfo,nanica
2026-07-23,origem,CURVELO,75.0,cfo,nanica
2026-07-23,origem,CURVELO,15.0,cfo,prata
2026-07-23,origem,CÁSSIA,22.88,cfo,prata
2026-07-23,origem,DELFINÓPOLIS,1.0,cfo,nanica
2026-07-23,origem,DELFINÓPOLIS,197.73,cfo,prata
2026-07-23,origem,ESPINOSA,14.0,cfo,prata
2026-07-23,origem,IMBÉ DE MINAS,5.0,cfo,nanica
2026-07-23,origem,IMBÉ DE MINAS,8.0,cfo,outras
2026-07-23,origem,INCONFIDENTES,6.9,cfo,prata
2026-07-23,origem,INDIANÓPOLIS,30.0,cfo,prata
2026-07-23,origem,ITACARAMBI,32.0,cfo,nanica
2026-07-23,origem,ITINGA,10.0,cfo,prata
2026-07-23,origem,JANAÚBA,23.0,cfo,nanica
2026-07-23,origem,JANAÚBA,60.24,cfo,prata
2026-07-23,origem,JANAÚBA,12.0,ptv,nanica
2026-07-23,origem,JAÍBA,443.62,cfo,nanica
2026-07-23,origem,JAÍBA,9.85,cfo,outras
2026-07-23,origem,JAÍBA,156.93,cfo,prata
2026-07-23,origem,JAÍBA,34.23,ptv,nanica
2026-07-23,origem,JAÍBA,3.36,ptv,prata
2026-07-23,origem,JEQUITINHONHA,40.8,cfo,prata
2026-07-23,origem,JUIZ DE FORA,0.18,cfoc,outras
2026-07-23,origem,LASSANCE,13.5,cfo,nanica
2026-07-23,origem,LASSANCE,10.8,cfo,prata
2026-07-23,origem,MANGA,23.0,cfo,nanica
2026-07-23,origem,MATIAS CARDOSO,23.4,cfo,nanica
2026-07-23,origem,MONTES CLAROS,16.0,cfo,nanica
2026-07-23,origem,MONTES CLAROS,48.14,cfoc,prata
2026-07-23,origem,NATÉRCIA,4.5,cfo,prata
2026-07-23,origem,NOVA PORTEIRINHA,98.86,cfo,prata
2026-07-23,origem,NOVA UNIÃO,45.0,cfo,nanica
2026-07-23,origem,PARAOPEBA,15.0,cfo,prata
2026-07-23,origem,PEDRALVA,26.0,cfo,nanica
2026-07-23,origem,PEDRALVA,4.0,cfo,prata
2026-07-23,origem,PEDRALVA,18.0,cfoc,nanica
2026-07-23,origem,PEDRALVA,4.0,cfoc,prata
2026-07-23,origem,PEDRAS DE MARIA DA CRUZ,12.0,cfo,prata
2026-07-23,origem,PIAU,1.5,cfo,prata
2026-07-23,origem,PIRANGUÇU,5.0,cfo,nanica
2026-07-23,origem,PIRAPORA,19.6,cfo,nanica
2026-07-23,origem,PIRAPORA,28.6,cfo,prata
2026-07-23,origem,PIRAPORA,3.2,cfoc,prata
2026-07-23,origem,RIBEIRÃO DAS NEVES,25.8,cfoc,nanica
2026-07-23,origem,RIBEIRÃO DAS NEVES,150.0,cfoc,prata
2026-07-23,origem,SANTO HIPÓLITO,12.0,cfo,prata
2026-07-23,origem,SÃO JOSÉ DO ALEGRE,7.0,cfo,nanica
2026-07-23,origem,UBAPORANGA,10.0,cfo,nanica
2026-07-23,origem,UBAPORANGA,5.0,cfo,prata
2026-07-23,origem,UBERLÂNDIA,11.0,cfo,outras
2026-07-23,origem,UBERLÂNDIA,0.32,cfo,prata
2026-07-23,origem,UBERLÂNDIA,80.56,cfoc,nanica
2026-07-23,origem,UBERLÂNDIA,54.08,cfoc,outras
2026-07-23,origem,UBERLÂNDIA,48.24,cfoc,prata
2026-07-23,origem,VERDELÂNDIA,20.85,cfo,nanica
2026-07-23,origem,VERDELÂNDIA,13.0,cfo,prata
2026-07-23,origem,VÁRZEA DA PALMA,15.0,cfo,prata
2026-07-24,destino,ALTEROSA,5.58,cfo,prata
2026-07-24,destino,APARECIDA DE GOIÂNIA,0.75,cfo,outras
2026-07-24,destino,BAURU,11.34,cfo,prata
2026-07-24,destino,BRASÍLIA,1.5,cfo,outras
2026-07-24,destino,BRASÍLIA,28.0,cfo,prata
2026-07-24,destino,BRAZÓPOLIS,12.08,cfo,prata
2026-07-24,destino,CAMPINAS,63.66,cfo,nanica
2026-07-24,destino,CAMPINAS,2.25,cfo,outras
2026-07-24,destino,CAMPINAS,37.6,cfo,prata
2026-07-24,destino,CAMPINAS,8.25,cfoc,nanica
2026-07-24,destino,CAMPINAS,20.82,cfoc,prata
2026-07-24,destino,CAMPINAS,14.85,ptv,nanica
2026-07-24,destino,CAMPO GRANDE,37.06,cfo,nanica
2026-07-24,destino,CAMPO GRANDE,11.38,cfo,prata
2026-07-24,destino,CAMPOS DO JORDÃO,0.5,cfo,nanica
2026-07-24,destino,CAMPOS DO JORDÃO,1.2,cfo,prata
2026-07-24,destino,CARATINGA,27.0,cfo,nanica
2026-07-24,destino,CARATINGA,13.0,cfo,outras
2026-07-24,destino,CARATINGA,9.0,cfo,prata
2026-07-24,destino,CATALÃO,0.08,cfoc,outras
2026-07-24,destino,CHAPADÃO DO SUL,54.0,cfoc,outras
2026-07-24,destino,CHAPADÃO DO SUL,0.19,cfoc,prata
2026-07-24,destino,CONGONHAL,8.0,cfoc,nanica
2026-07-24,destino,CONSELHEIRO LAFAIETE,4.0,cfo,prata
2026-07-24,destino,CONTAGEM,138.74,cfo,nanica
2026-07-24,destino,CONTAGEM,4.5,cfo,outras
2026-07-24,destino,CONTAGEM,143.16,cfo,prata
2026-07-24,destino,CUIABÁ,19.24,cfo,nanica
2026-07-24,destino,CUIABÁ,3.36,cfo,prata
2026-07-24,destino,DIADEMA,13.5,cfo,prata
2026-07-24,destino,DIVINÓPOLIS,4.95,cfo,prata
2026-07-24,destino,FRANCA,14.0,cfo,nanica
2026-07-24,destino,GOIÂNIA,3.0,cfo,outras
2026-07-24,destino,GOIÂNIA,18.9,cfo,prata
2026-07-24,destino,GOVERNADOR VALADARES,3.0,cfo,nanica
2026-07-24,destino,GOVERNADOR VALADARES,4.0,cfo,outras
2026-07-24,destino,GOVERNADOR VALADARES,2.0,cfo,prata
2026-07-24,destino,GUANHÃES,4.0,cfo,nanica
2026-07-24,destino,GUANHÃES,11.0,cfo,prata
2026-07-24,destino,GUARAREMA,6.6,cfoc,nanica
2026-07-24,destino,GUARULHOS,10.5,cfo,nanica
2026-07-24,destino,GUARULHOS,15.6,cfo,prata
2026-07-24,destino,INCONFIDENTES,3.0,cfo,prata
2026-07-24,destino,INOCÊNCIA,95.0,cfoc,nanica
2026-07-24,destino,INOCÊNCIA,18.0,cfoc,outras
2026-07-24,destino,INOCÊNCIA,38.0,cfoc,prata
2026-07-24,destino,IPAMERI,48.0,cfoc,nanica
2026-07-24,destino,IPAMERI,86.06,cfoc,outras
2026-07-24,destino,IPAMERI,32.0,cfoc,prata
2026-07-24,destino,IPATINGA,8.0,cfo,prata
2026-07-24,destino,ITAJUBÁ,10.86,cfo,prata
2026-07-24,destino,ITAJUBÁ,2.5,cfoc,nanica
2026-07-24,destino,ITAJUBÁ,1.8,cfoc,prata
2026-07-24,destino,ITAOBIM,2.0,cfo,prata
2026-07-24,destino,ITAPERUNA,0.5,cfo,nanica
2026-07-24,destino,ITAPERUNA,0.5,cfo,prata
2026-07-24,destino,ITARIRI,22.5,cfo,nanica
2026-07-24,destino,ITARIRI,27.6,cfo,prata
2026-07-24,destino,ITUMBIARA,171.02,cfoc,nanica
2026-07-24,destino,ITUMBIARA,336.04,cfoc,outras
2026-07-24,destino,ITUMBIARA,80.9,cfoc,prata
2026-07-24,destino,JANAÚBA,31.35,cfo,nanica
2026-07-24,destino,JANAÚBA,18.0,cfo,prata
2026-07-24,destino,JARDINÓPOLIS,12.0,cfo,prata
2026-07-24,destino,JOÃO MONLEVADE,7.5,cfo,nanica
2026-07-24,destino,JOÃO MONLEVADE,7.5,cfo,prata
2026-07-24,destino,JUIZ DE FORA,3.0,cfo,nanica
2026-07-24,destino,JUIZ DE FORA,5.0,cfo,prata
2026-07-24,destino,JUNDIAÍ,16.8,cfo,nanica
2026-07-24,destino,JUNDIAÍ,38.8,cfo,prata
2026-07-24,destino,MARINGÁ,3.24,cfo,nanica
2026-07-24,destino,MIRACATU,12.6,cfo,prata
2026-07-24,destino,MONTES CLAROS,1.68,cfo,nanica
2026-07-24,destino,MONTES CLAROS,45.12,cfo,prata
2026-07-24,destino,MONTES CLAROS,12.3,cfoc,prata
2026-07-24,destino,NITERÓI,12.0,cfo,nanica
2026-07-24,destino,NITERÓI,42.0,cfo,prata
2026-07-24,destino,NOVA UNIÃO,15.0,cfo,prata
2026-07-24,destino,NOVO ITACOLOMI,10.5,cfo,nanica
2026-07-24,destino,OSASCO,17.4,cfo,prata
2026-07-24,destino,PARANAÍBA,38.0,cfoc,nanica
2026-07-24,destino,PARAOPEBA,25.0,cfo,nanica
2026-07-24,destino,PARAÍSO DAS ÁGUAS,19.0,cfoc,outras
2026-07-24,destino,PASSA QUATRO,6.0,cfoc,prata
2026-07-24,destino,PATOS DE MINAS,0.95,cfo,nanica
2026-07-24,destino,PATOS DE MINAS,13.75,cfo,prata
2026-07-24,destino,PEDRALVA,15.0,cfo,nanica
2026-07-24,destino,PEDRALVA,6.0,cfo,prata
2026-07-24,destino,PIEDADE DE CARATINGA,12.0,cfo,prata
2026-07-24,destino,PINDAMONHANGABA,3.0,cfo,prata
2026-07-24,destino,PIRANGUÇU,11.2,cfo,prata
2026-07-24,destino,PONTA PORÃ,23.52,cfo,nanica
2026-07-24,destino,POUSO ALEGRE,2.85,cfoc,nanica
2026-07-24,destino,POUSO ALEGRE,0.39,cfoc,outras
2026-07-24,destino,POUSO ALEGRE,9.24,cfoc,prata
2026-07-24,destino,QUIRINÓPOLIS,38.0,cfoc,nanica
2026-07-24,destino,QUIRINÓPOLIS,261.0,cfoc,outras
2026-07-24,destino,QUIRINÓPOLIS,35.45,cfoc,prata
2026-07-24,destino,REGISTRO,7.5,cfo,nanica
2026-07-24,destino,RIBEIRÃO DAS NEVES,6.75,cfo,nanica
2026-07-24,destino,RIBEIRÃO DAS NEVES,56.1,cfo,prata
2026-07-24,destino,RIBEIRÃO PRETO,36.77,cfo,nanica
2026-07-24,destino,RIBEIRÃO PRETO,31.59,cfo,prata
2026-07-24,destino,RIBEIRÃO PRETO,4.29,cfoc,nanica
2026-07-24,destino,RIBEIRÃO PRETO,16.5,ptv,nanica
2026-07-24,destino,RIO DE JANEIRO,46.5,cfo,nanica
2026-07-24,destino,RIO DE JANEIRO,0.81,cfo,outras
2026-07-24,destino,RIO DE JANEIRO,397.76,cfo,prata
2026-07-24,destino,RIO DE JANEIRO,12.3,cfoc,prata
2026-07-24,destino,RIO VERDE,19.0,cfoc,nanica
2026-07-24,destino,RIO VERDE,106.0,cfoc,outras
2026-07-24,destino,RIO VERDE,16.0,cfoc,prata
2026-07-24,destino,SAPUCAIA DO SUL,8.0,cfo,prata
2026-07-24,destino,SOROCABA,9.92,cfo,nanica
2026-07-24,destino,SOROCABA,14.96,cfo,prata
2026-07-24,destino,SÃO BERNARDO DO CAMPO,57.15,cfo,prata
2026-07-24,destino,SÃO CAETANO DO SUL,8.1,cfo,nanica
2026-07-24,destino,SÃO CAETANO DO SUL,4.05,cfo,prata
2026-07-24,destino,SÃO GONÇALO,6.0,cfo,nanica
2026-07-24,destino,SÃO GONÇALO,20.0,cfo,prata
2026-07-24,destino,SÃO JOSÉ DO ALEGRE,12.0,cfoc,nanica
2026-07-24,destino,SÃO JOSÉ DO ALEGRE,2.0,cfoc,prata
2026-07-24,destino,SÃO JOSÉ DO RIO PRETO,57.6,cfo,nanica
2026-07-24,destino,SÃO JOSÉ DO RIO PRETO,13.0,cfoc,nanica
2026-07-24,destino,SÃO PAULO,85.64,cfo,nanica
2026-07-24,destino,SÃO PAULO,1.26,cfo,outras
2026-07-24,destino,SÃO PAULO,106.51,cfo,prata
2026-07-24,destino,SÃO PAULO,10.0,ptv,prata
2026-07-24,destino,UBERLÂNDIA,5.3,cfo,nanica
2026-07-24,destino,UBERLÂNDIA,15.0,cfo,outras
2026-07-24,destino,UBERLÂNDIA,20.55,cfo,prata
2026-07-24,destino,UNAÍ,0.9,cfoc,nanica
2026-07-24,destino,UNAÍ,1.05,cfoc,prata
2026-07-24,destino,VÁRZEA PAULISTA,41.45,cfo,nanica
2026-07-24,destino,VÁRZEA PAULISTA,29.1,cfo,prata
2026-07-24,origem,ARAÇUAÍ,52.6,cfo,prata
2026-07-24,origem,BOCAIÚVA,16.0,cfo,prata
2026-07-24,origem,BRAZÓPOLIS,0.5,cfo,nanica
2026-07-24,origem,BRAZÓPOLIS,19.2,cfo,prata
2026-07-24,origem,BRUMADINHO,15.0,cfo,prata
2026-07-24,origem,CANTAGALO,4.0,cfo,nanica
2026-07-24,origem,CANTAGALO,11.0,cfo,prata
2026-07-24,origem,CANÁPOLIS,20.25,cfo,outras
2026-07-24,origem,CAPITÃO ENÉAS,10.8,cfo,nanica
2026-07-24,origem,CAPITÃO ENÉAS,22.3,cfo,prata
2026-07-24,origem,CARANGOLA,8.0,cfo,nanica
2026-07-24,origem,CARANGOLA,8.0,cfo,prata
2026-07-24,origem,CARANGOLA,13.0,cfoc,nanica
2026-07-24,origem,CORINTO,6.75,cfo,nanica
2026-07-24,origem,CORINTO,22.22,cfo,prata
2026-07-24,origem,CRISTINA,6.0,cfo,prata
2026-07-24,origem,CÁSSIA,8.0,cfo,prata
2026-07-24,origem,DELFINÓPOLIS,3.24,cfo,nanica
2026-07-24,origem,DELFINÓPOLIS,267.66,cfo,prata
2026-07-24,origem,ESPINOSA,35.0,cfo,prata
2026-07-24,origem,INCONFIDENTES,3.0,cfo,prata
2026-07-24,origem,INHAPIM,30.0,cfo,nanica
2026-07-24,origem,INHAPIM,17.0,cfo,outras
2026-07-24,origem,INHAPIM,11.0,cfo,prata
2026-07-24,origem,ITACARAMBI,14.0,cfo,nanica
2026-07-24,origem,ITAJUBÁ,2.5,cfoc,nanica
2026-07-24,origem,ITAJUBÁ,1.8,cfoc,prata
2026-07-24,origem,ITAOBIM,12.0,cfo,prata
2026-07-24,origem,JANAÚBA,21.75,cfo,nanica
2026-07-24,origem,JANAÚBA,124.39,cfo,prata
2026-07-24,origem,JANAÚBA,10.0,ptv,prata
2026-07-24,origem,JAÍBA,596.38,cfo,nanica
2026-07-24,origem,JAÍBA,8.82,cfo,outras
2026-07-24,origem,JAÍBA,180.61,cfo,prata
2026-07-24,origem,JAÍBA,12.54,cfoc,nanica
2026-07-24,origem,JAÍBA,31.35,ptv,nanica
2026-07-24,origem,JEQUITINHONHA,10.8,cfo,prata
2026-07-24,origem,LASSANCE,49.9,cfo,prata
2026-07-24,origem,MATIAS CARDOSO,13.5,cfo,nanica
2026-07-24,origem,MATIAS CARDOSO,48.75,cfo,prata
2026-07-24,origem,MONTES CLAROS,10.5,cfo,nanica
2026-07-24,origem,MONTES CLAROS,57.82,cfo,prata
2026-07-24,origem,MONTES CLAROS,45.42,cfoc,prata
2026-07-24,origem,NOVA PORTEIRINHA,165.62,cfo,prata
2026-07-24,origem,NOVA UNIÃO,15.0,cfo,nanica
2026-07-24,origem,PARAOPEBA,25.0,cfo,nanica
2026-07-24,origem,PAULISTAS,3.3,cfo,nanica
2026-07-24,origem,PAULISTAS,11.55,cfo,prata
2026-07-24,origem,PEDRALVA,15.0,cfo,nanica
2026-07-24,origem,PEDRALVA,26.6,cfoc,nanica
2026-07-24,origem,PEDRALVA,8.0,cfoc,prata
2026-07-24,origem,PEDRAS DE MARIA DA CRUZ,18.0,cfo,prata
2026-07-24,origem,PIRAPORA,9.05,cfo,nanica
2026-07-24,origem,PIRAPORA,47.08,cfo,prata
2026-07-24,origem,PONTO DOS VOLANTES,8.0,cfo,prata
2026-07-24,origem,POUSO ALEGRE,2.85,cfoc,nanica
2026-07-24,origem,POUSO ALEGRE,0.39,cfoc,outras
2026-07-24,origem,POUSO ALEGRE,9.24,cfoc,prata
2026-07-24,origem,SENHORA DOS REMÉDIOS,4.0,cfo,prata
2026-07-24,origem,SÃO FRANCISCO,36.0,cfo,prata
2026-07-24,origem,SÃO FRANCISCO,0.9,cfoc,nanica
2026-07-24,origem,SÃO FRANCISCO,1.05,cfoc,prata
2026-07-24,origem,SÃO JOSÉ DO JACURI,13.0,cfo,nanica
2026-07-24,origem,SÃO JOSÉ DO JACURI,2.0,cfo,prata
2026-07-24,origem,SÃO JOÃO DO PARAÍSO,14.85,cfo,prata
2026-07-24,origem,TOCANTINS,3.0,cfo,nanica
2026-07-24,origem,TOCANTINS,5.0,cfo,prata
2026-07-24,origem,UBERLÂNDIA,409.02,cfoc,nanica
2026-07-24,origem,UBERLÂNDIA,880.18,cfoc,outras
2026-07-24,origem,UBERLÂNDIA,202.54,cfoc,prata
2026-07-24,origem,UNAÍ,6.0,cfo,prata
2026-07-24,origem,VERDELÂNDIA,82.4,cfo,prata
2026-07-24,origem,VÁRZEA DA PALMA,8.0,cfo,prata
2026-07-25,destino,CASSILÂNDIA,54.0,cfoc,prata
2026-07-25,destino,CHAPADÃO DO SUL,0.04,cfoc,nanica
2026-07-25,destino,CHAPADÃO DO SUL,0.02,cfoc,outras
2026-07-25,destino,CHAPADÃO DO SUL,72.0,cfoc,prata
2026-07-25,destino,CONTAGEM,37.6,cfo,nanica
2026-07-25,destino,CONTAGEM,8.0,cfo,prata
2026-07-25,destino,INOCÊNCIA,0.72,cfoc,nanica
2026-07-25,destino,INOCÊNCIA,18.04,cfoc,outras
2026-07-25,destino,INOCÊNCIA,144.0,cfoc,prata
2026-07-25,destino,ITAÚNA,2.0,cfo,prata
2026-07-25,destino,JUNDIAÍ,12.6,cfo,prata
2026-07-25,destino,MIRACATU,12.6,cfo,nanica
2026-07-25,destino,PARANAÍBA,0.02,cfoc,outras
2026-07-25,destino,PARANAÍBA,18.0,cfoc,prata
2026-07-25,destino,PARAÍSO DAS ÁGUAS,0.08,cfoc,nanica
2026-07-25,destino,RIBEIRÃO DAS NEVES,8.0,cfo,nanica
2026-07-25,destino,RIBEIRÃO PRETO,10.0,cfoc,prata
2026-07-25,destino,RIO DE JANEIRO,18.0,cfo,nanica
2026-07-25,destino,RIO DE JANEIRO,55.0,cfo,prata
2026-07-25,destino,SÃO PAULO,16.5,cfo,prata
2026-07-25,destino,TRÊS RIOS,0.84,cfo,prata
2026-07-25,origem,ARAÇUAÍ,14.0,cfo,prata
2026-07-25,origem,ITACARAMBI,18.0,cfo,nanica
2026-07-25,origem,JANAÚBA,5.0,cfo,prata
2026-07-25,origem,JAÍBA,50.2,cfo,nanica
2026-07-25,origem,JAÍBA,26.44,cfo,prata
2026-07-25,origem,LASSANCE,8.0,cfo,nanica
2026-07-25,origem,LASSANCE,37.5,cfo,prata
2026-07-25,origem,NOVA PORTEIRINHA,10.0,cfo,prata
2026-07-25,origem,PIRAPORA,2.0,cfo,prata
2026-07-25,origem,PIRAPORA,10.0,cfoc,prata
2026-07-25,origem,UBERLÂNDIA,0.84,cfoc,nanica
2026-07-25,origem,UBERLÂNDIA,18.08,cfoc,outras
2026-07-25,origem,UBERLÂNDIA,288.0,cfoc,prata
2026-07-27,destino,APARECIDA DE GOIÂNIA,2.88,cfo,outras
2026-07-27,destino,APARECIDA DE GOIÂNIA,8.64,cfo,prata
2026-07-27,destino,ARAÇATUBA,24.0,cfo,nanica
2026-07-27,destino,ARAÇATUBA,7.5,cfo,prata
2026-07-27,destino,BARBACENA,1.8,cfo,nanica
2026-07-27,destino,BARBACENA,0.5,cfo,outras
2026-07-27,destino,BARBACENA,2.4,cfo,prata
2026-07-27,destino,BARUERI,14.0,cfo,nanica
2026-07-27,destino,BAURU,10.26,cfo,prata
2026-07-27,destino,BRASÍLIA,0.9,cfo,nanica
2026-07-27,destino,BRASÍLIA,29.65,cfo,prata
2026-07-27,destino,CAMPINAS,52.38,cfo,nanica
2026-07-27,destino,CAMPINAS,3.66,cfo,outras
2026-07-27,destino,CAMPINAS,20.46,cfo,prata
2026-07-27,destino,CAMPINAS,23.1,ptv,nanica
2026-07-27,destino,CAMPINAS,13.4,ptv,prata
2026-07-27,destino,CAMPO GRANDE,44.49,cfo,nanica
2026-07-27,destino,CAMPO GRANDE,2.6,cfo,prata
2026-07-27,destino,CAPELINHA,8.6,cfo,prata
2026-07-27,destino,CASSILÂNDIA,1.6,cfoc,nanica
2026-07-27,destino,CASSILÂNDIA,0.04,cfoc,outras
2026-07-27,destino,CASSILÂNDIA,0.48,cfoc,prata
2026-07-27,destino,CATALÃO,0.32,cfo,prata
2026-07-27,destino,CATALÃO,0.18,cfoc,nanica
2026-07-27,destino,CATALÃO,0.28,cfoc,outras
2026-07-27,destino,CONCEIÇÃO DAS PEDRAS,27.0,cfo,nanica
2026-07-27,destino,CONTAGEM,61.0,cfo,nanica
2026-07-27,destino,CONTAGEM,8.79,cfo,outras
2026-07-27,destino,CONTAGEM,104.0,cfo,prata
2026-07-27,destino,CONTAGEM,97.25,cfoc,nanica
2026-07-27,destino,CONTAGEM,52.0,cfoc,prata
2026-07-27,destino,COSMÓPOLIS,10.5,cfo,prata
2026-07-27,destino,CUIABÁ,19.24,cfo,nanica
2026-07-27,destino,CUIABÁ,3.36,cfo,prata
2026-07-27,destino,CUMARI,36.0,cfoc,outras
2026-07-27,destino,CURVELO,15.0,cfo,nanica
2026-07-27,destino,DOM VIÇOSO,10.0,cfo,prata
2026-07-27,destino,DOURADOS,23.52,ptv,nanica
2026-07-27,destino,FRANCA,28.8,cfo,nanica
2026-07-27,destino,GOIÂNIA,1.5,cfo,outras
2026-07-27,destino,GOIÂNIA,15.0,cfo,prata
2026-07-27,destino,GOVERNADOR VALADARES,4.0,cfo,nanica
2026-07-27,destino,GOVERNADOR VALADARES,4.0,cfo,outras
2026-07-27,destino,GOVERNADOR VALADARES,4.0,cfo,prata
2026-07-27,destino,GUARULHOS,27.36,cfo,prata
2026-07-27,destino,ITAJUBÁ,10.0,cfoc,nanica
2026-07-27,destino,ITARIRI,22.5,cfo,nanica
2026-07-27,destino,ITARIRI,20.0,cfo,prata
2026-07-27,destino,JACAREÍ,0.14,cfo,outras
2026-07-27,destino,JACAREÍ,11.2,cfo,prata
2026-07-27,destino,JANAÚBA,67.41,cfo,nanica
2026-07-27,destino,JANAÚBA,39.0,cfo,prata
2026-07-27,destino,JAÍBA,14.0,cfo,nanica
2026-07-27,destino,JESUÂNIA,5.25,cfo,prata
2026-07-27,destino,JORDÂNIA,0.6,cfo,prata
2026-07-27,destino,JUIZ DE FORA,2.0,cfo,nanica
2026-07-27,destino,JUNDIAÍ,19.0,cfo,nanica
2026-07-27,destino,JUNDIAÍ,8.08,cfo,prata
2026-07-27,destino,LORENA,9.12,cfo,prata
2026-07-27,destino,MARINGÁ,22.7,cfo,nanica
2026-07-27,destino,MIRACATU,41.1,cfo,prata
2026-07-27,destino,MONTES CLAROS,3.75,cfo,outras
2026-07-27,destino,MONTES CLAROS,56.28,cfo,prata
2026-07-27,destino,NITERÓI,10.0,cfo,prata
2026-07-27,destino,NOVO HAMBURGO,12.54,cfo,prata
2026-07-27,destino,OSASCO,44.64,cfo,nanica
2026-07-27,destino,OSASCO,3.84,cfo,prata
2026-07-27,destino,PARAIBUNA,9.0,cfoc,nanica
2026-07-27,destino,PEDRA AZUL,2.4,cfo,prata
2026-07-27,destino,PEDRALVA,40.0,cfo,nanica
2026-07-27,destino,POÇOS DE CALDAS,4.8,cfo,prata
2026-07-27,destino,QUIRINÓPOLIS,0.8,cfoc,nanica
2026-07-27,destino,QUIRINÓPOLIS,0.96,cfoc,prata
2026-07-27,destino,RESENDE,0.6,cfoc,nanica
2026-07-27,destino,RIBEIRÃO DAS NEVES,15.0,cfo,prata
2026-07-27,destino,RIBEIRÃO DAS NEVES,3.0,cfoc,prata
2026-07-27,destino,RIBEIRÃO PRETO,58.28,cfo,nanica
2026-07-27,destino,RIBEIRÃO PRETO,18.45,cfo,prata
2026-07-27,destino,RIBEIRÃO PRETO,20.79,ptv,nanica
2026-07-27,destino,RIO DE JANEIRO,91.27,cfo,nanica
2026-07-27,destino,RIO DE JANEIRO,1.26,cfo,outras
2026-07-27,destino,RIO DE JANEIRO,301.43,cfo,prata
2026-07-27,destino,RIO DE JANEIRO,12.1,cfoc,prata
2026-07-27,destino,RIO DE JANEIRO,10.6,ptv,prata
2026-07-27,destino,SANTA RITA DO SAPUCAÍ,7.0,cfo,prata
2026-07-27,destino,SANTO ANTÔNIO DO JARDIM,10.8,cfo,nanica
2026-07-27,destino,SEROPÉDICA,10.0,cfo,prata
2026-07-27,destino,SUMARÉ,25.5,cfoc,prata
2026-07-27,destino,SUZANO,11.52,cfo,prata
2026-07-27,destino,SÃO BERNARDO DO CAMPO,19.37,cfo,prata
2026-07-27,destino,SÃO JOSÉ DO RIO PARDO,6.0,cfoc,nanica
2026-07-27,destino,SÃO JOSÉ DO RIO PRETO,19.2,cfo,nanica
2026-07-27,destino,SÃO JOSÉ DO RIO PRETO,9.84,cfo,prata
2026-07-27,destino,SÃO PAULO,17.0,cfo,nanica
2026-07-27,destino,SÃO PAULO,0.6,cfo,outras
2026-07-27,destino,SÃO PAULO,66.22,cfo,prata
2026-07-27,destino,SÃO PAULO,15.0,ptv,prata
2026-07-27,destino,TABOÃO DA SERRA,15.0,cfo,prata
2026-07-27,destino,TAUBATÉ,15.35,cfoc,prata
2026-07-27,destino,TOCANTINS,3.5,cfo,nanica
2026-07-27,destino,TOCANTINS,3.5,cfo,prata
2026-07-27,destino,TRÊS RIOS,0.9,cfo,nanica
2026-07-27,destino,TRÊS RIOS,9.05,cfo,prata
2026-07-27,destino,TRÊS RIOS,0.06,cfoc,outras
2026-07-27,destino,UBERLÂNDIA,53.8,cfo,prata
2026-07-27,destino,UBERLÂNDIA,3.0,cfoc,nanica
2026-07-27,destino,UBERLÂNDIA,2.5,cfoc,outras
2026-07-27,destino,UBERLÂNDIA,2.1,cfoc,prata
2026-07-27,destino,VOLTA REDONDA,12.6,cfo,nanica
2026-07-27,destino,VOLTA REDONDA,2.8,cfoc,nanica
2026-07-27,destino,VOLTA REDONDA,0.6,cfoc,outras
2026-07-27,destino,VOLTA REDONDA,1.0,cfoc,prata
2026-07-27,destino,VÁRZEA PAULISTA,36.0,cfo,nanica
2026-07-27,destino,VÁRZEA PAULISTA,18.0,cfo,prata
2026-07-27,origem,ANDRADAS,6.6,cfoc,prata
2026-07-27,origem,ARAÇUAÍ,45.0,cfo,prata
2026-07-27,origem,BRAZÓPOLIS,7.0,cfo,prata
2026-07-27,origem,CAMPINA VERDE,2.79,cfo,outras
2026-07-27,origem,CANÁPOLIS,1.5,cfo,outras
2026-07-27,origem,CAPITÃO ENÉAS,30.9,cfo,prata
2026-07-27,origem,CLARO DOS POÇÕES,19.0,cfo,prata
2026-07-27,origem,CONCEIÇÃO DAS PEDRAS,9.0,cfoc,nanica
2026-07-27,origem,CONTAGEM,30.0,cfoc,nanica
2026-07-27,origem,CRISTINA,3.4,cfoc,nanica
2026-07-27,origem,CRISTINA,0.6,cfoc,outras
2026-07-27,origem,CRISTINA,1.0,cfoc,prata
2026-07-27,origem,CURVELO,30.0,cfo,nanica
2026-07-27,origem,CÁSSIA,19.11,cfo,prata
2026-07-27,origem,DELFINÓPOLIS,0.14,cfo,outras
2026-07-27,origem,DELFINÓPOLIS,184.42,cfo,prata
2026-07-27,origem,DOM CAVATI,3.0,cfo,nanica
2026-07-27,origem,DOM CAVATI,6.0,cfo,outras
2026-07-27,origem,DOM CAVATI,3.0,cfo,prata
2026-07-27,origem,DOM VIÇOSO,10.0,cfo,prata
2026-07-27,origem,ESPINOSA,12.0,cfo,prata
2026-07-27,origem,ITACARAMBI,50.0,cfo,nanica
2026-07-27,origem,ITINGA,18.0,cfo,prata
2026-07-27,origem,JANAÚBA,7.56,cfo,nanica
2026-07-27,origem,JANAÚBA,60.73,cfo,prata
2026-07-27,origem,JANAÚBA,25.6,ptv,prata
2026-07-27,origem,JAÍBA,557.85,cfo,nanica
2026-07-27,origem,JAÍBA,11.55,cfo,outras
2026-07-27,origem,JAÍBA,128.03,cfo,prata
2026-07-27,origem,JAÍBA,67.41,ptv,nanica
2026-07-27,origem,JAÍBA,13.4,ptv,prata
2026-07-27,origem,JEQUITINHONHA,46.8,cfo,prata
2026-07-27,origem,JUIZ DE FORA,0.06,cfoc,outras
2026-07-27,origem,LASSANCE,50.0,cfo,prata
2026-07-27,origem,MARILAC,3.5,cfo,nanica
2026-07-27,origem,MARILAC,3.5,cfo,prata
2026-07-27,origem,MATIAS CARDOSO,23.0,cfo,nanica
2026-07-27,origem,MATIAS CARDOSO,46.0,cfo,prata
2026-07-27,origem,MONTES CLAROS,78.45,cfo,prata
2026-07-27,origem,MONTES CLAROS,46.35,cfoc,prata
2026-07-27,origem,NOVA PORTEIRINHA,145.96,cfo,prata
2026-07-27,origem,NOVA UNIÃO,15.0,cfo,nanica
2026-07-27,origem,NOVA UNIÃO,60.5,cfoc,nanica
2026-07-27,origem,NOVA UNIÃO,29.5,cfoc,prata
2026-07-27,origem,PEDRALVA,67.0,cfo,nanica
2026-07-27,origem,PEDRALVA,16.0,cfoc,nanica
2026-07-27,origem,PEDRAS DE MARIA DA CRUZ,18.0,cfo,prata
2026-07-27,origem,PIRAPORA,10.8,cfo,nanica
2026-07-27,origem,PIRAPORA,9.0,cfo,prata
2026-07-27,origem,PIRAPORA,3.0,cfoc,prata
2026-07-27,origem,RIBEIRÃO DAS NEVES,6.75,cfoc,nanica
2026-07-27,origem,RIBEIRÃO DAS NEVES,22.5,cfoc,prata
2026-07-27,origem,RIO POMBA,0.5,cfo,outras
2026-07-27,origem,RIO POMBA,1.0,cfo,prata
2026-07-27,origem,SANTA BÁRBARA DO TUGÚRIO,1.8,cfo,nanica
2026-07-27,origem,SANTA BÁRBARA DO TUGÚRIO,1.4,cfo,prata
2026-07-27,origem,SÃO DOMINGOS DAS DORES,4.0,cfo,nanica
2026-07-27,origem,SÃO DOMINGOS DAS DORES,4.0,cfo,outras
2026-07-27,origem,SÃO DOMINGOS DAS DORES,4.0,cfo,prata
2026-07-27,origem,UBERLÂNDIA,54.12,cfo,prata
2026-07-27,origem,UBERLÂNDIA,5.58,cfoc,nanica
2026-07-27,origem,UBERLÂNDIA,38.82,cfoc,outras
2026-07-27,origem,UBERLÂNDIA,3.54,cfoc,prata
2026-07-27,origem,VERDELÂNDIA,0.6,cfo,outras
2026-07-27,origem,VERDELÂNDIA,48.22,cfo,prata
2026-07-27,origem,VÁRZEA DA PALMA,0.9,cfo,nanica
2026-07-27,origem,VÁRZEA DA PALMA,3.4,cfo,prata
2026-07-28,destino,ANDRADAS,15.0,cfo,prata
2026-07-28,destino,AREALVA,16.29,cfo,nanica
2026-07-28,destino,AREALVA,0.75,cfo,prata
2026-07-28,destino,BRASÍLIA,0.3,cfo,nanica
2026-07-28,destino,BRASÍLIA,0.3,cfo,outras
2026-07-28,destino,BRASÍLIA,12.96,cfo,prata
2026-07-28,destino,BRASÍLIA,2.7,cfoc,nanica
2026-07-28,destino,BRASÍLIA,8.1,cfoc,prata
2026-07-28,destino,BRAZÓPOLIS,18.0,cfo,prata
2026-07-28,destino,CAMPINAS,40.86,cfo,nanica
2026-07-28,destino,CAMPINAS,14.25,cfo,prata
2026-07-28,destino,CAMPINAS,12.0,cfoc,prata
2026-07-28,destino,CAMPINAS,23.0,ptv,nanica
2026-07-28,destino,CAMPO GRANDE,79.0,cfo,nanica
2026-07-28,destino,CAMPO GRANDE,4.4,cfo,prata
2026-07-28,destino,CARATINGA,2.0,cfo,outras
2026-07-28,destino,CARATINGA,2.0,cfo,prata
2026-07-28,destino,CASSILÂNDIA,0.36,cfoc,outras
2026-07-28,destino,COIMBRA,4.0,cfo,prata
2026-07-28,destino,CONGONHAL,15.0,cfoc,nanica
2026-07-28,destino,CONTAGEM,59.0,cfo,nanica
2026-07-28,destino,CONTAGEM,107.9,cfo,prata
2026-07-28,destino,CONTAGEM,40.49,cfoc,nanica
2026-07-28,destino,CONTAGEM,3.55,cfoc,outras
2026-07-28,destino,CONTAGEM,77.52,cfoc,prata
2026-07-28,destino,CURITIBA,14.52,cfo,prata
2026-07-28,destino,CURVELO,3.81,cfo,nanica
2026-07-28,destino,CURVELO,3.8,cfo,prata
2026-07-28,destino,DIVINÓPOLIS,7.56,cfo,prata
2026-07-28,destino,DUQUE DE CAXIAS,10.0,cfo,prata
2026-07-28,destino,FRAIBURGO,15.0,cfoc,nanica
2026-07-28,destino,FRANCA,14.0,cfo,nanica
2026-07-28,destino,FRANCA,13.44,cfo,prata
2026-07-28,destino,GUARULHOS,27.66,cfo,nanica
2026-07-28,destino,ICONHA,14.4,cfo,prata
2026-07-28,destino,ITAPERUNA,1.0,cfo,nanica
2026-07-28,destino,ITARIRI,34.13,cfo,prata
2026-07-28,destino,JANAÚBA,23.0,cfo,nanica
2026-07-28,destino,JUIZ DE FORA,5.0,cfoc,prata
2026-07-28,destino,JUNDIAÍ,18.0,cfo,nanica
2026-07-28,destino,JUNDIAÍ,12.7,cfo,prata
2026-07-28,destino,MARIA DA FÉ,8.7,cfo,prata
2026-07-28,destino,MARINGÁ,21.6,cfo,prata
2026-07-28,destino,MINEIROS DO TIETÊ,22.0,cfo,nanica
2026-07-28,destino,MIRACATU,30.8,cfo,nanica
2026-07-28,destino,MIRACATU,11.2,cfo,prata
2026-07-28,destino,MONTES CLAROS,14.79,cfo,nanica
2026-07-28,destino,MONTES CLAROS,1.5,cfo,outras
2026-07-28,destino,MONTES CLAROS,16.85,cfo,prata
2026-07-28,destino,MORRINHOS DO SUL,10.0,cfo,prata
2026-07-28,destino,NITERÓI,20.0,cfo,prata
2026-07-28,destino,NOVA PORTEIRINHA,16.0,cfo,prata
2026-07-28,destino,NOVA UNIÃO,7.0,cfo,prata
2026-07-28,destino,OSASCO,19.14,cfo,nanica
2026-07-28,destino,OSASCO,45.4,cfo,prata
2026-07-28,destino,PARAIBUNA,10.6,cfoc,nanica
2026-07-28,destino,PEDRALVA,15.0,cfo,nanica
2026-07-28,destino,PEDRALVA,10.0,cfo,prata
2026-07-28,destino,PIAU,25.0,cfo,nanica
2026-07-28,destino,PIAU,22.0,cfoc,nanica
2026-07-28,destino,PIRAPORA,15.0,cfo,prata
2026-07-28,destino,POUSO ALEGRE,1.7,cfoc,prata
2026-07-28,destino,POÇO FUNDO,3.0,cfo,prata
2026-07-28,destino,PRATA,25.0,cfo,nanica
2026-07-28,destino,RIBEIRÃO DAS NEVES,22.8,cfo,nanica
2026-07-28,destino,RIBEIRÃO DAS NEVES,22.8,cfo,prata
2026-07-28,destino,RIBEIRÃO PRETO,69.36,cfo,nanica
2026-07-28,destino,RIBEIRÃO PRETO,9.0,cfo,outras
2026-07-28,destino,RIBEIRÃO PRETO,30.79,cfo,prata
2026-07-28,destino,RIO DE JANEIRO,56.4,cfo,nanica
2026-07-28,destino,RIO DE JANEIRO,6.0,cfo,outras
2026-07-28,destino,RIO DE JANEIRO,300.01,cfo,prata
2026-07-28,destino,SANTA RITA DO PASSA QUATRO,6.6,cfo,prata
2026-07-28,destino,SANTO ANDRÉ,13.8,cfo,prata
2026-07-28,destino,SAPUCAIA DO SUL,8.0,cfo,prata
2026-07-28,destino,SÃO BERNARDO DO CAMPO,47.87,cfo,prata
2026-07-28,destino,SÃO GONÇALO,7.0,cfo,prata
2026-07-28,destino,SÃO JOSÉ DO RIO PRETO,24.0,cfo,nanica
2026-07-28,destino,SÃO JOSÉ DOS CAMPOS,4.0,cfo,nanica
2026-07-28,destino,SÃO JOSÉ DOS CAMPOS,7.0,cfoc,prata
2026-07-28,destino,SÃO PAULO,42.8,cfo,nanica
2026-07-28,destino,SÃO PAULO,1.26,cfo,outras
2026-07-28,destino,SÃO PAULO,115.31,cfo,prata
2026-07-28,destino,TABOÃO DA SERRA,22.3,cfo,prata
2026-07-28,destino,TAUBATÉ,3.0,cfoc,nanica
2026-07-28,destino,TAUBATÉ,2.5,cfoc,prata
2026-07-28,destino,TIETÊ,3.75,cfo,prata
2026-07-28,destino,TRÊS CORAÇÕES,29.42,cfoc,nanica
2026-07-28,destino,TRÊS RIOS,1.05,cfo,nanica
2026-07-28,destino,TRÊS RIOS,1.41,cfo,prata
2026-07-28,destino,UNAÍ,0.9,cfoc,nanica
2026-07-28,destino,UNAÍ,1.05,cfoc,prata
2026-07-28,destino,VITÓRIA DA CONQUISTA,15.0,cfo,prata
2026-07-28,destino,VOLTA REDONDA,2.0,cfo,nanica
2026-07-28,destino,VOLTA REDONDA,5.6,cfo,prata
2026-07-28,destino,VÁRZEA PAULISTA,18.15,cfo,nanica
2026-07-28,origem,ARAÇUAÍ,7.5,cfo,nanica
2026-07-28,origem,ARAÇUAÍ,91.11,cfo,prata
2026-07-28,origem,BELO HORIZONTE,7.0,cfoc,nanica
2026-07-28,origem,BELO HORIZONTE,3.55,cfoc,outras
2026-07-28,origem,BELO HORIZONTE,30.0,cfoc,prata
2026-07-28,origem,BRAZÓPOLIS,4.0,cfo,nanica
2026-07-28,origem,BRAZÓPOLIS,6.0,cfo,prata
2026-07-28,origem,BRAZÓPOLIS,7.0,cfoc,prata
2026-07-28,origem,BURITIZEIRO,8.75,cfo,prata
2026-07-28,origem,CANÁPOLIS,9.0,cfo,outras
2026-07-28,origem,CAPITÃO ENÉAS,18.1,cfo,prata
2026-07-28,origem,CARANGOLA,1.0,cfo,nanica
2026-07-28,origem,CLARO DOS POÇÕES,19.0,cfo,prata
2026-07-28,origem,COIMBRA,4.0,cfo,prata
2026-07-28,origem,CONGONHAL,10.6,cfoc,nanica
2026-07-28,origem,CONTAGEM,62.91,cfoc,nanica
2026-07-28,origem,CONTAGEM,47.52,cfoc,prata
2026-07-28,origem,CORINTO,10.5,cfo,prata
2026-07-28,origem,CURVELO,15.0,cfo,nanica
2026-07-28,origem,CÁSSIA,51.12,cfo,prata
2026-07-28,origem,DELFINÓPOLIS,2.0,cfo,nanica
2026-07-28,origem,DELFINÓPOLIS,228.1,cfo,prata
2026-07-28,origem,ESPINOSA,12.0,cfo,prata
2026-07-28,origem,FRANCISCO SÁ,2.7,cfo,nanica
2026-07-28,origem,ITACARAMBI,55.0,cfo,nanica
2026-07-28,origem,ITAOBIM,18.4,cfo,prata
2026-07-28,origem,ITINGA,12.0,cfo,prata
2026-07-28,origem,JANAÚBA,95.41,cfo,prata
2026-07-28,origem,JAÍBA,451.54,cfo,nanica
2026-07-28,origem,JAÍBA,3.06,cfo,outras
2026-07-28,origem,JAÍBA,130.7,cfo,prata
2026-07-28,origem,JAÍBA,23.0,ptv,nanica
2026-07-28,origem,JEQUITINHONHA,15.0,cfo,prata
2026-07-28,origem,LASSANCE,3.81,cfo,nanica
2026-07-28,origem,LASSANCE,27.0,cfo,prata
2026-07-28,origem,MANGA,20.16,cfo,nanica
2026-07-28,origem,MARILAC,14.4,cfo,prata
2026-07-28,origem,MATIAS CARDOSO,25.0,cfo,nanica
2026-07-28,origem,MATIAS CARDOSO,39.96,cfo,prata
2026-07-28,origem,MONTES CLAROS,18.0,cfo,prata
2026-07-28,origem,MONTES CLAROS,2.7,cfoc,nanica
2026-07-28,origem,MONTES CLAROS,8.1,cfoc,prata
2026-07-28,origem,NOVA PORTEIRINHA,6.0,cfo,nanica
2026-07-28,origem,NOVA PORTEIRINHA,141.77,cfo,prata
2026-07-28,origem,PEDRALVA,15.0,cfo,nanica
2026-07-28,origem,PEDRALVA,5.0,cfo,prata
2026-07-28,origem,PEDRALVA,30.0,cfoc,nanica
2026-07-28,origem,PEDRALVA,5.0,cfoc,prata
2026-07-28,origem,PIAU,28.0,cfo,nanica
2026-07-28,origem,PIAU,6.0,cfo,outras
2026-07-28,origem,PIAU,22.0,cfoc,nanica
2026-07-28,origem,PIRANGUÇU,3.0,cfoc,nanica
2026-07-28,origem,PIRANGUÇU,2.5,cfoc,prata
2026-07-28,origem,PIRAPORA,61.18,cfo,prata
2026-07-28,origem,PIRAPORA,12.0,cfoc,prata
2026-07-28,origem,POÇO FUNDO,3.0,cfo,prata
2026-07-28,origem,PRATA,25.0,cfo,nanica
2026-07-28,origem,SILVIANÓPOLIS,1.7,cfoc,prata
2026-07-28,origem,SIMONÉSIA,2.0,cfo,outras
2026-07-28,origem,SIMONÉSIA,2.0,cfo,prata
2026-07-28,origem,SÃO FRANCISCO,12.0,cfo,prata
2026-07-28,origem,SÃO FRANCISCO,0.9,cfoc,nanica
2026-07-28,origem,SÃO FRANCISCO,1.05,cfoc,prata
2026-07-28,origem,UBERLÂNDIA,0.36,cfoc,outras
2026-07-28,origem,VERDELÂNDIA,13.5,cfo,nanica
2026-07-28,origem,VERDELÂNDIA,7.5,cfo,prata
2026-07-28,origem,VÁRZEA DA PALMA,22.8,cfo,prata
2026-07-29,destino,ARAÇATUBA,24.0,cfo,nanica
2026-07-29,destino,ARCOS,13.5,cfo,prata
2026-07-29,destino,ARCOS,13.5,cfoc,prata
2026-07-29,destino,BRASÍLIA,1.8,cfo,nanica
2026-07-29,destino,BRASÍLIA,24.35,cfo,prata
2026-07-29,destino,BRAZÓPOLIS,114.0,cfo,prata
2026-07-29,destino,CACHOEIRA PAULISTA,0.8,cfo,nanica
2026-07-29,destino,CACHOEIRA PAULISTA,0.8,cfo,prata
2026-07-29,destino,CAMBUÍ,2.5,cfo,prata
2026-07-29,destino,CAMPINAS,55.69,cfo,nanica
2026-07-29,destino,CAMPINAS,2.88,cfo,outras
2026-07-29,destino,CAMPINAS,54.27,cfo,prata
2026-07-29,destino,CAMPINAS,13.26,cfoc,nanica
2026-07-29,destino,CAMPO GRANDE,20.16,cfo,nanica
2026-07-29,destino,CASSILÂNDIA,54.0,cfoc,prata
2026-07-29,destino,CATALÃO,0.08,cfoc,outras
2026-07-29,destino,CHAPADÃO DO SUL,0.04,cfoc,nanica
2026-07-29,destino,CHAPADÃO DO SUL,0.02,cfoc,outras
2026-07-29,destino,CHAPADÃO DO SUL,90.19,cfoc,prata
2026-07-29,destino,CONTAGEM,64.2,cfo,nanica
2026-07-29,destino,CONTAGEM,114.92,cfo,prata
2026-07-29,destino,CONTAGEM,20.0,cfoc,nanica
2026-07-29,destino,COSMÓPOLIS,10.0,cfo,nanica
2026-07-29,destino,COSMÓPOLIS,5.55,cfo,prata
2026-07-29,destino,COSTA RICA,76.0,cfoc,nanica
2026-07-29,destino,COSTA RICA,57.0,cfoc,outras
2026-07-29,destino,CURVELO,40.0,cfo,nanica
2026-07-29,destino,CURVELO,20.0,cfo,prata
2026-07-29,destino,DOURADOS,13.0,cfo,nanica
2026-07-29,destino,DUQUE DE CAXIAS,10.0,cfo,nanica
2026-07-29,destino,EXTREMA,12.0,cfoc,nanica
2026-07-29,destino,EXTREMA,10.86,cfoc,prata
2026-07-29,destino,FELIXLÂNDIA,1.45,cfoc,nanica
2026-07-29,destino,FELIXLÂNDIA,2.5,cfoc,prata
2026-07-29,destino,GOIÂNIA,1.5,cfo,outras
2026-07-29,destino,INOCÊNCIA,0.92,cfoc,nanica
2026-07-29,destino,INOCÊNCIA,54.06,cfoc,outras
2026-07-29,destino,INOCÊNCIA,126.09,cfoc,prata
2026-07-29,destino,IPAMERI,48.0,cfoc,nanica
2026-07-29,destino,IPAMERI,86.06,cfoc,outras
2026-07-29,destino,IPAMERI,32.0,cfoc,prata
2026-07-29,destino,ITUMBIARA,95.01,cfoc,nanica
2026-07-29,destino,ITUMBIARA,89.05,cfoc,outras
2026-07-29,destino,ITUMBIARA,0.81,cfoc,prata
2026-07-29,destino,JANAÚBA,25.0,cfo,prata
2026-07-29,destino,JAÚ,21.0,cfo,nanica
2026-07-29,destino,JUIZ DE FORA,6.0,cfoc,prata
2026-07-29,destino,JUNDIAÍ,16.0,cfo,nanica
2026-07-29,destino,JUNDIAÍ,35.1,cfo,prata
2026-07-29,destino,LORENA,0.8,cfo,nanica
2026-07-29,destino,LORENA,0.8,cfo,prata
2026-07-29,destino,MARINGÁ,22.6,cfo,nanica
2026-07-29,destino,MIRACATU,12.0,cfo,nanica
2026-07-29,destino,MIRACATU,12.6,cfo,prata
2026-07-29,destino,MONTES CLAROS,7.05,cfo,nanica
2026-07-29,destino,MONTES CLAROS,30.9,cfo,prata
2026-07-29,destino,NITERÓI,34.0,cfo,prata
2026-07-29,destino,NOVA UNIÃO,1.5,cfo,prata
2026-07-29,destino,NOVA UNIÃO,5.4,cfoc,prata
2026-07-29,destino,OSASCO,19.14,cfo,nanica
2026-07-29,destino,PARAIBUNA,15.8,cfo,nanica
2026-07-29,destino,PARANAÍBA,0.02,cfoc,outras
2026-07-29,destino,PARANAÍBA,18.0,cfoc,prata
2026-07-29,destino,PARAÍSO DAS ÁGUAS,0.19,cfoc,nanica
2026-07-29,destino,PARAÍSO DAS ÁGUAS,57.0,cfoc,outras
2026-07-29,destino,PARAÍSO DAS ÁGUAS,36.0,cfoc,prata
2026-07-29,destino,PATOS DE MINAS,4.0,cfo,outras
2026-07-29,destino,PIAU,25.0,cfoc,nanica
2026-07-29,destino,PIRANGUÇU,10.8,cfo,nanica
2026-07-29,destino,PIRANGUÇU,5.2,cfo,prata
2026-07-29,destino,POÁ,2.4,cfo,prata
2026-07-29,destino,QUIRINÓPOLIS,57.0,cfoc,nanica
2026-07-29,destino,QUIRINÓPOLIS,0.1,cfoc,outras
2026-07-29,destino,QUIRINÓPOLIS,0.45,cfoc,prata
2026-07-29,destino,RIBEIRÃO DAS NEVES,49.9,cfo,prata
2026-07-29,destino,RIBEIRÃO PRETO,4.0,cfo,prata
2026-07-29,destino,RIO DE JANEIRO,26.0,cfo,nanica
2026-07-29,destino,RIO DE JANEIRO,153.6,cfo,prata
2026-07-29,destino,RIO DE JANEIRO,15.0,ptv,prata
2026-07-29,destino,RIO VERDE,27.02,cfoc,outras
2026-07-29,destino,RIO VERDE,0.27,cfoc,prata
2026-07-29,destino,SEROPÉDICA,10.0,cfo,prata
2026-07-29,destino,SÃO BERNARDO DO CAMPO,23.5,cfo,prata
2026-07-29,destino,SÃO CAETANO DO SUL,8.1,cfo,nanica
2026-07-29,destino,SÃO CAETANO DO SUL,4.05,cfo,prata
2026-07-29,destino,SÃO FRANCISCO,9.0,cfo,nanica
2026-07-29,destino,SÃO FRANCISCO,2.0,cfoc,prata
2026-07-29,destino,SÃO MATEUS,0.15,cfoc,prata
2026-07-29,destino,SÃO PAULO,40.53,cfo,nanica
2026-07-29,destino,SÃO PAULO,60.2,cfo,prata
2026-07-29,destino,SÃO PAULO,7.05,cfoc,nanica
2026-07-29,destino,SÃO PAULO,7.4,cfoc,prata
2026-07-29,destino,TABOÃO DA SERRA,13.5,cfo,nanica
2026-07-29,destino,TABOÃO DA SERRA,1.5,cfo,outras
2026-07-29,destino,TABOÃO DA SERRA,4.8,cfo,prata
2026-07-29,destino,TRÊS CORAÇÕES,2.9,cfoc,prata
2026-07-29,destino,TRÊS RIOS,1.2,cfo,nanica
2026-07-29,destino,UBERLÂNDIA,6.0,cfo,nanica
2026-07-29,destino,UBERLÂNDIA,15.12,cfo,prata
2026-07-29,destino,UBERLÂNDIA,7.8,cfoc,nanica
2026-07-29,destino,UBERLÂNDIA,21.9,cfoc,prata
2026-07-29,destino,UNAÍ,3.5,cfo,prata
2026-07-29,destino,VÁRZEA PAULISTA,32.1,cfo,nanica
2026-07-29,origem,ANDRADAS,1.4,cfo,prata
2026-07-29,origem,ARAÇUAÍ,49.8,cfo,prata
2026-07-29,origem,ARCOS,13.5,cfoc,prata
2026-07-29,origem,BOM JESUS DO AMPARO,15.0,cfo,nanica
2026-07-29,origem,BRAZÓPOLIS,17.4,cfo,nanica
2026-07-29,origem,BRAZÓPOLIS,91.6,cfo,prata
2026-07-29,origem,CANÁPOLIS,1.5,cfo,outras
2026-07-29,origem,CAPITÃO ENÉAS,2.1,cfo,nanica
2026-07-29,origem,CAPITÃO ENÉAS,17.4,cfo,prata
2026-07-29,origem,CARMO DE MINAS,15.0,cfo,prata
2026-07-29,origem,CONTAGEM,20.0,cfoc,nanica
2026-07-29,origem,CURVELO,40.0,cfo,nanica
2026-07-29,origem,CURVELO,20.0,cfo,prata
2026-07-29,origem,CURVELO,1.45,cfoc,nanica
2026-07-29,origem,CURVELO,2.5,cfoc,prata
2026-07-29,origem,CÁSSIA,23.6,cfo,prata
2026-07-29,origem,DELFINÓPOLIS,10.0,cfo,nanica
2026-07-29,origem,DELFINÓPOLIS,136.46,cfo,prata
2026-07-29,origem,ESPINOSA,20.0,cfo,prata
2026-07-29,origem,GONÇALVES,9.0,cfo,prata
2026-07-29,origem,IPATINGA,0.15,cfoc,prata
2026-07-29,origem,ITACARAMBI,24.0,cfo,nanica
2026-07-29,origem,ITAJUBÁ,12.0,cfoc,nanica
2026-07-29,origem,ITAJUBÁ,10.86,cfoc,prata
2026-07-29,origem,ITINGA,12.0,cfo,prata
2026-07-29,origem,JANAÚBA,4.95,cfo,nanica
2026-07-29,origem,JANAÚBA,27.3,cfo,prata
2026-07-29,origem,JANAÚBA,15.0,ptv,prata
2026-07-29,origem,JAÍBA,326.17,cfo,nanica
2026-07-29,origem,JAÍBA,4.38,cfo,outras
2026-07-29,origem,JAÍBA,87.34,cfo,prata
2026-07-29,origem,JAÍBA,13.26,cfoc,nanica
2026-07-29,origem,JEQUITINHONHA,18.0,cfo,prata
2026-07-29,origem,LAGOA FORMOSA,4.0,cfo,outras
2026-07-29,origem,LASSANCE,38.8,cfo,prata
2026-07-29,origem,MARILAC,15.0,cfo,prata
2026-07-29,origem,MATIAS CARDOSO,16.0,cfo,nanica
2026-07-29,origem,MATIAS CARDOSO,15.05,cfo,prata
2026-07-29,origem,MONTES CLAROS,18.0,cfo,prata
2026-07-29,origem,MONTES CLAROS,7.05,cfoc,nanica
2026-07-29,origem,MONTES CLAROS,7.4,cfoc,prata
2026-07-29,origem,NOVA PORTEIRINHA,61.14,cfo,prata
2026-07-29,origem,PIAU,25.0,cfoc,nanica
2026-07-29,origem,PIRANGUÇU,10.8,cfo,nanica
2026-07-29,origem,PIRANGUÇU,5.2,cfo,prata
2026-07-29,origem,PIRAPORA,17.1,cfo,nanica
2026-07-29,origem,PIRAPORA,18.85,cfo,prata
2026-07-29,origem,PIRAPORA,13.4,cfoc,prata
2026-07-29,origem,PORTEIRINHA,11.52,cfo,prata
2026-07-29,origem,SABARÁ,10.0,cfo,prata
2026-07-29,origem,SANTO HIPÓLITO,20.5,cfo,prata
2026-07-29,origem,SILVIANÓPOLIS,2.5,cfo,prata
2026-07-29,origem,SÃO FRANCISCO,12.0,cfo,prata
2026-07-29,origem,SÃO JOÃO DA PONTE,10.0,cfo,prata
2026-07-29,origem,TRÊS CORAÇÕES,2.9,cfoc,prata
2026-07-29,origem,UBERLÂNDIA,284.96,cfoc,nanica
2026-07-29,origem,UBERLÂNDIA,370.41,cfoc,outras
2026-07-29,origem,UBERLÂNDIA,379.71,cfoc,prata
2026-07-29,origem,UNAÍ,3.5,cfo,prata
2026-07-29,origem,VERDELÂNDIA,15.95,cfo,nanica
2026-07-29,origem,VERDELÂNDIA,48.9,cfo,prata
2026-07-29,origem,VÁRZEA DA PALMA,1.8,cfo,nanica
2026-07-29,origem,VÁRZEA DA PALMA,6.2,cfo,prata
